Italië,Engeland
Engeland,Denemarken
Italië,Spanje
Oekraïne,Engeland
Tsjechië,Denemarken
België,Italië
Zwitserland,Spanje
Zweden,Oekraïne
Engeland,Duitsland
Frankrijk,Zwitserland
Kroatië,Spanje
België,Portugal
Nederland,Tsjechië
Italië,Oostenrijk
Wales,Denemarken
Duitsland,Hongarije
Portugal,Frankrijk
Slowakije,Spanje
Zweden,Polen
Kroatië,Schotland
Tsjechië,Engeland
Finland,België
Rusland,Denemarken
Noord-Macedonië,Nederland
Oekraïne,Oostenrijk
Italië,Wales
Zwitserland,Turkije
Spanje,Polen
Portugal,Duitsland
Hongarije,Frankrijk
Engeland,Schotland
Kroatië,Tsjechië
Zweden,Slowakije
Nederland,Oostenrijk
Denemarken,België
Oekraïne,Noord-Macedonië
Italië,Zwitserland
Turkije,Wales
Finland,Rusland
Frankrijk,Duitsland
Hongarije,Portugal
Spanje,Zweden
Polen,Slowakije
Schotland,Tsjechië
Nederland,Oekraïne
Oostenrijk,Noord-Macedonië
Engeland,Kroatië
België,Rusland
Denemarken,Finland
Wales,Zwitserland
Turkije,Italië
Hongarije,IJsland
Noord-Ierland,Slowakije
Servië,Schotland
Georgië,Noord-Macedonië
Bosnië en Herzegovina,Noord-Ierland
Bulgarije,Hongarije
IJsland,Roemenië
Noord-Macedonië,Kosovo
Noorwegen,Servië
Schotland,Israël
Slowakije,Ierland
Georgië,Belarus
België,Cyprus
Duitsland,Noord-Ierland
Letland,Oostenrijk
Nederland,Estland
Noord-Macedonië,Israël
Polen,Slovenië
San Marino,Rusland
Schotland,Kazachstan
Slowakije,Azerbeidzjan
Wales,Hongarije
Gibraltar,Zwitserland
Griekenland,Finland
Ierland,Denemarken
Italië,Armenië
Liechtenstein,Bosnië en Herzegovina
Malta,Noorwegen
Spanje,Roemenië
Zweden,Faeröer Eilanden
Albanië,Frankrijk
Andorra,Turkije
Moldavië,IJsland
Bulgarije,Tsjechië
Kosovo,Engeland
Luxemburg,Portugal
Servië,Oekraïne
Duitsland,Belarus
Israël,Polen
Kroatië,Slowakije
Noord-Ierland,Nederland
Oostenrijk,Noord-Macedonië
Azerbeidzjan,Wales
Rusland,België
San Marino,Kazachstan
Slovenië,Letland
Cyprus,Schotland
Bosnië en Herzegovina,Italië
Denemarken,Gibraltar
Roemenië,Zweden
Spanje,Malta
Zwitserland,Georgië
Armenië,Griekenland
Finland,Liechtenstein
Noorwegen,Faeröer Eilanden
Albanië,Andorra
Engeland,Montenegro
Frankrijk,Moldavië
Portugal,Litouwen
Servië,Luxemburg
Tsjechië,Kosovo
Turkije,IJsland
Italië,Engeland
Engeland,Denemarken
Italië,Spanje
Oekraïne,Engeland
Tsjechië,Denemarken
België,Italië
Zwitserland,Spanje
Zweden,Oekraïne
Engeland,Duitsland
Frankrijk,Zwitserland
Kroatië,Spanje
België,Portugal
Nederland,Tsjechië
Italië,Oostenrijk
Wales,Denemarken
Duitsland,Hongarije
Portugal,Frankrijk
Slowakije,Spanje
Zweden,Polen
Kroatië,Schotland
Tsjechië,Engeland
Finland,België
Rusland,Denemarken
Noord-Macedonië,Nederland
Oekraïne,Oostenrijk
Italië,Wales
Zwitserland,Turkije
Spanje,Polen
Portugal,Duitsland
Hongarije,Frankrijk
Engeland,Schotland
Kroatië,Tsjechië
Zweden,Slowakije
Nederland,Oostenrijk
Denemarken,België
Oekraïne,Noord-Macedonië
Italië,Zwitserland
Turkije,Wales
Finland,Rusland
Frankrijk,Duitsland
Hongarije,Portugal
Spanje,Zweden
Polen,Slowakije
Schotland,Tsjechië
Nederland,Oekraïne
Oostenrijk,Noord-Macedonië
Engeland,Kroatië
België,Rusland
Denemarken,Finland
Wales,Zwitserland
Turkije,Italië
Hongarije,IJsland
Noord-Ierland,Slowakije
Servië,Schotland
Georgië,Noord-Macedonië
Bosnië en Herzegovina,Noord-Ierland
Bulgarije,Hongarije
IJsland,Roemenië
Noord-Macedonië,Kosovo
Noorwegen,Servië
Schotland,Israël
Slowakije,Ierland
Georgië,Belarus
België,Cyprus
Duitsland,Noord-Ierland
Letland,Oostenrijk
Nederland,Estland
Noord-Macedonië,Israël
Polen,Slovenië
San Marino,Rusland
Schotland,Kazachstan
Slowakije,Azerbeidzjan
Wales,Hongarije
Gibraltar,Zwitserland
Griekenland,Finland
Ierland,Denemarken
Italië,Armenië
Liechtenstein,Bosnië en Herzegovina
Malta,Noorwegen
Spanje,Roemenië
Zweden,Faeröer Eilanden
Albanië,Frankrijk
Andorra,Turkije
Moldavië,IJsland
Bulgarije,Tsjechië
Kosovo,Engeland
Luxemburg,Portugal
Servië,Oekraïne
Duitsland,Belarus
Israël,Polen
Kroatië,Slowakije
Noord-Ierland,Nederland
Oostenrijk,Noord-Macedonië
Azerbeidzjan,Wales
Rusland,België
San Marino,Kazachstan
Slovenië,Letland
Cyprus,Schotland
Bosnië en Herzegovina,Italië
Denemarken,Gibraltar
Roemenië,Zweden
Spanje,Malta
Zwitserland,Georgië
Armenië,Griekenland
Finland,Liechtenstein
Noorwegen,Faeröer Eilanden
Albanië,Andorra
Engeland,Montenegro
Frankrijk,Moldavië
Portugal,Litouwen
Servië,Luxemburg
Tsjechië,Kosovo
Turkije,IJsland
