Vrijdag 14 juni 2024,EK,groepfase,Duitsland,Schotland,5,1
Zaterdag 15 juni 2024,EK,groepfase,Hongarije,Zwitserland,1,3
Zaterdag 15 juni 2024,EK,groepfase,Spanje,Kroatië,3,0
Zaterdag 15 juni 2024,EK,groepfase,Italië,Albanië,2,1
Zondag 16 juni 2024,EK,groepfase,Polen,Nederland,1,2
Zondag 16 juni 2024,EK,groepfase,Slovenië,Denemarken,1,1
Zondag 16 juni 2024,EK,groepfase,Servië,Engeland,0,1
Maandag 17 juni 2024,EK,groepfase,Roemenië,Oekraïne,3,0
Maandag 17 juni 2024,EK,groepfase,België,Slowakije,0,1
Maandag 17 juni 2024,EK,groepfase,Oostenrijk,Frankrijk,0,1
Dinsdag 18 juni 2024,EK,groepfase,Turkije,Georgië,3,1
Dinsdag 18 juni 2024,EK,groepfase,Portugal,Tsjechië,2,1
Vrijdag 11 juni 2021,EK,groepfase,Turkije,Italië,0,3
Zaterdag 12 juni 2021,EK,groepfase,Wales,Zwitserland,1,1
Zaterdag 12 juni 2021,EK,groepfase,Denemarken,Finland,0,1
Zaterdag 12 juni 2021,EK,groepfase,België,Rusland,3,0
Zondag 13 juni 2021,EK,groepfase,Engeland,Kroatië,1,0
Zondag 13 juni 2021,EK,groepfase,Oostenrijk,N Macedonië,3,1
Zondag 13 juni 2021,EK,groepfase,Nederland,Oekraïne,3,2
Maandag 14 juni 2021,EK,groepfase,Schotland,Tsjechië,0,2
Maandag 14 juni 2021,EK,groepfase,Polen,Slowakije,1,2
Maandag 14 juni 2021,EK,groepfase,Spanje,Zweden,0,0
Dinsdag 15 juni 2021,EK,groepfase,Hongarije,Portugal,0,3
Dinsdag 15 juni 2021,EK,groepfase,Frankrijk,Duitsland,1,0
Woensdag 16 juni 2021,EK,groepfase,Finland,Rusland,0,1
Woensdag 16 juni 2021,EK,groepfase,Turkije,Wales,0,2
Woensdag 16 juni 2021,EK,groepfase,Italië,Zwitserland,3,0
Donderdag 17 juni 2021,EK,groepfase,Oekraïne,N Macedonië,2,1
Donderdag 17 juni 2021,EK,groepfase,Denemarken,België,1,2
Donderdag 17 juni 2021,EK,groepfase,Nederland,Oostenrijk,2,0
Vrijdag 18 juni 2021,EK,groepfase,Zweden,Slowakije,1,0
Vrijdag 18 juni 2021,EK,groepfase,Kroatië,Tsjechië,1,1
Vrijdag 18 juni 2021,EK,groepfase,Engeland,Schotland,0,0
Zaterdag 19 juni 2021,EK,groepfase,Hongarije,Frankrijk,1,1
Zaterdag 19 juni 2021,EK,groepfase,Portugal,Duitsland,2,4
Zaterdag 19 juni 2021,EK,groepfase,Spanje,Polen,1,1
Zondag 20 juni 2021,EK,groepfase,Zwitserland,Turkije,3,1
Zondag 20 juni 2021,EK,groepfase,Italië,Wales,1,0
Maandag 21 juni 2021,EK,groepfase,Oekraïne,Oostenrijk,0,1
Maandag 21 juni 2021,EK,groepfase,N Macedonië,Nederland,0,3
Maandag 21 juni 2021,EK,groepfase,Rusland,Denemarken,1,4
Maandag 21 juni 2021,EK,groepfase,Finland,België,0,2
Dinsdag 22 juni 2021,EK,groepfase,Tsjechië,Engeland,0,1
Dinsdag 22 juni 2021,EK,groepfase,Kroatië,Schotland,3,1
Woensdag 23 juni 2021,EK,groepfase,Zweden,Polen,3,2
Woensdag 23 juni 2021,EK,groepfase,Slowakije,Spanje,0,5
Woensdag 23 juni 2021,EK,groepfase,Portugal,Frankrijk,2,2
Woensdag 23 juni 2021,EK,groepfase,Duitsland,Hongarije,2,2
Zaterdag 26 juni 2021,EK,groepfase,Wales,Denemarken,0,4
Zaterdag 26 juni 2021,EK,groepfase,Italië,Oostenrijk,2,1
Zondag 27 juni 2021,EK,groepfase,Nederland,Tsjechië,0,2
Zondag 27 juni 2021,EK,groepfase,België,Portugal,1,0
Maandag 28 juni 2021,EK,groepfase,Kroatië,Spanje,3,5
Maandag 28 juni 2021,EK,groepfase,Frankrijk,Zwitserland,3,3
Dinsdag 29 juni 2021,EK,groepfase,Engeland,Duitsland,2,0
Dinsdag 29 juni 2021,EK,groepfase,Zweden,Oekraïne,1,2
Vrijdag 2 juli 2021,EK,groepfase,Zwitserland,Spanje,1,1
Vrijdag 2 juli 2021,EK,groepfase,België,Italië,1,2
Zaterdag 3 juli 2021,EK,groepfase,Tsjechië,Denemarken,1,2
Zaterdag 3 juli 2021,EK,groepfase,Oekraïne,Engeland,0,4
Dinsdag 6 juli 2021,EK,groepfase,Italië,Spanje,1,1
Woensdag 7 juli 2021,EK,groepfase,Engeland,Denemarken,2,1
Zondag 11 juli 2021,EK,groepfase,Italië,Engeland,1,1
Vrijdag 10 juni 2016,EK,groepfase,Frankrijk,Roemenië,2,1
Zaterdag 11 juni 2016,EK,groepfase,Albanië,Zwitserland,0,1
Zaterdag 11 juni 2016,EK,groepfase,Wales,Slowakije,2,1
Zaterdag 11 juni 2016,EK,groepfase,Engeland,Rusland,1,1
Zondag 12 juni 2016,EK,groepfase,Turkije,Kroatië,0,1
Zondag 12 juni 2016,EK,groepfase,Polen,Noord-Ierland,1,0
Zondag 12 juni 2016,EK,groepfase,Duitsland,Oekraïne,2,0
Maandag 13 juni 2016,EK,groepfase,Spanje,Tsjechië,1,0
Dinsdag 14 juni 2016,EK,groepfase,Oostenrijk,Hongarije,0,2
Dinsdag 14 juni 2016,EK,groepfase,Portugal,IJsland,1,1
Woensdag 15 juni 2016,EK,groepfase,Rusland,Slowakije,1,2
Woensdag 15 juni 2016,EK,groepfase,Roemenië,Zwitserland,1,1
Woensdag 15 juni 2016,EK,groepfase,Frankrijk,Albanië,2,0
Donderdag 16 juni 2016,EK,groepfase,Engeland,Wales,2,1
Donderdag 16 juni 2016,EK,groepfase,Oekraïne,Noord-Ierland,0,2
Donderdag 16 juni 2016,EK,groepfase,Duitsland,Polen,0,0
Vrijdag 17 juni 2016,EK,groepfase,Tsjechië,Kroatië,2,2
Vrijdag 17 juni 2016,EK,groepfase,Spanje,Turkije,3,0
Zaterdag 18 juni 2016,EK,groepfase,IJsland,Hongarije,1,1
Zaterdag 18 juni 2016,EK,groepfase,Portugal,Oostenrijk,0,0
Zondag 19 juni 2016,EK,groepfase,Zwitserland,Frankrijk,0,0
Zondag 19 juni 2016,EK,groepfase,Roemenië,Albanië,0,1
Maandag 20 juni 2016,EK,groepfase,Slowakije,Engeland,0,0
Maandag 20 juni 2016,EK,groepfase,Rusland,Wales,0,3
Dinsdag 21 juni 2016,EK,groepfase,Oekraïne,Polen,0,1
Dinsdag 21 juni 2016,EK,groepfase,Noord-Ierland,Duitsland,0,1
Dinsdag 21 juni 2016,EK,groepfase,Kroatië,Spanje,2,1
Dinsdag 21 juni 2016,EK,groepfase,Tsjechië,Turkije,0,2
Woensdag 22 juni 2016,EK,groepfase,Hongarije,Portugal,3,3
Woensdag 22 juni 2016,EK,groepfase,IJsland,Oostenrijk,2,1
Zaterdag 25 juni 2016,EK,groepfase,Zwitserland,Polen,1,1
Zaterdag 25 juni 2016,EK,groepfase,Wales,Noord-Ierland,1,0
Zaterdag 25 juni 2016,EK,groepfase,Kroatië,Portugal,0,1
Zondag 26 juni 2016,EK,groepfase,Frankrijk,Ierland,2,1
Zondag 26 juni 2016,EK,groepfase,Duitsland,Slowakije,3,0
Zondag 26 juni 2016,EK,groepfase,Hongarije,België,0,4
Maandag 27 juni 2016,EK,groepfase,Italië,Spanje,2,0
Maandag 27 juni 2016,EK,groepfase,Engeland,IJsland,1,2
Donderdag 30 juni 2016,EK,groepfase,Polen,Portugal,1,1
Vrijdag 1 juli 2016,EK,groepfase,Wales,België,3,1
Zaterdag 2 juli 2016,EK,groepfase,Duitsland,Italië,1,1
Zondag 3 juli 2016,EK,groepfase,Frankrijk,IJsland,5,2
Woensdag 6 juli 2016,EK,groepfase,Portugal,Wales,2,0
Donderdag 7 juli 2016,EK,groepfase,Duitsland,Frankrijk,0,2
Zondag 10 juli 2016,EK,groepfase,Portugal,Frankrijk,1,0
Vrijdag 8 juni 2012,EK,groepfase,Polen,Griekenland,1,1
Vrijdag 8 juni 2012,EK,groepfase,Rusland,Tsjechië,4,1
Zaterdag 9 juni 2012,EK,groepfase,Nederland,Denemarken,0,1
Zaterdag 9 juni 2012,EK,groepfase,Duitsland,Portugal,1,0
Zondag 10 juni 2012,EK,groepfase,Spanje,Italië,1,1
Zondag 10 juni 2012,EK,groepfase,Ierland,Kroatië,1,3
Maandag 11 juni 2012,EK,groepfase,Frankrijk,Engeland,1,1
Maandag 11 juni 2012,EK,groepfase,Oekraïne,Zweden,2,1
Dinsdag 12 juni 2012,EK,groepfase,Griekenland,Tsjechië,1,2
Dinsdag 12 juni 2012,EK,groepfase,Polen,Rusland,1,1
Woensdag 13 juni 2012,EK,groepfase,Denemarken,Portugal,2,3
Woensdag 13 juni 2012,EK,groepfase,Nederland,Duitsland,1,2
Donderdag 14 juni 2012,EK,groepfase,Italië,Kroatië,1,1
Donderdag 14 juni 2012,EK,groepfase,Spanje,Ierland,4,0
Vrijdag 15 juni 2012,EK,groepfase,Oekraïne,Frankrijk,0,2
Vrijdag 15 juni 2012,EK,groepfase,Zweden,Engeland,2,3
Zaterdag 16 juni 2012,EK,groepfase,Griekenland,Rusland,1,0
Zaterdag 16 juni 2012,EK,groepfase,Tsjechië,Polen,1,0
Zondag 17 juni 2012,EK,groepfase,Portugal,Nederland,2,1
Zondag 17 juni 2012,EK,groepfase,Denemarken,Duitsland,1,2
Maandag 18 juni 2012,EK,groepfase,Kroatië,Spanje,0,1
Maandag 18 juni 2012,EK,groepfase,Italië,Ierland,2,0
Dinsdag 19 juni 2012,EK,groepfase,Zweden,Frankrijk,2,0
Dinsdag 19 juni 2012,EK,groepfase,Engeland,Oekraïne,1,0
Donderdag 21 juni 2012,EK,groepfase,Tsjechië,Portugal,0,1
Vrijdag 22 juni 2012,EK,groepfase,Duitsland,Griekenland,4,2
Zaterdag 23 juni 2012,EK,groepfase,Spanje,Frankrijk,2,0
Zondag 24 juni 2012,EK,groepfase,Engeland,Italië,0,0
Woensdag 27 juni 2012,EK,groepfase,Portugal,Spanje,0,0
Donderdag 28 juni 2012,EK,groepfase,Duitsland,Italië,1,2
Zondag 1 juli 2012,EK,groepfase,Spanje,Italië,4,0
Zaterdag 18 november 2006,EK,groepfase,Wales,Faeröer Eil.,2,1
Zaterdag 18 november 2006,EK,groepfase,Slowakije,Luxemburg,4,0
Zaterdag 18 november 2006,EK,groepfase,Malta,Lithuania,0,0
Zondag 19 november 2006,EK,groepfase,Kroatië,Georgië,6,0
Zondag 19 november 2006,EK,groepfase,Noord-Ierland,Turkije,0,1
Zondag 19 november 2006,EK,groepfase,Israël,Letland,3,0
Zondag 19 november 2006,EK,groepfase,Bosnië-Herzeg.,Armenië,1,1
Zondag 19 november 2006,EK,groepfase,Roemenië,Azerbeidzjan,4,1
Zondag 19 november 2006,EK,groepfase,Estland,Bulgarije,0,5
Zondag 19 november 2006,EK,groepfase,Kazachstan,N Macedonië,1,0
Dinsdag 21 november 2006,EK,groepfase,Kroatië,Turkije,2,1
Dinsdag 21 november 2006,EK,groepfase,Georgië,Noord-Ierland,0,4
Dinsdag 21 november 2006,EK,groepfase,Israël,Armenië,1,0
Dinsdag 21 november 2006,EK,groepfase,Letland,Bosnië-Herzeg.,1,4
Dinsdag 21 november 2006,EK,groepfase,Slowakije,Lithuania,3,0
Dinsdag 21 november 2006,EK,groepfase,Luxemburg,Malta,4,2
Dinsdag 21 november 2006,EK,groepfase,Roemenië,Bulgarije,1,0
Dinsdag 21 november 2006,EK,groepfase,Azerbeidzjan,Estland,3,2
Dinsdag 21 november 2006,EK,groepfase,Wales,N Macedonië,6,0
Dinsdag 21 november 2006,EK,groepfase,Faeröer Eil.,Kazachstan,0,1
Vrijdag 24 november 2006,EK,groepfase,Noord-Ierland,Kroatië,5,1
Vrijdag 24 november 2006,EK,groepfase,Turkije,Georgië,9,0
Vrijdag 24 november 2006,EK,groepfase,Bosnië-Herzeg.,Israël,2,5
Vrijdag 24 november 2006,EK,groepfase,Armenië,Letland,1,0
Vrijdag 24 november 2006,EK,groepfase,Malta,Slowakije,0,8
Vrijdag 24 november 2006,EK,groepfase,Lithuania,Luxemburg,1,1
Vrijdag 24 november 2006,EK,groepfase,Estland,Roemenië,0,5
Vrijdag 24 november 2006,EK,groepfase,Bulgarije,Azerbeidzjan,3,0
Vrijdag 24 november 2006,EK,groepfase,Kazachstan,Wales,1,2
Vrijdag 24 november 2006,EK,groepfase,N Macedonië,Faeröer Eil.,0,7
Maandag 2 april 2007,EK,groepfase,Ierland,Hongarije,2,1
Woensdag 11 april 2007,EK,groepfase,Frankrijk,Griekenland,6,0
Donderdag 12 april 2007,EK,groepfase,Duitsland,Nederland,5,1
Zondag 15 april 2007,EK,groepfase,Slowakije,Portugal,2,1
Zaterdag 5 mei 2007,EK,groepfase,Italië,Zweden,0,2
Zaterdag 5 mei 2007,EK,groepfase,Slovenië,Servië,2,1
Zaterdag 5 mei 2007,EK,groepfase,Oostenrijk,Polen,0,1
Zaterdag 5 mei 2007,EK,groepfase,Hongarije,Roemenië,3,3
Zaterdag 5 mei 2007,EK,groepfase,Zwitserland,België,1,0
Zondag 6 mei 2007,EK,groepfase,Schotland,Portugal,0,0
Woensdag 9 mei 2007,EK,groepfase,Slowakije,Oekraïne,0,4
Woensdag 9 mei 2007,EK,groepfase,Zwitserland,Nederland,2,2
Donderdag 10 mei 2007,EK,groepfase,Israël,Polen,2,2
Donderdag 10 mei 2007,EK,groepfase,Wales,Duitsland,0,6
Zondag 13 mei 2007,EK,groepfase,Engeland,Noord-Ierland,4,0
Zaterdag 26 mei 2007,EK,groepfase,Noord-Ierland,Tsjechië,1,3
Woensdag 30 mei 2007,EK,groepfase,Wit-Rusland,Spanje,0,3
Woensdag 30 mei 2007,EK,groepfase,Israël,Rusland,0,6
Woensdag 30 mei 2007,EK,groepfase,Oekraïne,Schotland,2,1
Woensdag 30 mei 2007,EK,groepfase,Frankrijk,Slovenië,6,0
Woensdag 30 mei 2007,EK,groepfase,Ierland,Italië,1,2
Donderdag 31 mei 2007,EK,groepfase,Griekenland,IJsland,0,3
Zaterdag 16 juni 2007,EK,groepfase,IJsland,Frankrijk,1,0
Zaterdag 16 juni 2007,EK,groepfase,Roemenië,Zweden,0,7
Zaterdag 16 juni 2007,EK,groepfase,Rusland,Polen,3,1
Zondag 17 juni 2007,EK,groepfase,Israël,Noorwegen,0,3
Woensdag 20 juni 2007,EK,groepfase,Zweden,Hongarije,7,0
Donderdag 21 juni 2007,EK,groepfase,Oekraïne,Slowakije,5,0
Donderdag 21 juni 2007,EK,groepfase,Polen,Israël,4,1
Donderdag 21 juni 2007,EK,groepfase,Noorwegen,Oostenrijk,3,0
Donderdag 21 juni 2007,EK,groepfase,IJsland,Servië,5,0
Woensdag 1 augustus 2007,EK,groepfase,Wit-Rusland,Noord-Ierland,5,0
Woensdag 22 augustus 2007,EK,groepfase,Duitsland,Zwitserland,7,0
Donderdag 23 augustus 2007,EK,groepfase,Oostenrijk,Rusland,1,5
Zaterdag 25 augustus 2007,EK,groepfase,Roemenië,Ierland,0,2
Zaterdag 25 augustus 2007,EK,groepfase,Servië,Griekenland,1,2
Zondag 26 augustus 2007,EK,groepfase,Nederland,Wales,2,1
Zondag 26 augustus 2007,EK,groepfase,Wit-Rusland,Tsjechië,1,4
Zondag 26 augustus 2007,EK,groepfase,Slovenië,IJsland,2,1
Zondag 26 augustus 2007,EK,groepfase,Oostenrijk,Israël,5,0
Zaterdag 27 oktober 2007,EK,groepfase,Servië,Frankrijk,0,8
Zaterdag 27 oktober 2007,EK,groepfase,Hongarije,Italië,1,3
Zaterdag 27 oktober 2007,EK,groepfase,Tsjechië,Spanje,2,2
Zaterdag 27 oktober 2007,EK,groepfase,Engeland,Wit-Rusland,4,0
Zaterdag 27 oktober 2007,EK,groepfase,Denemarken,Portugal,5,1
Zaterdag 27 oktober 2007,EK,groepfase,Slowakije,Schotland,0,3
Zaterdag 27 oktober 2007,EK,groepfase,Noorwegen,Rusland,3,0
Zaterdag 27 oktober 2007,EK,groepfase,Ierland,Roemenië,2,1
Zondag 28 oktober 2007,EK,groepfase,Duitsland,België,3,0
Zondag 28 oktober 2007,EK,groepfase,Wales,Zwitserland,0,2
Woensdag 31 oktober 2007,EK,groepfase,Slovenië,Frankrijk,0,2
Woensdag 31 oktober 2007,EK,groepfase,Italië,Roemenië,5,0
Woensdag 31 oktober 2007,EK,groepfase,België,Wales,1,0
Woensdag 31 oktober 2007,EK,groepfase,Schotland,Denemarken,0,1
Donderdag 1 november 2007,EK,groepfase,Nederland,Duitsland,0,1
Zondag 25 november 2007,EK,groepfase,Engeland,Spanje,1,0
Zaterdag 16 februari 2008,EK,groepfase,Italië,Ierland,4,1
Zaterdag 16 februari 2008,EK,groepfase,Portugal,Slowakije,0,1
Zaterdag 16 februari 2008,EK,groepfase,Spanje,Noord-Ierland,4,0
Zondag 17 februari 2008,EK,groepfase,Wales,België,0,1
Woensdag 20 februari 2008,EK,groepfase,Wales,Nederland,0,1
Donderdag 21 februari 2008,EK,groepfase,Portugal,Oekraïne,0,1
Donderdag 6 maart 2008,EK,groepfase,Noord-Ierland,Engeland,0,2
Donderdag 20 maart 2008,EK,groepfase,Engeland,Tsjechië,0,0
Woensdag 23 april 2008,EK,groepfase,Hongarije,Ierland,0,2
Woensdag 23 april 2008,EK,groepfase,Griekenland,Frankrijk,0,5
Woensdag 23 april 2008,EK,groepfase,Slowakije,Denemarken,1,4
Woensdag 23 april 2008,EK,groepfase,België,Nederland,2,2
Zaterdag 26 april 2008,EK,groepfase,Tsjechië,Noord-Ierland,4,0
Zondag 27 april 2008,EK,groepfase,Denemarken,Schotland,2,1
Zondag 27 april 2008,EK,groepfase,België,Zwitserland,3,1
Zaterdag 3 mei 2008,EK,groepfase,Spanje,Wit-Rusland,6,1
Zaterdag 3 mei 2008,EK,groepfase,Hongarije,Zweden,0,6
Zaterdag 3 mei 2008,EK,groepfase,Noorwegen,Israël,7,0
Zaterdag 3 mei 2008,EK,groepfase,Servië,Slovenië,0,3
Zaterdag 3 mei 2008,EK,groepfase,Portugal,Schotland,1,4
Woensdag 7 mei 2008,EK,groepfase,België,Duitsland,0,5
Woensdag 7 mei 2008,EK,groepfase,Zweden,Italië,1,0
Woensdag 7 mei 2008,EK,groepfase,Noorwegen,Polen,3,0
Donderdag 8 mei 2008,EK,groepfase,Frankrijk,Servië,2,0
Donderdag 8 mei 2008,EK,groepfase,Wit-Rusland,Engeland,1,6
Donderdag 8 mei 2008,EK,groepfase,Portugal,Denemarken,0,4
Donderdag 8 mei 2008,EK,groepfase,Spanje,Tsjechië,4,1
Donderdag 8 mei 2008,EK,groepfase,Zwitserland,Wales,2,0
Zaterdag 24 mei 2008,EK,groepfase,Roemenië,Italië,1,6
Woensdag 28 mei 2008,EK,groepfase,Roemenië,Hongarije,3,1
Woensdag 28 mei 2008,EK,groepfase,Polen,Oostenrijk,2,4
Woensdag 28 mei 2008,EK,groepfase,Servië,IJsland,0,4
Woensdag 28 mei 2008,EK,groepfase,Slovenië,Griekenland,3,1
Woensdag 28 mei 2008,EK,groepfase,Denemarken,Slowakije,6,1
Woensdag 28 mei 2008,EK,groepfase,Schotland,Oekraïne,0,1
Woensdag 28 mei 2008,EK,groepfase,Noord-Ierland,Spanje,0,3
Donderdag 29 mei 2008,EK,groepfase,Rusland,Israël,4,0
Donderdag 29 mei 2008,EK,groepfase,Duitsland,Wales,4,0
Zaterdag 21 juni 2008,EK,groepfase,IJsland,Slovenië,5,0
Zaterdag 21 juni 2008,EK,groepfase,Oostenrijk,Noorwegen,0,4
Zondag 22 juni 2008,EK,groepfase,Oekraïne,Denemarken,1,0
Woensdag 25 juni 2008,EK,groepfase,Israël,Oostenrijk,0,2
Woensdag 25 juni 2008,EK,groepfase,Polen,Noorwegen,0,3
Woensdag 25 juni 2008,EK,groepfase,Ierland,Zweden,0,5
Donderdag 26 juni 2008,EK,groepfase,Tsjechië,Wit-Rusland,3,1
Donderdag 26 juni 2008,EK,groepfase,IJsland,Griekenland,7,0
Vrijdag 25 juli 2008,EK,groepfase,Noord-Ierland,Wit-Rusland,1,1
Woensdag 27 augustus 2008,EK,groepfase,Rusland,Oostenrijk,3,1
Zaterdag 30 augustus 2008,EK,groepfase,Nederland,Zwitserland,1,1
Zaterdag 27 september 2008,EK,groepfase,Griekenland,Servië,0,5
Zaterdag 27 september 2008,EK,groepfase,Polen,Rusland,1,4
Zaterdag 27 september 2008,EK,groepfase,Frankrijk,IJsland,2,1
Zaterdag 27 september 2008,EK,groepfase,Zweden,Roemenië,2,0
Zaterdag 27 september 2008,EK,groepfase,Oekraïne,Portugal,1,1
Zaterdag 27 september 2008,EK,groepfase,Nederland,België,3,0
Zondag 28 september 2008,EK,groepfase,Tsjechië,Engeland,1,5
Zondag 28 september 2008,EK,groepfase,Schotland,Slowakije,6,0
Woensdag 1 oktober 2008,EK,groepfase,Zwitserland,Duitsland,0,3
Woensdag 1 oktober 2008,EK,groepfase,Denemarken,Oekraïne,1,0
Woensdag 1 oktober 2008,EK,groepfase,Zweden,Ierland,1,0
Donderdag 2 oktober 2008,EK,groepfase,Rusland,Noorwegen,0,0
Donderdag 2 oktober 2008,EK,groepfase,Italië,Hongarije,3,0
Donderdag 2 oktober 2008,EK,groepfase,Griekenland,Slovenië,4,6
Donderdag 2 oktober 2008,EK,groepfase,Spanje,Engeland,2,2
Zaterdag 25 oktober 2008,EK,groepfase,Tsjechië,Italië,0,1
Zaterdag 25 oktober 2008,EK,groepfase,Spanje,Nederland,0,2
Zondag 26 oktober 2008,EK,groepfase,Slovenië,Oekraïne,0,3
Zondag 26 oktober 2008,EK,groepfase,Ierland,IJsland,1,1
Zondag 26 oktober 2008,EK,groepfase,Schotland,Rusland,2,3
Woensdag 29 oktober 2008,EK,groepfase,Italië,Tsjechië,2,1
Donderdag 30 oktober 2008,EK,groepfase,Rusland,Schotland,1,2
Donderdag 30 oktober 2008,EK,groepfase,Oekraïne,Slovenië,2,0
Donderdag 30 oktober 2008,EK,groepfase,IJsland,Ierland,3,0
Donderdag 30 oktober 2008,EK,groepfase,Nederland,Spanje,2,0
Zondag 23 augustus 2009,EK,groepfase,Oekraïne,Nederland,0,2
Zondag 23 augustus 2009,EK,groepfase,Finland,Denemarken,1,0
Maandag 24 augustus 2009,EK,groepfase,Duitsland,Noorwegen,4,0
Maandag 24 augustus 2009,EK,groepfase,IJsland,Frankrijk,1,3
Dinsdag 25 augustus 2009,EK,groepfase,Engeland,Italië,1,2
Dinsdag 25 augustus 2009,EK,groepfase,Zweden,Rusland,3,0
Woensdag 26 augustus 2009,EK,groepfase,Oekraïne,Denemarken,1,2
Woensdag 26 augustus 2009,EK,groepfase,Nederland,Finland,1,2
Donderdag 27 augustus 2009,EK,groepfase,Frankrijk,Duitsland,1,5
Donderdag 27 augustus 2009,EK,groepfase,IJsland,Noorwegen,0,1
Vrijdag 28 augustus 2009,EK,groepfase,Italië,Zweden,0,2
Vrijdag 28 augustus 2009,EK,groepfase,Engeland,Rusland,3,2
Zaterdag 29 augustus 2009,EK,groepfase,Finland,Oekraïne,0,1
Zaterdag 29 augustus 2009,EK,groepfase,Denemarken,Nederland,1,2
Zondag 30 augustus 2009,EK,groepfase,Noorwegen,Frankrijk,1,1
Zondag 30 augustus 2009,EK,groepfase,Duitsland,IJsland,1,0
Maandag 31 augustus 2009,EK,groepfase,Rusland,Italië,0,2
Maandag 31 augustus 2009,EK,groepfase,Zweden,Engeland,1,1
Donderdag 3 september 2009,EK,groepfase,Finland,Engeland,2,3
Donderdag 3 september 2009,EK,groepfase,Nederland,Frankrijk,0,0
Vrijdag 4 september 2009,EK,groepfase,Duitsland,Italië,2,1
Vrijdag 4 september 2009,EK,groepfase,Zweden,Noorwegen,1,3
Zondag 6 september 2009,EK,groepfase,Engeland,Nederland,2,1
Maandag 7 september 2009,EK,groepfase,Duitsland,Noorwegen,3,1
Donderdag 10 september 2009,EK,groepfase,Engeland,Duitsland,2,6
Woensdag 16 augustus 2006,EK,groepfase,Estland,N Macedonië,0,1
Woensdag 16 augustus 2006,EK,groepfase,België,Kazachstan,0,0
Woensdag 16 augustus 2006,EK,groepfase,Faeröer Eil.,Georgië,0,6
Zaterdag 2 september 2006,EK,groepfase,Tsjechië,Wales,2,1
Zaterdag 2 september 2006,EK,groepfase,Duitsland,Ierland,1,0
Zaterdag 2 september 2006,EK,groepfase,Slowakije,Cyprus,6,1
Zaterdag 2 september 2006,EK,groepfase,Engeland,Andorra,5,0
Zaterdag 2 september 2006,EK,groepfase,Estland,Israël,0,1
Zaterdag 2 september 2006,EK,groepfase,Letland,Zweden,0,1
Zaterdag 2 september 2006,EK,groepfase,Noord-Ierland,IJsland,0,3
Zaterdag 2 september 2006,EK,groepfase,Spanje,Liechtenstein,4,0
Zaterdag 2 september 2006,EK,groepfase,Polen,Finland,1,3
Zaterdag 2 september 2006,EK,groepfase,Servië,Azerbeidzjan,1,0
Zaterdag 2 september 2006,EK,groepfase,Wit-Rusland,Albanië,2,2
Zaterdag 2 september 2006,EK,groepfase,Luxemburg,Nederland,0,1
Zaterdag 2 september 2006,EK,groepfase,Roemenië,Bulgarije,2,2
Zaterdag 2 september 2006,EK,groepfase,Georgië,Frankrijk,0,3
Zaterdag 2 september 2006,EK,groepfase,Schotland,Faeröer Eil.,6,0
Zaterdag 2 september 2006,EK,groepfase,Italië,Litouwen,1,1
Zaterdag 2 september 2006,EK,groepfase,Hongarije,Noorwegen,1,4
Zaterdag 2 september 2006,EK,groepfase,Malta,Bosnië-Herzeg.,2,5
Zaterdag 2 september 2006,EK,groepfase,Moldavië,Griekenland,0,1
Woensdag 6 september 2006,EK,groepfase,San Marino,Duitsland,0,13
Woensdag 6 september 2006,EK,groepfase,Slowakije,Tsjechië,0,3
Woensdag 6 september 2006,EK,groepfase,Rusland,Kroatië,0,0
Woensdag 6 september 2006,EK,groepfase,Israël,Andorra,4,1
Woensdag 6 september 2006,EK,groepfase,N Macedonië,Engeland,0,1
Woensdag 6 september 2006,EK,groepfase,Zweden,Liechtenstein,3,1
Woensdag 6 september 2006,EK,groepfase,Noord-Ierland,Spanje,3,2
Woensdag 6 september 2006,EK,groepfase,IJsland,Denemarken,0,2
Woensdag 6 september 2006,EK,groepfase,Polen,Servië,1,1
Woensdag 6 september 2006,EK,groepfase,Finland,Portugal,1,1
Woensdag 6 september 2006,EK,groepfase,Azerbeidzjan,Kazachstan,1,1
Woensdag 6 september 2006,EK,groepfase,Armenië,België,0,1
Woensdag 6 september 2006,EK,groepfase,Nederland,Wit-Rusland,3,0
Woensdag 6 september 2006,EK,groepfase,Bulgarije,Slovenië,3,0
Woensdag 6 september 2006,EK,groepfase,Albanië,Roemenië,0,2
Woensdag 6 september 2006,EK,groepfase,Frankrijk,Italië,3,1
Woensdag 6 september 2006,EK,groepfase,Litouwen,Schotland,1,2
Woensdag 6 september 2006,EK,groepfase,Oekraïne,Georgië,3,2
Woensdag 6 september 2006,EK,groepfase,Turkije,Malta,2,0
Woensdag 6 september 2006,EK,groepfase,Noorwegen,Moldavië,2,0
Woensdag 6 september 2006,EK,groepfase,Bosnië-Herzeg.,Hongarije,1,3
Zaterdag 7 oktober 2006,EK,groepfase,Wales,Slowakije,1,5
Zaterdag 7 oktober 2006,EK,groepfase,Faeröer Eil.,Litouwen,0,1
Zaterdag 7 oktober 2006,EK,groepfase,Rusland,Israël,1,1
Zaterdag 7 oktober 2006,EK,groepfase,Kazachstan,Polen,0,1
Zaterdag 7 oktober 2006,EK,groepfase,Tsjechië,San Marino,7,0
Zaterdag 7 oktober 2006,EK,groepfase,Engeland,N Macedonië,0,0
Zaterdag 7 oktober 2006,EK,groepfase,Armenië,Finland,0,0
Zaterdag 7 oktober 2006,EK,groepfase,Schotland,Frankrijk,1,0
Zaterdag 7 oktober 2006,EK,groepfase,Moldavië,Bosnië-Herzeg.,2,2
Zaterdag 7 oktober 2006,EK,groepfase,Cyprus,Ierland,5,2
Zaterdag 7 oktober 2006,EK,groepfase,Roemenië,Wit-Rusland,3,1
Zaterdag 7 oktober 2006,EK,groepfase,Hongarije,Turkije,0,1
Zaterdag 7 oktober 2006,EK,groepfase,Denemarken,Noord-Ierland,0,0
Zaterdag 7 oktober 2006,EK,groepfase,Letland,IJsland,4,0
Zaterdag 7 oktober 2006,EK,groepfase,Zweden,Spanje,2,0
Zaterdag 7 oktober 2006,EK,groepfase,Bulgarije,Nederland,1,1
Zaterdag 7 oktober 2006,EK,groepfase,Kroatië,Andorra,7,0
Zaterdag 7 oktober 2006,EK,groepfase,Servië,België,1,0
Zaterdag 7 oktober 2006,EK,groepfase,Griekenland,Noorwegen,1,0
Zaterdag 7 oktober 2006,EK,groepfase,Slovenië,Luxemburg,2,0
Zaterdag 7 oktober 2006,EK,groepfase,Italië,Oekraïne,2,0
Zaterdag 7 oktober 2006,EK,groepfase,Portugal,Azerbeidzjan,3,0
Woensdag 11 oktober 2006,EK,groepfase,Andorra,N Macedonië,0,3
Woensdag 11 oktober 2006,EK,groepfase,Rusland,Estland,2,0
Woensdag 11 oktober 2006,EK,groepfase,Kazachstan,Finland,0,2
Woensdag 11 oktober 2006,EK,groepfase,Wit-Rusland,Slovenië,4,2
Woensdag 11 oktober 2006,EK,groepfase,Kroatië,Engeland,2,0
Woensdag 11 oktober 2006,EK,groepfase,Oekraïne,Schotland,2,0
Woensdag 11 oktober 2006,EK,groepfase,Malta,Hongarije,2,1
Woensdag 11 oktober 2006,EK,groepfase,Turkije,Moldavië,5,0
Woensdag 11 oktober 2006,EK,groepfase,Georgië,Italië,1,3
Woensdag 11 oktober 2006,EK,groepfase,IJsland,Zweden,1,2
Woensdag 11 oktober 2006,EK,groepfase,Bosnië-Herzeg.,Griekenland,0,4
Woensdag 11 oktober 2006,EK,groepfase,Liechtenstein,Denemarken,0,4
Woensdag 11 oktober 2006,EK,groepfase,Servië,Armenië,3,0
Woensdag 11 oktober 2006,EK,groepfase,Luxemburg,Bulgarije,0,1
Woensdag 11 oktober 2006,EK,groepfase,Ierland,Tsjechië,1,1
Woensdag 11 oktober 2006,EK,groepfase,Polen,Portugal,2,1
Woensdag 11 oktober 2006,EK,groepfase,Nederland,Albanië,2,1
Woensdag 11 oktober 2006,EK,groepfase,Slowakije,Duitsland,1,4
Woensdag 11 oktober 2006,EK,groepfase,België,Azerbeidzjan,3,0
Woensdag 11 oktober 2006,EK,groepfase,Wales,Cyprus,3,1
Woensdag 11 oktober 2006,EK,groepfase,Noord-Ierland,Letland,1,0
Woensdag 11 oktober 2006,EK,groepfase,Frankrijk,Faeröer Eil.,5,0
Woensdag 15 november 2006,EK,groepfase,N Macedonië,Rusland,0,2
Woensdag 15 november 2006,EK,groepfase,Israël,Kroatië,3,4
Woensdag 15 november 2006,EK,groepfase,Finland,Armenië,1,0
Woensdag 15 november 2006,EK,groepfase,Cyprus,Duitsland,1,1
Woensdag 15 november 2006,EK,groepfase,Ierland,San Marino,5,0
Woensdag 15 november 2006,EK,groepfase,België,Polen,0,1
Woensdag 15 november 2006,EK,groepfase,Portugal,Kazachstan,3,0
Woensdag 7 februari 2007,EK,groepfase,San Marino,Ierland,1,2
Zaterdag 24 maart 2007,EK,groepfase,Kazachstan,Servië,2,1
Zaterdag 24 maart 2007,EK,groepfase,Ierland,Wales,1,0
Zaterdag 24 maart 2007,EK,groepfase,Faeröer Eil.,Oekraïne,0,2
Zaterdag 24 maart 2007,EK,groepfase,Schotland,Georgië,2,1
Zaterdag 24 maart 2007,EK,groepfase,Albanië,Slovenië,0,0
Zaterdag 24 maart 2007,EK,groepfase,Luxemburg,Wit-Rusland,1,2
Zaterdag 24 maart 2007,EK,groepfase,Moldavië,Malta,1,1
Zaterdag 24 maart 2007,EK,groepfase,Polen,Azerbeidzjan,5,0
Zaterdag 24 maart 2007,EK,groepfase,Litouwen,Frankrijk,0,1
Zaterdag 24 maart 2007,EK,groepfase,Cyprus,Slowakije,1,3
Zaterdag 24 maart 2007,EK,groepfase,Estland,Rusland,0,2
Zaterdag 24 maart 2007,EK,groepfase,Israël,Engeland,0,0
Zaterdag 24 maart 2007,EK,groepfase,Noorwegen,Bosnië-Herzeg.,1,2
Zaterdag 24 maart 2007,EK,groepfase,Kroatië,N Macedonië,2,1
Zaterdag 24 maart 2007,EK,groepfase,Liechtenstein,Noord-Ierland,1,4
Zaterdag 24 maart 2007,EK,groepfase,Griekenland,Turkije,1,4
Zaterdag 24 maart 2007,EK,groepfase,Nederland,Roemenië,0,0
Zaterdag 24 maart 2007,EK,groepfase,Tsjechië,Duitsland,1,2
Zaterdag 24 maart 2007,EK,groepfase,Spanje,Denemarken,2,1
Zaterdag 24 maart 2007,EK,groepfase,Portugal,België,4,0
Woensdag 28 maart 2007,EK,groepfase,Azerbeidzjan,Finland,1,0
Woensdag 28 maart 2007,EK,groepfase,Bulgarije,Albanië,0,0
Woensdag 28 maart 2007,EK,groepfase,Oekraïne,Litouwen,1,0
Woensdag 28 maart 2007,EK,groepfase,Tsjechië,Cyprus,1,0
Woensdag 28 maart 2007,EK,groepfase,Roemenië,Luxemburg,3,0
Woensdag 28 maart 2007,EK,groepfase,Hongarije,Moldavië,2,0
Woensdag 28 maart 2007,EK,groepfase,Georgië,Faeröer Eil.,3,1
Woensdag 28 maart 2007,EK,groepfase,Israël,Estland,4,0
Woensdag 28 maart 2007,EK,groepfase,Malta,Griekenland,0,1
Woensdag 28 maart 2007,EK,groepfase,Liechtenstein,Letland,1,0
Woensdag 28 maart 2007,EK,groepfase,Turkije,Noorwegen,2,2
Woensdag 28 maart 2007,EK,groepfase,Ierland,Slowakije,1,0
Woensdag 28 maart 2007,EK,groepfase,Polen,Armenië,1,0
Woensdag 28 maart 2007,EK,groepfase,Servië,Portugal,1,1
Woensdag 28 maart 2007,EK,groepfase,Noord-Ierland,Zweden,2,1
Woensdag 28 maart 2007,EK,groepfase,Slovenië,Nederland,0,1
Woensdag 28 maart 2007,EK,groepfase,Italië,Schotland,2,0
Woensdag 28 maart 2007,EK,groepfase,Wales,San Marino,3,0
Woensdag 28 maart 2007,EK,groepfase,Andorra,Engeland,0,3
Woensdag 28 maart 2007,EK,groepfase,Spanje,IJsland,1,0
Zaterdag 2 juni 2007,EK,groepfase,Kazachstan,Armenië,1,2
Zaterdag 2 juni 2007,EK,groepfase,Wales,Tsjechië,0,0
Zaterdag 2 juni 2007,EK,groepfase,Rusland,Andorra,4,0
Zaterdag 2 juni 2007,EK,groepfase,IJsland,Liechtenstein,1,1
Zaterdag 2 juni 2007,EK,groepfase,Azerbeidzjan,Polen,1,3
Zaterdag 2 juni 2007,EK,groepfase,Finland,Servië,0,2
Zaterdag 2 juni 2007,EK,groepfase,Duitsland,San Marino,6,0
Zaterdag 2 juni 2007,EK,groepfase,N Macedonië,Israël,1,2
Zaterdag 2 juni 2007,EK,groepfase,Bosnië-Herzeg.,Turkije,3,2
Zaterdag 2 juni 2007,EK,groepfase,Denemarken,Zweden,0,3
Zaterdag 2 juni 2007,EK,groepfase,Wit-Rusland,Bulgarije,0,2
Zaterdag 2 juni 2007,EK,groepfase,Litouwen,Georgië,1,0
Zaterdag 2 juni 2007,EK,groepfase,Noorwegen,Malta,4,0
Zaterdag 2 juni 2007,EK,groepfase,Griekenland,Hongarije,2,0
Zaterdag 2 juni 2007,EK,groepfase,Estland,Kroatië,0,1
Zaterdag 2 juni 2007,EK,groepfase,Letland,Spanje,0,2
Zaterdag 2 juni 2007,EK,groepfase,Albanië,Luxemburg,2,0
Zaterdag 2 juni 2007,EK,groepfase,België,Portugal,1,2
Zaterdag 2 juni 2007,EK,groepfase,Slovenië,Roemenië,1,2
Zaterdag 2 juni 2007,EK,groepfase,Faeröer Eil.,Italië,1,2
Zaterdag 2 juni 2007,EK,groepfase,Frankrijk,Oekraïne,2,0
Woensdag 6 juni 2007,EK,groepfase,Kazachstan,Azerbeidzjan,1,1
Woensdag 6 juni 2007,EK,groepfase,Armenië,Polen,1,0
Woensdag 6 juni 2007,EK,groepfase,Andorra,Israël,0,2
Woensdag 6 juni 2007,EK,groepfase,Faeröer Eil.,Schotland,0,2
Woensdag 6 juni 2007,EK,groepfase,Noorwegen,Hongarije,4,0
Woensdag 6 juni 2007,EK,groepfase,Bulgarije,Wit-Rusland,2,1
Woensdag 6 juni 2007,EK,groepfase,Finland,België,2,0
Woensdag 6 juni 2007,EK,groepfase,Roemenië,Slovenië,2,0
Woensdag 6 juni 2007,EK,groepfase,Bosnië-Herzeg.,Malta,1,0
Woensdag 6 juni 2007,EK,groepfase,Zweden,IJsland,5,0
Woensdag 6 juni 2007,EK,groepfase,Luxemburg,Albanië,0,3
Woensdag 6 juni 2007,EK,groepfase,Griekenland,Moldavië,2,1
Woensdag 6 juni 2007,EK,groepfase,Duitsland,Slowakije,2,1
Woensdag 6 juni 2007,EK,groepfase,Kroatië,Rusland,0,0
Woensdag 6 juni 2007,EK,groepfase,Estland,Engeland,0,3
Woensdag 6 juni 2007,EK,groepfase,Liechtenstein,Spanje,0,2
Woensdag 6 juni 2007,EK,groepfase,Letland,Denemarken,0,2
Woensdag 6 juni 2007,EK,groepfase,Litouwen,Italië,0,2
Woensdag 6 juni 2007,EK,groepfase,Frankrijk,Georgië,1,0
Woensdag 22 augustus 2007,EK,groepfase,Estland,Andorra,2,1
Woensdag 22 augustus 2007,EK,groepfase,Armenië,Portugal,1,1
Woensdag 22 augustus 2007,EK,groepfase,Finland,Kazachstan,2,1
Woensdag 22 augustus 2007,EK,groepfase,Noord-Ierland,Liechtenstein,3,1
Woensdag 22 augustus 2007,EK,groepfase,België,Servië,3,2
Woensdag 22 augustus 2007,EK,groepfase,San Marino,Cyprus,0,1
Zaterdag 8 september 2007,EK,groepfase,Hongarije,Bosnië-Herzeg.,1,0
Zaterdag 8 september 2007,EK,groepfase,Schotland,Litouwen,3,1
Zaterdag 8 september 2007,EK,groepfase,Rusland,N Macedonië,3,0
Zaterdag 8 september 2007,EK,groepfase,Luxemburg,Slovenië,0,3
Zaterdag 8 september 2007,EK,groepfase,Georgië,Oekraïne,1,1
Zaterdag 8 september 2007,EK,groepfase,Engeland,Israël,3,0
Zaterdag 8 september 2007,EK,groepfase,Wit-Rusland,Roemenië,1,3
Zaterdag 8 september 2007,EK,groepfase,Letland,Noord-Ierland,1,0
Zaterdag 8 september 2007,EK,groepfase,Malta,Turkije,2,2
Zaterdag 8 september 2007,EK,groepfase,Moldavië,Noorwegen,0,1
Zaterdag 8 september 2007,EK,groepfase,San Marino,Tsjechië,0,3
Zaterdag 8 september 2007,EK,groepfase,Servië,Finland,0,0
Zaterdag 8 september 2007,EK,groepfase,Slowakije,Ierland,2,2
Zaterdag 8 september 2007,EK,groepfase,Wales,Duitsland,0,2
Zaterdag 8 september 2007,EK,groepfase,Kroatië,Estland,2,0
Zaterdag 8 september 2007,EK,groepfase,Zweden,Denemarken,0,0
Zaterdag 8 september 2007,EK,groepfase,Nederland,Bulgarije,2,0
Zaterdag 8 september 2007,EK,groepfase,Italië,Frankrijk,0,0
Zaterdag 8 september 2007,EK,groepfase,IJsland,Spanje,1,1
Zaterdag 8 september 2007,EK,groepfase,Portugal,Polen,2,2
Woensdag 12 september 2007,EK,groepfase,Kazachstan,België,2,2
Woensdag 12 september 2007,EK,groepfase,Andorra,Kroatië,0,6
Woensdag 12 september 2007,EK,groepfase,Finland,Polen,0,0
Woensdag 12 september 2007,EK,groepfase,Slowakije,Wales,2,5
Woensdag 12 september 2007,EK,groepfase,Noorwegen,Griekenland,2,2
Woensdag 12 september 2007,EK,groepfase,Cyprus,San Marino,3,0
Woensdag 12 september 2007,EK,groepfase,Litouwen,Faeröer Eil.,2,1
Woensdag 12 september 2007,EK,groepfase,IJsland,Noord-Ierland,2,1
Woensdag 12 september 2007,EK,groepfase,Turkije,Hongarije,3,0
Woensdag 12 september 2007,EK,groepfase,Bulgarije,Luxemburg,3,0
Woensdag 12 september 2007,EK,groepfase,Bosnië-Herzeg.,Moldavië,0,1
Woensdag 12 september 2007,EK,groepfase,Denemarken,Liechtenstein,4,0
Woensdag 12 september 2007,EK,groepfase,Slovenië,Wit-Rusland,1,0
Woensdag 12 september 2007,EK,groepfase,Tsjechië,Ierland,1,0
Woensdag 12 september 2007,EK,groepfase,N Macedonië,Estland,1,1
Woensdag 12 september 2007,EK,groepfase,Albanië,Nederland,0,1
Woensdag 12 september 2007,EK,groepfase,Oekraïne,Italië,1,2
Woensdag 12 september 2007,EK,groepfase,Engeland,Rusland,3,0
Woensdag 12 september 2007,EK,groepfase,Frankrijk,Schotland,0,1
Woensdag 12 september 2007,EK,groepfase,Spanje,Letland,2,0
Woensdag 12 september 2007,EK,groepfase,Portugal,Servië,1,1
Zaterdag 13 oktober 2007,EK,groepfase,Slowakije,San Marino,7,0
Zaterdag 13 oktober 2007,EK,groepfase,Engeland,Estland,3,0
Zaterdag 13 oktober 2007,EK,groepfase,Schotland,Oekraïne,3,1
Zaterdag 13 oktober 2007,EK,groepfase,Hongarije,Malta,2,0
Zaterdag 13 oktober 2007,EK,groepfase,Wit-Rusland,Luxemburg,0,1
Zaterdag 13 oktober 2007,EK,groepfase,Armenië,Servië,0,0
Zaterdag 13 oktober 2007,EK,groepfase,Faeröer Eil.,Frankrijk,0,6
Zaterdag 13 oktober 2007,EK,groepfase,IJsland,Letland,2,4
Zaterdag 13 oktober 2007,EK,groepfase,Azerbeidzjan,Portugal,0,2
Zaterdag 13 oktober 2007,EK,groepfase,Cyprus,Wales,3,1
Zaterdag 13 oktober 2007,EK,groepfase,Liechtenstein,Zweden,0,3
Zaterdag 13 oktober 2007,EK,groepfase,Roemenië,Nederland,1,0
Zaterdag 13 oktober 2007,EK,groepfase,Moldavië,Turkije,1,1
Zaterdag 13 oktober 2007,EK,groepfase,Denemarken,Spanje,1,3
Zaterdag 13 oktober 2007,EK,groepfase,Kroatië,Israël,1,0
Zaterdag 13 oktober 2007,EK,groepfase,Griekenland,Bosnië-Herzeg.,3,2
Zaterdag 13 oktober 2007,EK,groepfase,Slovenië,Albanië,0,0
Zaterdag 13 oktober 2007,EK,groepfase,Polen,Kazachstan,3,1
Zaterdag 13 oktober 2007,EK,groepfase,Ierland,Duitsland,0,0
Zaterdag 13 oktober 2007,EK,groepfase,België,Finland,0,0
Zaterdag 13 oktober 2007,EK,groepfase,Italië,Georgië,2,0
Woensdag 17 oktober 2007,EK,groepfase,Kazachstan,Portugal,1,2
Woensdag 17 oktober 2007,EK,groepfase,Rusland,Engeland,2,1
Woensdag 17 oktober 2007,EK,groepfase,Azerbeidzjan,Servië,1,6
Woensdag 17 oktober 2007,EK,groepfase,Oekraïne,Faeröer Eil.,5,0
Woensdag 17 oktober 2007,EK,groepfase,Georgië,Schotland,2,0
Woensdag 17 oktober 2007,EK,groepfase,Malta,Moldavië,2,3
Woensdag 17 oktober 2007,EK,groepfase,Turkije,Griekenland,0,1
Woensdag 17 oktober 2007,EK,groepfase,N Macedonië,Andorra,3,0
Woensdag 17 oktober 2007,EK,groepfase,Denemarken,Letland,3,1
Woensdag 17 oktober 2007,EK,groepfase,Liechtenstein,IJsland,3,0
Woensdag 17 oktober 2007,EK,groepfase,San Marino,Wales,1,2
Woensdag 17 oktober 2007,EK,groepfase,Luxemburg,Roemenië,0,2
Woensdag 17 oktober 2007,EK,groepfase,Bosnië-Herzeg.,Noorwegen,0,2
Woensdag 17 oktober 2007,EK,groepfase,Ierland,Cyprus,1,1
Woensdag 17 oktober 2007,EK,groepfase,Zweden,Noord-Ierland,1,1
Woensdag 17 oktober 2007,EK,groepfase,Nederland,Slovenië,2,0
Woensdag 17 oktober 2007,EK,groepfase,Duitsland,Tsjechië,0,3
Woensdag 17 oktober 2007,EK,groepfase,Albanië,Bulgarije,1,1
Woensdag 17 oktober 2007,EK,groepfase,België,Armenië,3,0
Woensdag 17 oktober 2007,EK,groepfase,Frankrijk,Litouwen,2,0
Zaterdag 17 november 2007,EK,groepfase,Finland,Azerbeidzjan,2,1
Zaterdag 17 november 2007,EK,groepfase,Wales,Ierland,2,2
Zaterdag 17 november 2007,EK,groepfase,Letland,Liechtenstein,4,1
Zaterdag 17 november 2007,EK,groepfase,Bulgarije,Roemenië,1,0
Zaterdag 17 november 2007,EK,groepfase,Moldavië,Hongarije,3,0
Zaterdag 17 november 2007,EK,groepfase,Andorra,Estland,0,2
Zaterdag 17 november 2007,EK,groepfase,Schotland,Italië,1,2
Zaterdag 17 november 2007,EK,groepfase,Noorwegen,Turkije,1,2
Zaterdag 17 november 2007,EK,groepfase,Israël,Rusland,2,1
Zaterdag 17 november 2007,EK,groepfase,Litouwen,Oekraïne,2,0
Zaterdag 17 november 2007,EK,groepfase,Duitsland,Cyprus,4,0
Zaterdag 17 november 2007,EK,groepfase,N Macedonië,Kroatië,2,0
Zaterdag 17 november 2007,EK,groepfase,Albanië,Wit-Rusland,2,4
Zaterdag 17 november 2007,EK,groepfase,Griekenland,Malta,5,0
Zaterdag 17 november 2007,EK,groepfase,Tsjechië,Slowakije,3,1
Zaterdag 17 november 2007,EK,groepfase,Nederland,Luxemburg,1,0
Zaterdag 17 november 2007,EK,groepfase,Polen,België,2,0
Zaterdag 17 november 2007,EK,groepfase,Noord-Ierland,Denemarken,2,1
Zaterdag 17 november 2007,EK,groepfase,Spanje,Zweden,3,0
Zaterdag 17 november 2007,EK,groepfase,Portugal,Armenië,1,0
Woensdag 21 november 2007,EK,groepfase,Armenië,Kazachstan,0,1
Woensdag 21 november 2007,EK,groepfase,Georgië,Litouwen,0,2
Woensdag 21 november 2007,EK,groepfase,Roemenië,Albanië,6,1
Woensdag 21 november 2007,EK,groepfase,Cyprus,Tsjechië,0,2
Woensdag 21 november 2007,EK,groepfase,Israël,N Macedonië,1,0
Woensdag 21 november 2007,EK,groepfase,Wit-Rusland,Nederland,2,1
Woensdag 21 november 2007,EK,groepfase,Slovenië,Bulgarije,0,2
Woensdag 21 november 2007,EK,groepfase,Azerbeidzjan,België,0,1
Woensdag 21 november 2007,EK,groepfase,Malta,Noorwegen,1,4
Woensdag 21 november 2007,EK,groepfase,Turkije,Bosnië-Herzeg.,1,0
Woensdag 21 november 2007,EK,groepfase,Denemarken,IJsland,3,0
Woensdag 21 november 2007,EK,groepfase,Spanje,Noord-Ierland,1,0
Woensdag 21 november 2007,EK,groepfase,Zweden,Letland,2,1
Woensdag 21 november 2007,EK,groepfase,Hongarije,Griekenland,1,2
Woensdag 21 november 2007,EK,groepfase,Duitsland,Wales,0,0
Woensdag 21 november 2007,EK,groepfase,San Marino,Slowakije,0,5
Woensdag 21 november 2007,EK,groepfase,Italië,Faeröer Eil.,3,1
Woensdag 21 november 2007,EK,groepfase,Oekraïne,Frankrijk,2,2
Woensdag 21 november 2007,EK,groepfase,Portugal,Finland,0,0
Woensdag 21 november 2007,EK,groepfase,Servië,Polen,2,2
Woensdag 21 november 2007,EK,groepfase,Andorra,Rusland,0,1
Woensdag 21 november 2007,EK,groepfase,Engeland,Kroatië,2,3
Zaterdag 24 november 2007,EK,groepfase,Servië,Kazachstan,1,0
Zaterdag 7 juni 2008,EK,groepfase,Zwitserland,Tsjechië,0,1
Zaterdag 7 juni 2008,EK,groepfase,Portugal,Turkije,2,0
Zondag 8 juni 2008,EK,groepfase,Oostenrijk,Kroatië,0,1
Zondag 8 juni 2008,EK,groepfase,Duitsland,Polen,2,0
Maandag 9 juni 2008,EK,groepfase,Roemenië,Frankrijk,0,0
Maandag 9 juni 2008,EK,groepfase,Nederland,Italië,3,0
Dinsdag 10 juni 2008,EK,groepfase,Spanje,Rusland,4,1
Dinsdag 10 juni 2008,EK,groepfase,Griekenland,Zweden,0,2
Woensdag 11 juni 2008,EK,groepfase,Tsjechië,Portugal,1,3
Woensdag 11 juni 2008,EK,groepfase,Zwitserland,Turkije,1,2
Donderdag 12 juni 2008,EK,groepfase,Kroatië,Duitsland,2,1
Donderdag 12 juni 2008,EK,groepfase,Oostenrijk,Polen,1,1
Vrijdag 13 juni 2008,EK,groepfase,Italië,Roemenië,1,1
Vrijdag 13 juni 2008,EK,groepfase,Nederland,Frankrijk,4,1
Zaterdag 14 juni 2008,EK,groepfase,Zweden,Spanje,1,2
Zaterdag 14 juni 2008,EK,groepfase,Griekenland,Rusland,0,1
Zondag 15 juni 2008,EK,groepfase,Zwitserland,Portugal,2,0
Zondag 15 juni 2008,EK,groepfase,Turkije,Tsjechië,3,2
Maandag 16 juni 2008,EK,groepfase,Oostenrijk,Duitsland,0,1
Maandag 16 juni 2008,EK,groepfase,Polen,Kroatië,0,1
Dinsdag 17 juni 2008,EK,groepfase,Nederland,Roemenië,2,0
Dinsdag 17 juni 2008,EK,groepfase,Frankrijk,Italië,0,2
Woensdag 18 juni 2008,EK,groepfase,Griekenland,Spanje,1,2
Woensdag 18 juni 2008,EK,groepfase,Rusland,Zweden,2,0
Donderdag 19 juni 2008,EK,groepfase,Portugal,Duitsland,2,3
Vrijdag 20 juni 2008,EK,groepfase,Kroatië,Turkije,1,1
Zaterdag 21 juni 2008,EK,groepfase,Nederland,Rusland,1,3
Zondag 22 juni 2008,EK,groepfase,Spanje,Italië,0,0
Woensdag 25 juni 2008,EK,groepfase,Duitsland,Turkije,3,2
Donderdag 26 juni 2008,EK,groepfase,Rusland,Spanje,0,3
Zondag 29 juni 2008,EK,groepfase,Duitsland,Spanje,0,1
Woensdag 3 juni 1998,EK,groepfase,Estland,Faeröer Eil.,5,0
Dinsdag 18 augustus 1998,EK,groepfase,Bosnië-Herzeg.,Faeröer Eil.,1,0
Dinsdag 1 september 1998,EK,groepfase,Roemenië,Liechtenstein,7,0
Vrijdag 4 september 1998,EK,groepfase,Wales,Italië,0,2
Vrijdag 4 september 1998,EK,groepfase,Wit-Rusland,Denemarken,0,0
Vrijdag 4 september 1998,EK,groepfase,Georgië,Albanië,1,0
Vrijdag 4 september 1998,EK,groepfase,Turkije,Noord-Ierland,3,0
Vrijdag 4 september 1998,EK,groepfase,Finland,Moldavië,3,2
Vrijdag 4 september 1998,EK,groepfase,Armenië,Andorra,3,1
Vrijdag 4 september 1998,EK,groepfase,Oekraïne,Rusland,3,2
Vrijdag 4 september 1998,EK,groepfase,IJsland,Frankrijk,1,1
Vrijdag 4 september 1998,EK,groepfase,Zweden,Engeland,2,1
Vrijdag 4 september 1998,EK,groepfase,Cyprus,Spanje,3,2
Vrijdag 4 september 1998,EK,groepfase,Oostenrijk,Israël,1,1
Vrijdag 4 september 1998,EK,groepfase,Slowakije,Azerbeidzjan,3,0
Vrijdag 4 september 1998,EK,groepfase,Ierland,Kroatië,2,0
Vrijdag 4 september 1998,EK,groepfase,Litouwen,Schotland,0,0
Vrijdag 4 september 1998,EK,groepfase,Bosnië-Herzeg.,Estland,1,1
Zaterdag 5 september 1998,EK,groepfase,Noorwegen,Letland,1,3
Zaterdag 5 september 1998,EK,groepfase,Griekenland,Slovenië,2,2
Zaterdag 5 september 1998,EK,groepfase,Bulgarije,Polen,0,3
Zaterdag 5 september 1998,EK,groepfase,Hongarije,Portugal,1,3
Zaterdag 5 september 1998,EK,groepfase,N Macedonië,Malta,4,0
Zaterdag 5 september 1998,EK,groepfase,Faeröer Eil.,Tsjechië,0,1
Vrijdag 9 oktober 1998,EK,groepfase,Italië,Zwitserland,2,0
Vrijdag 9 oktober 1998,EK,groepfase,Denemarken,Wales,1,2
Vrijdag 9 oktober 1998,EK,groepfase,Slovenië,Noorwegen,1,2
Vrijdag 9 oktober 1998,EK,groepfase,Letland,Georgië,1,0
Vrijdag 9 oktober 1998,EK,groepfase,Turkije,Duitsland,1,0
Vrijdag 9 oktober 1998,EK,groepfase,Noord-Ierland,Finland,1,0
Vrijdag 9 oktober 1998,EK,groepfase,Rusland,Frankrijk,2,3
Vrijdag 9 oktober 1998,EK,groepfase,Armenië,IJsland,0,0
Vrijdag 9 oktober 1998,EK,groepfase,Andorra,Oekraïne,0,2
Vrijdag 9 oktober 1998,EK,groepfase,Engeland,Bulgarije,0,0
Vrijdag 9 oktober 1998,EK,groepfase,Polen,Luxemburg,3,0
Vrijdag 9 oktober 1998,EK,groepfase,Cyprus,Oostenrijk,0,3
Vrijdag 9 oktober 1998,EK,groepfase,San Marino,Israël,0,5
Vrijdag 9 oktober 1998,EK,groepfase,Azerbeidzjan,Hongarije,0,4
Vrijdag 9 oktober 1998,EK,groepfase,Liechtenstein,Slowakije,0,4
Vrijdag 9 oktober 1998,EK,groepfase,Portugal,Roemenië,0,1
Vrijdag 9 oktober 1998,EK,groepfase,Malta,Kroatië,1,4
Vrijdag 9 oktober 1998,EK,groepfase,Schotland,Estland,3,2
Vrijdag 9 oktober 1998,EK,groepfase,Bosnië-Herzeg.,Tsjechië,1,3
Vrijdag 9 oktober 1998,EK,groepfase,Litouwen,Faeröer Eil.,0,0
Dinsdag 13 oktober 1998,EK,groepfase,Wales,Wit-Rusland,3,2
Dinsdag 13 oktober 1998,EK,groepfase,Zwitserland,Denemarken,1,1
Dinsdag 13 oktober 1998,EK,groepfase,Slovenië,Letland,1,0
Dinsdag 13 oktober 1998,EK,groepfase,Noorwegen,Albanië,2,2
Dinsdag 13 oktober 1998,EK,groepfase,Griekenland,Georgië,3,0
Dinsdag 13 oktober 1998,EK,groepfase,Moldavië,Duitsland,1,3
Dinsdag 13 oktober 1998,EK,groepfase,Turkije,Finland,1,3
Dinsdag 13 oktober 1998,EK,groepfase,Frankrijk,Andorra,2,0
Dinsdag 13 oktober 1998,EK,groepfase,Oekraïne,Armenië,2,0
Dinsdag 13 oktober 1998,EK,groepfase,IJsland,Rusland,1,0
Dinsdag 13 oktober 1998,EK,groepfase,Bulgarije,Zweden,0,1
Dinsdag 13 oktober 1998,EK,groepfase,Luxemburg,Engeland,0,3
Dinsdag 13 oktober 1998,EK,groepfase,Israël,Spanje,1,2
Dinsdag 13 oktober 1998,EK,groepfase,San Marino,Oostenrijk,1,4
Dinsdag 13 oktober 1998,EK,groepfase,Liechtenstein,Azerbeidzjan,2,1
Dinsdag 13 oktober 1998,EK,groepfase,Hongarije,Roemenië,1,1
Dinsdag 13 oktober 1998,EK,groepfase,Slowakije,Portugal,0,3
Dinsdag 13 oktober 1998,EK,groepfase,Ierland,Malta,5,0
Dinsdag 13 oktober 1998,EK,groepfase,Kroatië,N Macedonië,3,2
Dinsdag 13 oktober 1998,EK,groepfase,Schotland,Faeröer Eil.,2,1
Dinsdag 13 oktober 1998,EK,groepfase,Litouwen,Bosnië-Herzeg.,4,2
Dinsdag 13 oktober 1998,EK,groepfase,Tsjechië,Estland,4,1
Dinsdag 17 november 1998,EK,groepfase,Albanië,Griekenland,0,0
Dinsdag 17 november 1998,EK,groepfase,Noord-Ierland,Moldavië,2,2
Dinsdag 17 november 1998,EK,groepfase,San Marino,Cyprus,0,1
Dinsdag 17 november 1998,EK,groepfase,Yugoslavia,Ierland,1,0
Dinsdag 17 november 1998,EK,groepfase,Malta,N Macedonië,1,2
Dinsdag 9 februari 1999,EK,groepfase,Cyprus,San Marino,4,0
Dinsdag 9 februari 1999,EK,groepfase,Malta,Yugoslavia,0,3
Donderdag 25 maart 1999,EK,groepfase,Portugal,Azerbeidzjan,7,0
Vrijdag 26 maart 1999,EK,groepfase,Wit-Rusland,Zwitserland,0,1
Vrijdag 26 maart 1999,EK,groepfase,Denemarken,Italië,1,2
Vrijdag 26 maart 1999,EK,groepfase,Georgië,Slovenië,1,1
Vrijdag 26 maart 1999,EK,groepfase,Griekenland,Noorwegen,0,2
Vrijdag 26 maart 1999,EK,groepfase,Noord-Ierland,Duitsland,0,3
Vrijdag 26 maart 1999,EK,groepfase,Turkije,Moldavië,2,0
Vrijdag 26 maart 1999,EK,groepfase,Andorra,IJsland,0,2
Vrijdag 26 maart 1999,EK,groepfase,Frankrijk,Oekraïne,0,0
Vrijdag 26 maart 1999,EK,groepfase,Armenië,Rusland,0,3
Vrijdag 26 maart 1999,EK,groepfase,Engeland,Polen,3,1
Vrijdag 26 maart 1999,EK,groepfase,Zweden,Luxemburg,2,0
Vrijdag 26 maart 1999,EK,groepfase,Spanje,Oostenrijk,9,0
Vrijdag 26 maart 1999,EK,groepfase,Hongarije,Liechtenstein,5,0
Vrijdag 26 maart 1999,EK,groepfase,Roemenië,Slowakije,0,0
Vrijdag 26 maart 1999,EK,groepfase,Tsjechië,Litouwen,2,0
Zaterdag 27 maart 1999,EK,groepfase,Israël,Cyprus,3,0
Dinsdag 30 maart 1999,EK,groepfase,Italië,Wit-Rusland,1,1
Dinsdag 30 maart 1999,EK,groepfase,Zwitserland,Wales,2,0
Dinsdag 30 maart 1999,EK,groepfase,Letland,Griekenland,0,0
Dinsdag 30 maart 1999,EK,groepfase,Duitsland,Finland,2,0
Dinsdag 30 maart 1999,EK,groepfase,Moldavië,Noord-Ierland,0,0
Dinsdag 30 maart 1999,EK,groepfase,Oekraïne,IJsland,1,1
Dinsdag 30 maart 1999,EK,groepfase,Rusland,Andorra,6,1
Dinsdag 30 maart 1999,EK,groepfase,Frankrijk,Armenië,2,0
Dinsdag 30 maart 1999,EK,groepfase,Luxemburg,Bulgarije,0,2
Dinsdag 30 maart 1999,EK,groepfase,Polen,Zweden,0,1
Dinsdag 30 maart 1999,EK,groepfase,San Marino,Spanje,0,6
Dinsdag 30 maart 1999,EK,groepfase,Azerbeidzjan,Roemenië,0,1
Dinsdag 30 maart 1999,EK,groepfase,Slowakije,Hongarije,0,0
Dinsdag 30 maart 1999,EK,groepfase,Liechtenstein,Portugal,0,5
Dinsdag 30 maart 1999,EK,groepfase,Litouwen,Estland,1,2
Dinsdag 30 maart 1999,EK,groepfase,Schotland,Tsjechië,1,2
Dinsdag 27 april 1999,EK,groepfase,Georgië,Noorwegen,1,4
Dinsdag 27 april 1999,EK,groepfase,Letland,Albanië,0,0
Dinsdag 27 april 1999,EK,groepfase,Oostenrijk,San Marino,7,0
Zaterdag 29 mei 1999,EK,groepfase,Noorwegen,Georgië,1,0
Donderdag 3 juni 1999,EK,groepfase,Duitsland,Moldavië,6,1
Donderdag 3 juni 1999,EK,groepfase,Polen,Bulgarije,2,0
Vrijdag 4 juni 1999,EK,groepfase,Denemarken,Wit-Rusland,1,0
Vrijdag 4 juni 1999,EK,groepfase,Italië,Wales,4,0
Vrijdag 4 juni 1999,EK,groepfase,Albanië,Noorwegen,1,2
Vrijdag 4 juni 1999,EK,groepfase,Georgië,Griekenland,1,2
Vrijdag 4 juni 1999,EK,groepfase,Letland,Slovenië,1,2
Vrijdag 4 juni 1999,EK,groepfase,Finland,Turkije,2,4
Vrijdag 4 juni 1999,EK,groepfase,Frankrijk,Rusland,2,3
Vrijdag 4 juni 1999,EK,groepfase,Oekraïne,Andorra,4,0
Vrijdag 4 juni 1999,EK,groepfase,IJsland,Armenië,2,0
Vrijdag 4 juni 1999,EK,groepfase,Engeland,Zweden,0,0
Vrijdag 4 juni 1999,EK,groepfase,Spanje,San Marino,9,0
Vrijdag 4 juni 1999,EK,groepfase,Roemenië,Hongarije,2,0
Vrijdag 4 juni 1999,EK,groepfase,Azerbeidzjan,Liechtenstein,4,0
Vrijdag 4 juni 1999,EK,groepfase,Portugal,Slowakije,1,0
Vrijdag 4 juni 1999,EK,groepfase,N Macedonië,Kroatië,1,1
Vrijdag 4 juni 1999,EK,groepfase,Bosnië-Herzeg.,Litouwen,2,0
Vrijdag 4 juni 1999,EK,groepfase,Estland,Tsjechië,0,2
Vrijdag 4 juni 1999,EK,groepfase,Faeröer Eil.,Schotland,1,1
Zaterdag 5 juni 1999,EK,groepfase,Israël,Oostenrijk,5,0
Maandag 7 juni 1999,EK,groepfase,Yugoslavia,Malta,4,1
Dinsdag 8 juni 1999,EK,groepfase,Wales,Denemarken,0,2
Dinsdag 8 juni 1999,EK,groepfase,Zwitserland,Italië,0,0
Dinsdag 8 juni 1999,EK,groepfase,Albanië,Slovenië,0,1
Dinsdag 8 juni 1999,EK,groepfase,Griekenland,Letland,1,2
Dinsdag 8 juni 1999,EK,groepfase,Moldavië,Finland,0,0
Dinsdag 8 juni 1999,EK,groepfase,Rusland,IJsland,1,0
Dinsdag 8 juni 1999,EK,groepfase,Armenië,Oekraïne,0,0
Dinsdag 8 juni 1999,EK,groepfase,Andorra,Frankrijk,0,1
Dinsdag 8 juni 1999,EK,groepfase,Bulgarije,Engeland,1,1
Dinsdag 8 juni 1999,EK,groepfase,Luxemburg,Polen,2,3
Dinsdag 8 juni 1999,EK,groepfase,Hongarije,Slowakije,0,1
Dinsdag 8 juni 1999,EK,groepfase,Portugal,Liechtenstein,8,0
Dinsdag 8 juni 1999,EK,groepfase,Roemenië,Azerbeidzjan,4,0
Dinsdag 8 juni 1999,EK,groepfase,Ierland,N Macedonië,1,0
Dinsdag 8 juni 1999,EK,groepfase,Faeröer Eil.,Bosnië-Herzeg.,2,2
Dinsdag 8 juni 1999,EK,groepfase,Tsjechië,Schotland,3,2
Dinsdag 8 juni 1999,EK,groepfase,Estland,Litouwen,1,2
Dinsdag 17 augustus 1999,EK,groepfase,Slovenië,Albanië,2,0
Dinsdag 17 augustus 1999,EK,groepfase,Yugoslavia,Kroatië,0,0
Vrijdag 20 augustus 1999,EK,groepfase,Kroatië,Malta,2,1
Dinsdag 31 augustus 1999,EK,groepfase,Ierland,Yugoslavia,2,1
Vrijdag 3 september 1999,EK,groepfase,Faeröer Eil.,Estland,0,2
Vrijdag 3 september 1999,EK,groepfase,Bosnië-Herzeg.,Schotland,1,2
Vrijdag 3 september 1999,EK,groepfase,Denemarken,Zwitserland,2,1
Vrijdag 3 september 1999,EK,groepfase,Wit-Rusland,Wales,1,2
Vrijdag 3 september 1999,EK,groepfase,Albanië,Letland,3,3
Vrijdag 3 september 1999,EK,groepfase,Noorwegen,Griekenland,1,0
Vrijdag 3 september 1999,EK,groepfase,Slovenië,Georgië,2,1
Vrijdag 3 september 1999,EK,groepfase,Noord-Ierland,Turkije,0,3
Vrijdag 3 september 1999,EK,groepfase,Finland,Duitsland,1,2
Vrijdag 3 september 1999,EK,groepfase,IJsland,Andorra,3,0
Vrijdag 3 september 1999,EK,groepfase,Oekraïne,Frankrijk,0,0
Vrijdag 3 september 1999,EK,groepfase,Rusland,Armenië,2,0
Vrijdag 3 september 1999,EK,groepfase,Engeland,Luxemburg,6,0
Vrijdag 3 september 1999,EK,groepfase,Zweden,Bulgarije,1,0
Vrijdag 3 september 1999,EK,groepfase,Oostenrijk,Spanje,1,3
Vrijdag 3 september 1999,EK,groepfase,Slowakije,Roemenië,1,5
Vrijdag 3 september 1999,EK,groepfase,Liechtenstein,Hongarije,0,0
Vrijdag 3 september 1999,EK,groepfase,Azerbeidzjan,Portugal,1,1
Vrijdag 3 september 1999,EK,groepfase,Kroatië,Ierland,1,0
Vrijdag 3 september 1999,EK,groepfase,Litouwen,Tsjechië,0,4
Zaterdag 4 september 1999,EK,groepfase,Cyprus,Israël,3,2
Zaterdag 4 september 1999,EK,groepfase,Yugoslavia,N Macedonië,3,1
Dinsdag 7 september 1999,EK,groepfase,Faeröer Eil.,Litouwen,0,1
Dinsdag 7 september 1999,EK,groepfase,Estland,Schotland,0,0
Dinsdag 7 september 1999,EK,groepfase,Tsjechië,Bosnië-Herzeg.,3,0
Dinsdag 7 september 1999,EK,groepfase,Italië,Denemarken,2,3
Dinsdag 7 september 1999,EK,groepfase,Zwitserland,Wit-Rusland,2,0
Dinsdag 7 september 1999,EK,groepfase,Noorwegen,Slovenië,4,0
Dinsdag 7 september 1999,EK,groepfase,Georgië,Letland,2,2
Dinsdag 7 september 1999,EK,groepfase,Moldavië,Turkije,1,1
Dinsdag 7 september 1999,EK,groepfase,Duitsland,Noord-Ierland,4,0
Dinsdag 7 september 1999,EK,groepfase,Andorra,Rusland,1,2
Dinsdag 7 september 1999,EK,groepfase,Armenië,Frankrijk,2,3
Dinsdag 7 september 1999,EK,groepfase,IJsland,Oekraïne,0,1
Dinsdag 7 september 1999,EK,groepfase,Luxemburg,Zweden,0,1
Dinsdag 7 september 1999,EK,groepfase,Polen,Engeland,0,0
Dinsdag 7 september 1999,EK,groepfase,Spanje,Cyprus,8,0
Dinsdag 7 september 1999,EK,groepfase,Israël,San Marino,8,0
Dinsdag 7 september 1999,EK,groepfase,Hongarije,Azerbeidzjan,3,0
Dinsdag 7 september 1999,EK,groepfase,Roemenië,Portugal,1,1
Dinsdag 7 september 1999,EK,groepfase,Slowakije,Liechtenstein,2,0
Dinsdag 7 september 1999,EK,groepfase,N Macedonië,Yugoslavia,2,4
Dinsdag 7 september 1999,EK,groepfase,Malta,Ierland,2,3
Maandag 4 oktober 1999,EK,groepfase,Schotland,Bosnië-Herzeg.,1,0
Dinsdag 5 oktober 1999,EK,groepfase,Griekenland,Albanië,2,0
Vrijdag 8 oktober 1999,EK,groepfase,Tsjechië,Faeröer Eil.,2,0
Vrijdag 8 oktober 1999,EK,groepfase,Estland,Bosnië-Herzeg.,1,4
Vrijdag 8 oktober 1999,EK,groepfase,Schotland,Litouwen,3,0
Vrijdag 8 oktober 1999,EK,groepfase,Wit-Rusland,Italië,0,0
Vrijdag 8 oktober 1999,EK,groepfase,Wales,Zwitserland,0,2
Vrijdag 8 oktober 1999,EK,groepfase,Slovenië,Griekenland,0,3
Vrijdag 8 oktober 1999,EK,groepfase,Albanië,Georgië,2,1
Vrijdag 8 oktober 1999,EK,groepfase,Letland,Noorwegen,1,2
Vrijdag 8 oktober 1999,EK,groepfase,Finland,Noord-Ierland,4,1
Vrijdag 8 oktober 1999,EK,groepfase,Duitsland,Turkije,0,0
Vrijdag 8 oktober 1999,EK,groepfase,Andorra,Armenië,0,3
Vrijdag 8 oktober 1999,EK,groepfase,Rusland,Oekraïne,1,1
Vrijdag 8 oktober 1999,EK,groepfase,Frankrijk,IJsland,3,2
Vrijdag 8 oktober 1999,EK,groepfase,Zweden,Polen,2,0
Vrijdag 8 oktober 1999,EK,groepfase,Azerbeidzjan,Slowakije,0,1
Vrijdag 8 oktober 1999,EK,groepfase,Portugal,Hongarije,3,0
Vrijdag 8 oktober 1999,EK,groepfase,Liechtenstein,Roemenië,0,3
Vrijdag 8 oktober 1999,EK,groepfase,Kroatië,Yugoslavia,2,2
Vrijdag 8 oktober 1999,EK,groepfase,N Macedonië,Ierland,1,1
Zaterdag 9 oktober 1999,EK,groepfase,Bulgarije,Luxemburg,3,0
Zaterdag 9 oktober 1999,EK,groepfase,Spanje,Israël,3,0
Zaterdag 9 oktober 1999,EK,groepfase,Oostenrijk,Cyprus,3,1
Vrijdag 12 november 1999,EK,groepfase,Ierland,Turkije,1,1
Vrijdag 12 november 1999,EK,groepfase,Slovenië,Oekraïne,2,1
Vrijdag 12 november 1999,EK,groepfase,Schotland,Engeland,0,2
Zaterdag 13 november 1999,EK,groepfase,Israël,Denemarken,0,5
Dinsdag 16 november 1999,EK,groepfase,Turkije,Ierland,0,0
Dinsdag 16 november 1999,EK,groepfase,Oekraïne,Slovenië,1,1
Dinsdag 16 november 1999,EK,groepfase,Denemarken,Israël,3,0
Dinsdag 16 november 1999,EK,groepfase,Engeland,Schotland,0,1
Zaterdag 10 juni 2000,EK,groepfase,Frankrijk,Denemarken,3,0
Zaterdag 10 juni 2000,EK,groepfase,Nederland,Tsjechië,1,0
Maandag 12 juni 2000,EK,groepfase,Spanje,Noorwegen,0,1
Maandag 12 juni 2000,EK,groepfase,Yugoslavia,Slovenië,3,3
Donderdag 15 juni 2000,EK,groepfase,Tsjechië,Frankrijk,1,2
Donderdag 15 juni 2000,EK,groepfase,Denemarken,Nederland,0,3
Zaterdag 17 juni 2000,EK,groepfase,Slovenië,Spanje,1,2
Zaterdag 17 juni 2000,EK,groepfase,Noorwegen,Yugoslavia,0,1
Dinsdag 20 juni 2000,EK,groepfase,Yugoslavia,Spanje,3,4
Dinsdag 20 juni 2000,EK,groepfase,Slovenië,Noorwegen,0,0
Dinsdag 20 juni 2000,EK,groepfase,Denemarken,Tsjechië,0,2
Dinsdag 20 juni 2000,EK,groepfase,Frankrijk,Nederland,2,3
Vrijdag 23 juni 2000,EK,groepfase,Turkije,Portugal,0,2
Vrijdag 23 juni 2000,EK,groepfase,Italië,Roemenië,2,0
Zaterdag 24 juni 2000,EK,groepfase,Nederland,Yugoslavia,6,1
Zaterdag 24 juni 2000,EK,groepfase,Spanje,Frankrijk,1,2
Dinsdag 27 juni 2000,EK,groepfase,Frankrijk,Portugal,1,1
Woensdag 28 juni 2000,EK,groepfase,Italië,Nederland,0,0
Zaterdag 1 juli 2000,EK,groepfase,Frankrijk,Italië,1,1
Woensdag 20 april 1994,EK,groepfase,Noord-Ierland,Liechtenstein,4,1
Zondag 4 september 1994,EK,groepfase,Estland,Kroatië,0,2
Zondag 4 september 1994,EK,groepfase,Israël,Polen,2,1
Dinsdag 6 september 1994,EK,groepfase,Tsjechië,Malta,6,1
Woensdag 7 september 1994,EK,groepfase,België,Armenië,2,0
Woensdag 7 september 1994,EK,groepfase,N Macedonië,Denemarken,1,1
Woensdag 7 september 1994,EK,groepfase,Cyprus,Spanje,1,2
Woensdag 7 september 1994,EK,groepfase,IJsland,Zweden,0,1
Woensdag 7 september 1994,EK,groepfase,Hongarije,Turkije,2,2
Woensdag 7 september 1994,EK,groepfase,Slovenië,Italië,1,1
Woensdag 7 september 1994,EK,groepfase,Oekraïne,Litouwen,0,2
Woensdag 7 september 1994,EK,groepfase,Luxemburg,Nederland,0,4
Woensdag 7 september 1994,EK,groepfase,Noorwegen,Wit-Rusland,1,0
Woensdag 7 september 1994,EK,groepfase,Liechtenstein,Oostenrijk,0,4
Woensdag 7 september 1994,EK,groepfase,Letland,Ierland,0,3
Woensdag 7 september 1994,EK,groepfase,Noord-Ierland,Portugal,1,2
Woensdag 7 september 1994,EK,groepfase,Georgië,Moldavië,0,1
Woensdag 7 september 1994,EK,groepfase,Wales,Albanië,2,0
Woensdag 7 september 1994,EK,groepfase,Finland,Schotland,0,2
Woensdag 7 september 1994,EK,groepfase,Faeröer Eil.,Griekenland,1,5
Woensdag 7 september 1994,EK,groepfase,Roemenië,Azerbeidzjan,3,0
Woensdag 7 september 1994,EK,groepfase,Slowakije,Frankrijk,0,0
Zaterdag 8 oktober 1994,EK,groepfase,Armenië,Cyprus,0,0
Zaterdag 8 oktober 1994,EK,groepfase,Estland,Italië,0,2
Zaterdag 8 oktober 1994,EK,groepfase,Frankrijk,Roemenië,0,0
Zondag 9 oktober 1994,EK,groepfase,Kroatië,Litouwen,2,0
Zondag 9 oktober 1994,EK,groepfase,Letland,Portugal,1,3
Woensdag 12 oktober 1994,EK,groepfase,N Macedonië,Spanje,0,2
Woensdag 12 oktober 1994,EK,groepfase,Denemarken,België,3,1
Woensdag 12 oktober 1994,EK,groepfase,Zwitserland,Zweden,4,2
Woensdag 12 oktober 1994,EK,groepfase,Turkije,IJsland,5,0
Woensdag 12 oktober 1994,EK,groepfase,Oekraïne,Slovenië,0,0
Woensdag 12 oktober 1994,EK,groepfase,Noorwegen,Nederland,1,1
Woensdag 12 oktober 1994,EK,groepfase,Malta,Tsjechië,0,0
Woensdag 12 oktober 1994,EK,groepfase,Wit-Rusland,Luxemburg,2,0
Woensdag 12 oktober 1994,EK,groepfase,Ierland,Liechtenstein,4,0
Woensdag 12 oktober 1994,EK,groepfase,Oostenrijk,Noord-Ierland,1,2
Woensdag 12 oktober 1994,EK,groepfase,Bulgarije,Georgië,2,0
Woensdag 12 oktober 1994,EK,groepfase,Moldavië,Wales,3,2
Woensdag 12 oktober 1994,EK,groepfase,Griekenland,Finland,4,0
Woensdag 12 oktober 1994,EK,groepfase,Rusland,San Marino,4,0
Woensdag 12 oktober 1994,EK,groepfase,Schotland,Faeröer Eil.,5,1
Woensdag 12 oktober 1994,EK,groepfase,Polen,Azerbeidzjan,1,0
Woensdag 12 oktober 1994,EK,groepfase,Israël,Slowakije,2,2
Zaterdag 12 november 1994,EK,groepfase,Roemenië,Slowakije,3,2
Zondag 13 november 1994,EK,groepfase,Oekraïne,Estland,3,0
Zondag 13 november 1994,EK,groepfase,Portugal,Oostenrijk,1,0
Dinsdag 15 november 1994,EK,groepfase,Liechtenstein,Letland,0,1
Woensdag 16 november 1994,EK,groepfase,Cyprus,Armenië,2,0
Woensdag 16 november 1994,EK,groepfase,België,N Macedonië,1,1
Woensdag 16 november 1994,EK,groepfase,Spanje,Denemarken,3,0
Woensdag 16 november 1994,EK,groepfase,Zwitserland,IJsland,1,0
Woensdag 16 november 1994,EK,groepfase,Zweden,Hongarije,2,0
Woensdag 16 november 1994,EK,groepfase,Slovenië,Litouwen,1,2
Woensdag 16 november 1994,EK,groepfase,Italië,Kroatië,1,2
Woensdag 16 november 1994,EK,groepfase,Nederland,Tsjechië,0,0
Woensdag 16 november 1994,EK,groepfase,Wit-Rusland,Noorwegen,0,4
Woensdag 16 november 1994,EK,groepfase,Noord-Ierland,Ierland,0,4
Woensdag 16 november 1994,EK,groepfase,Albanië,Duitsland,1,2
Woensdag 16 november 1994,EK,groepfase,Bulgarije,Moldavië,4,1
Woensdag 16 november 1994,EK,groepfase,Georgië,Wales,5,0
Woensdag 16 november 1994,EK,groepfase,Griekenland,San Marino,2,0
Woensdag 16 november 1994,EK,groepfase,Schotland,Rusland,1,1
Woensdag 16 november 1994,EK,groepfase,Finland,Faeröer Eil.,5,0
Woensdag 16 november 1994,EK,groepfase,Azerbeidzjan,Israël,0,2
Woensdag 16 november 1994,EK,groepfase,Polen,Frankrijk,0,0
Dinsdag 13 december 1994,EK,groepfase,Azerbeidzjan,Frankrijk,0,2
Woensdag 14 december 1994,EK,groepfase,Turkije,Zwitserland,1,2
Woensdag 14 december 1994,EK,groepfase,Malta,Noorwegen,0,1
Woensdag 14 december 1994,EK,groepfase,Nederland,Luxemburg,5,0
Woensdag 14 december 1994,EK,groepfase,Moldavië,Duitsland,0,3
Woensdag 14 december 1994,EK,groepfase,Albanië,Georgië,0,1
Woensdag 14 december 1994,EK,groepfase,Wales,Bulgarije,0,3
Woensdag 14 december 1994,EK,groepfase,Finland,San Marino,4,1
Woensdag 14 december 1994,EK,groepfase,Israël,Roemenië,1,1
Zaterdag 17 december 1994,EK,groepfase,België,Spanje,1,4
Zaterdag 17 december 1994,EK,groepfase,N Macedonië,Cyprus,3,0
Zondag 18 december 1994,EK,groepfase,Portugal,Liechtenstein,8,0
Zondag 18 december 1994,EK,groepfase,Duitsland,Albanië,2,1
Zondag 18 december 1994,EK,groepfase,Griekenland,Schotland,1,0
Woensdag 22 februari 1995,EK,groepfase,Malta,Luxemburg,0,1
Zaterdag 25 maart 1995,EK,groepfase,Kroatië,Oekraïne,4,0
Zaterdag 25 maart 1995,EK,groepfase,Italië,Estland,4,1
Woensdag 29 maart 1995,EK,groepfase,Spanje,België,1,1
Woensdag 29 maart 1995,EK,groepfase,Cyprus,Denemarken,1,1
Woensdag 29 maart 1995,EK,groepfase,Turkije,Zweden,2,1
Woensdag 29 maart 1995,EK,groepfase,Hongarije,Zwitserland,2,2
Woensdag 29 maart 1995,EK,groepfase,Slovenië,Estland,3,0
Woensdag 29 maart 1995,EK,groepfase,Oekraïne,Italië,0,2
Woensdag 29 maart 1995,EK,groepfase,Litouwen,Kroatië,0,0
Woensdag 29 maart 1995,EK,groepfase,Nederland,Malta,4,0
Woensdag 29 maart 1995,EK,groepfase,Luxemburg,Noorwegen,0,2
Woensdag 29 maart 1995,EK,groepfase,Tsjechië,Wit-Rusland,4,2
Woensdag 29 maart 1995,EK,groepfase,Ierland,Noord-Ierland,1,1
Woensdag 29 maart 1995,EK,groepfase,Oostenrijk,Letland,5,0
Woensdag 29 maart 1995,EK,groepfase,Albanië,Moldavië,3,0
Woensdag 29 maart 1995,EK,groepfase,Bulgarije,Wales,3,1
Woensdag 29 maart 1995,EK,groepfase,Georgië,Duitsland,0,2
Woensdag 29 maart 1995,EK,groepfase,Rusland,Schotland,0,0
Woensdag 29 maart 1995,EK,groepfase,San Marino,Finland,0,2
Woensdag 29 maart 1995,EK,groepfase,Slowakije,Azerbeidzjan,4,1
Woensdag 29 maart 1995,EK,groepfase,Roemenië,Polen,2,1
Woensdag 29 maart 1995,EK,groepfase,Israël,Frankrijk,0,0
Dinsdag 25 april 1995,EK,groepfase,Polen,Israël,4,3
Woensdag 26 april 1995,EK,groepfase,Armenië,Spanje,0,2
Woensdag 26 april 1995,EK,groepfase,Denemarken,N Macedonië,1,0
Woensdag 26 april 1995,EK,groepfase,België,Cyprus,2,0
Woensdag 26 april 1995,EK,groepfase,Zwitserland,Turkije,1,2
Woensdag 26 april 1995,EK,groepfase,Hongarije,Zweden,1,0
Woensdag 26 april 1995,EK,groepfase,Estland,Oekraïne,0,1
Woensdag 26 april 1995,EK,groepfase,Kroatië,Slovenië,2,0
Woensdag 26 april 1995,EK,groepfase,Litouwen,Italië,0,1
Woensdag 26 april 1995,EK,groepfase,Tsjechië,Nederland,3,1
Woensdag 26 april 1995,EK,groepfase,Noorwegen,Luxemburg,5,0
Woensdag 26 april 1995,EK,groepfase,Wit-Rusland,Malta,1,1
Woensdag 26 april 1995,EK,groepfase,Oostenrijk,Liechtenstein,7,0
Woensdag 26 april 1995,EK,groepfase,Ierland,Portugal,1,0
Woensdag 26 april 1995,EK,groepfase,Letland,Noord-Ierland,0,1
Woensdag 26 april 1995,EK,groepfase,Duitsland,Wales,1,1
Woensdag 26 april 1995,EK,groepfase,Georgië,Albanië,2,0
Woensdag 26 april 1995,EK,groepfase,Moldavië,Bulgarije,0,3
Woensdag 26 april 1995,EK,groepfase,San Marino,Schotland,0,2
Woensdag 26 april 1995,EK,groepfase,Faeröer Eil.,Finland,0,4
Woensdag 26 april 1995,EK,groepfase,Griekenland,Rusland,0,3
Woensdag 26 april 1995,EK,groepfase,Azerbeidzjan,Roemenië,1,4
Woensdag 26 april 1995,EK,groepfase,Frankrijk,Slowakije,4,0
Zaterdag 6 mei 1995,EK,groepfase,Rusland,Faeröer Eil.,3,0
Woensdag 10 mei 1995,EK,groepfase,Armenië,N Macedonië,2,2
Donderdag 25 mei 1995,EK,groepfase,Faeröer Eil.,San Marino,3,0
Donderdag 1 juni 1995,EK,groepfase,Zweden,IJsland,1,1
Zaterdag 3 juni 1995,EK,groepfase,Portugal,Letland,3,2
Zaterdag 3 juni 1995,EK,groepfase,Liechtenstein,Ierland,0,0
Woensdag 7 juni 1995,EK,groepfase,Denemarken,Cyprus,4,0
Woensdag 7 juni 1995,EK,groepfase,N Macedonië,België,0,5
Woensdag 7 juni 1995,EK,groepfase,Spanje,Armenië,1,0
Woensdag 7 juni 1995,EK,groepfase,Litouwen,Slovenië,2,1
Woensdag 7 juni 1995,EK,groepfase,Wit-Rusland,Nederland,1,0
Woensdag 7 juni 1995,EK,groepfase,Noorwegen,Malta,2,0
Woensdag 7 juni 1995,EK,groepfase,Luxemburg,Tsjechië,1,0
Woensdag 7 juni 1995,EK,groepfase,Noord-Ierland,Letland,1,2
Woensdag 7 juni 1995,EK,groepfase,Moldavië,Albanië,2,3
Woensdag 7 juni 1995,EK,groepfase,Wales,Georgië,0,1
Woensdag 7 juni 1995,EK,groepfase,Bulgarije,Duitsland,3,2
Woensdag 7 juni 1995,EK,groepfase,Faeröer Eil.,Schotland,0,2
Woensdag 7 juni 1995,EK,groepfase,San Marino,Rusland,0,7
Woensdag 7 juni 1995,EK,groepfase,Polen,Slowakije,5,0
Woensdag 7 juni 1995,EK,groepfase,Roemenië,Israël,2,1
Zondag 11 juni 1995,EK,groepfase,IJsland,Hongarije,2,1
Zondag 11 juni 1995,EK,groepfase,Estland,Slovenië,1,3
Zondag 11 juni 1995,EK,groepfase,Oekraïne,Kroatië,1,0
Zondag 11 juni 1995,EK,groepfase,Ierland,Oostenrijk,1,3
Zondag 11 juni 1995,EK,groepfase,Finland,Griekenland,2,1
Dinsdag 15 augustus 1995,EK,groepfase,Liechtenstein,Portugal,0,7
Woensdag 16 augustus 1995,EK,groepfase,Armenië,Denemarken,0,2
Woensdag 16 augustus 1995,EK,groepfase,IJsland,Zwitserland,0,2
Woensdag 16 augustus 1995,EK,groepfase,Estland,Litouwen,0,1
Woensdag 16 augustus 1995,EK,groepfase,Noorwegen,Tsjechië,1,1
Woensdag 16 augustus 1995,EK,groepfase,Letland,Oostenrijk,3,2
Woensdag 16 augustus 1995,EK,groepfase,Finland,Rusland,0,6
Woensdag 16 augustus 1995,EK,groepfase,Schotland,Griekenland,1,0
Woensdag 16 augustus 1995,EK,groepfase,Azerbeidzjan,Slowakije,0,1
Woensdag 16 augustus 1995,EK,groepfase,Frankrijk,Polen,1,1
Zondag 3 september 1995,EK,groepfase,Kroatië,Estland,7,1
Zondag 3 september 1995,EK,groepfase,Portugal,Noord-Ierland,1,1
Woensdag 6 september 1995,EK,groepfase,Polen,Roemenië,0,0
Woensdag 6 september 1995,EK,groepfase,Frankrijk,Azerbeidzjan,10,0
Woensdag 6 september 1995,EK,groepfase,Slowakije,Israël,1,0
Woensdag 6 september 1995,EK,groepfase,België,Denemarken,1,3
Woensdag 6 september 1995,EK,groepfase,N Macedonië,Armenië,1,2
Woensdag 6 september 1995,EK,groepfase,Spanje,Cyprus,6,0
Woensdag 6 september 1995,EK,groepfase,Turkije,Hongarije,2,0
Woensdag 6 september 1995,EK,groepfase,Zweden,Zwitserland,0,0
Woensdag 6 september 1995,EK,groepfase,Litouwen,Oekraïne,1,3
Woensdag 6 september 1995,EK,groepfase,Italië,Slovenië,1,0
Woensdag 6 september 1995,EK,groepfase,Luxemburg,Malta,1,0
Woensdag 6 september 1995,EK,groepfase,Tsjechië,Noorwegen,2,0
Woensdag 6 september 1995,EK,groepfase,Nederland,Wit-Rusland,1,0
Woensdag 6 september 1995,EK,groepfase,Letland,Liechtenstein,1,0
Woensdag 6 september 1995,EK,groepfase,Oostenrijk,Ierland,3,1
Woensdag 6 september 1995,EK,groepfase,Duitsland,Georgië,4,1
Woensdag 6 september 1995,EK,groepfase,Albanië,Bulgarije,1,1
Woensdag 6 september 1995,EK,groepfase,Wales,Moldavië,1,0
Woensdag 6 september 1995,EK,groepfase,San Marino,Griekenland,0,4
Woensdag 6 september 1995,EK,groepfase,Faeröer Eil.,Rusland,2,5
Woensdag 6 september 1995,EK,groepfase,Schotland,Finland,1,0
Zaterdag 7 oktober 1995,EK,groepfase,Armenië,België,0,2
Zaterdag 7 oktober 1995,EK,groepfase,Wit-Rusland,Tsjechië,0,2
Zaterdag 7 oktober 1995,EK,groepfase,Bulgarije,Albanië,3,0
Zondag 8 oktober 1995,EK,groepfase,Kroatië,Italië,1,1
Zondag 8 oktober 1995,EK,groepfase,Duitsland,Moldavië,6,1
Woensdag 11 oktober 1995,EK,groepfase,Roemenië,Frankrijk,1,3
Woensdag 11 oktober 1995,EK,groepfase,Slowakije,Polen,4,1
Woensdag 11 oktober 1995,EK,groepfase,Israël,Azerbeidzjan,2,0
Woensdag 11 oktober 1995,EK,groepfase,Denemarken,Spanje,1,1
Woensdag 11 oktober 1995,EK,groepfase,Cyprus,N Macedonië,1,1
Woensdag 11 oktober 1995,EK,groepfase,Zwitserland,Hongarije,3,0
Woensdag 11 oktober 1995,EK,groepfase,IJsland,Turkije,0,0
Woensdag 11 oktober 1995,EK,groepfase,Slovenië,Oekraïne,3,2
Woensdag 11 oktober 1995,EK,groepfase,Litouwen,Estland,5,0
Woensdag 11 oktober 1995,EK,groepfase,Malta,Nederland,0,4
Woensdag 11 oktober 1995,EK,groepfase,Luxemburg,Wit-Rusland,0,0
Woensdag 11 oktober 1995,EK,groepfase,Oostenrijk,Portugal,1,1
Woensdag 11 oktober 1995,EK,groepfase,Ierland,Letland,2,1
Woensdag 11 oktober 1995,EK,groepfase,Liechtenstein,Noord-Ierland,0,4
Woensdag 11 oktober 1995,EK,groepfase,Georgië,Bulgarije,2,1
Woensdag 11 oktober 1995,EK,groepfase,Wales,Duitsland,1,2
Woensdag 11 oktober 1995,EK,groepfase,Rusland,Griekenland,2,1
Woensdag 11 oktober 1995,EK,groepfase,San Marino,Faeröer Eil.,1,3
Zaterdag 11 november 1995,EK,groepfase,Hongarije,IJsland,1,0
Zaterdag 11 november 1995,EK,groepfase,Italië,Oekraïne,3,1
Zondag 12 november 1995,EK,groepfase,Malta,Wit-Rusland,0,2
Woensdag 15 november 1995,EK,groepfase,Slowakije,Roemenië,0,2
Woensdag 15 november 1995,EK,groepfase,Frankrijk,Israël,2,0
Woensdag 15 november 1995,EK,groepfase,Azerbeidzjan,Polen,0,0
Woensdag 15 november 1995,EK,groepfase,Cyprus,België,1,1
Woensdag 15 november 1995,EK,groepfase,Spanje,N Macedonië,3,0
Woensdag 15 november 1995,EK,groepfase,Denemarken,Armenië,3,1
Woensdag 15 november 1995,EK,groepfase,Zweden,Turkije,2,2
Woensdag 15 november 1995,EK,groepfase,Slovenië,Kroatië,1,2
Woensdag 15 november 1995,EK,groepfase,Italië,Litouwen,4,0
Woensdag 15 november 1995,EK,groepfase,Nederland,Noorwegen,3,0
Woensdag 15 november 1995,EK,groepfase,Tsjechië,Luxemburg,3,0
Woensdag 15 november 1995,EK,groepfase,Portugal,Ierland,3,0
Woensdag 15 november 1995,EK,groepfase,Noord-Ierland,Oostenrijk,5,3
Woensdag 15 november 1995,EK,groepfase,Moldavië,Georgië,3,2
Woensdag 15 november 1995,EK,groepfase,Albanië,Wales,1,1
Woensdag 15 november 1995,EK,groepfase,Duitsland,Bulgarije,3,1
Woensdag 15 november 1995,EK,groepfase,Griekenland,Faeröer Eil.,5,0
Woensdag 15 november 1995,EK,groepfase,Schotland,San Marino,5,0
Woensdag 15 november 1995,EK,groepfase,Rusland,Finland,3,1
Woensdag 13 december 1995,EK,groepfase,Nederland,Ierland,2,0
Zaterdag 8 juni 1996,EK,groepfase,Engeland,Zwitserland,1,1
Zondag 9 juni 1996,EK,groepfase,Spanje,Bulgarije,1,1
Zondag 9 juni 1996,EK,groepfase,Duitsland,Tsjechië,2,0
Zondag 9 juni 1996,EK,groepfase,Denemarken,Portugal,1,1
Maandag 10 juni 1996,EK,groepfase,Nederland,Schotland,0,0
Maandag 10 juni 1996,EK,groepfase,Roemenië,Frankrijk,0,1
Dinsdag 11 juni 1996,EK,groepfase,Italië,Rusland,2,1
Dinsdag 11 juni 1996,EK,groepfase,Turkije,Kroatië,0,1
Donderdag 13 juni 1996,EK,groepfase,Zwitserland,Nederland,0,2
Donderdag 13 juni 1996,EK,groepfase,Bulgarije,Roemenië,1,0
Vrijdag 14 juni 1996,EK,groepfase,Tsjechië,Italië,2,1
Vrijdag 14 juni 1996,EK,groepfase,Portugal,Turkije,1,0
Zaterdag 15 juni 1996,EK,groepfase,Schotland,Engeland,0,2
Zaterdag 15 juni 1996,EK,groepfase,Frankrijk,Spanje,1,1
Zondag 16 juni 1996,EK,groepfase,Rusland,Duitsland,0,3
Zondag 16 juni 1996,EK,groepfase,Kroatië,Denemarken,3,0
Dinsdag 18 juni 1996,EK,groepfase,Schotland,Zwitserland,1,0
Dinsdag 18 juni 1996,EK,groepfase,Nederland,Engeland,1,4
Dinsdag 18 juni 1996,EK,groepfase,Frankrijk,Bulgarije,3,1
Dinsdag 18 juni 1996,EK,groepfase,Roemenië,Spanje,1,2
Woensdag 19 juni 1996,EK,groepfase,Rusland,Tsjechië,3,3
Woensdag 19 juni 1996,EK,groepfase,Italië,Duitsland,0,0
Woensdag 19 juni 1996,EK,groepfase,Kroatië,Portugal,0,3
Woensdag 19 juni 1996,EK,groepfase,Turkije,Denemarken,0,3
Zaterdag 22 juni 1996,EK,groepfase,Spanje,Engeland,0,0
Zaterdag 22 juni 1996,EK,groepfase,Frankrijk,Nederland,0,0
Zondag 23 juni 1996,EK,groepfase,Duitsland,Kroatië,2,1
Zondag 23 juni 1996,EK,groepfase,Tsjechië,Portugal,1,0
Woensdag 26 juni 1996,EK,groepfase,Frankrijk,Tsjechië,0,0
Woensdag 26 juni 1996,EK,groepfase,Duitsland,Engeland,1,1
Zondag 30 juni 1996,EK,groepfase,Tsjechië,Duitsland,1,2
