1960,10.07. 21:30,Sovjet-Unie,Yugoslavia,2,1
1960,09.07. 18:00,Czechoslovakia,Frankrijk,2,0
1960,06.07. 20:30,Czechoslovakia,Sovjet-Unie,0,3
1960,06.07. 20:00,Frankrijk,Yugoslavia,4,5
1960,29.05. 17:00,Czechoslovakia,Roemenië,3,0
1960,22.05. 17:00,Roemenië,Czechoslovakia,0,2
1960,22.05. 17:00,Yugoslavia,Portugal,5,1
1960,08.05. 17:00,Portugal,Yugoslavia,2,1
1960,27.03. 17:00,Oostenrijk,Frankrijk,2,4
1960,13.12. 17:00,Frankrijk,Oostenrijk,5,2
1960,25.10. 17:00,Bulgarije,Yugoslavia,1,1
1960,18.10. 17:00,Czechoslovakia,Denemarken,5,1
1960,14.10. 17:00,Spanje,Polen,3,0
1960,27.09. 17:00,Hongarije,Sovjet-Unie,0,1
1960,23.09. 17:00,Denemarken,Czechoslovakia,2,2
1960,23.09. 17:00,Oostenrijk,Noorwegen,5,2
1960,28.06. 17:00,Polen,Spanje,2,4
1960,28.06. 17:00,Portugal,German Democratic Republic,3,2
1960,21.06. 17:00,German Democratic Republic,Portugal,0,2
1960,31.05. 17:00,Yugoslavia,Bulgarije,2,0
1960,20.05. 17:00,Noorwegen,Oostenrijk,0,1
1960,10.05. 17:00,Czechoslovakia,Ierland,4,0
1960,26.04. 17:00,Turkije,Roemenië,2,0
1960,05.04. 17:00,Ierland,Czechoslovakia,2,0
1960,03.12. 17:00,Griekenland,Frankrijk,1,1
1960,02.11. 17:00,Roemenië,Turkije,3,0
1960,01.10. 17:00,Frankrijk,Griekenland,7,1
1960,28.09. 17:00,Sovjet-Unie,Hongarije,3,1
1964,21.06. 18:30,Spanje,Sovjet-Unie,2,1
1964,20.06. 20:00,Hongarije,Denemarken,3,1
1964,17.06. 22:30,Denemarken,Sovjet-Unie,0,3
1964,17.06. 20:00,Spanje,Hongarije,2,1
1964,27.05. 17:00,Sovjet-Unie,Zweden,3,1
1964,23.05. 17:00,Hongarije,Frankrijk,2,1
1964,13.05. 17:00,Zweden,Sovjet-Unie,1,1
1964,25.04. 17:00,Frankrijk,Hongarije,1,3
1964,08.04. 17:00,Ierland,Spanje,0,2
1964,11.03. 17:00,Spanje,Ierland,5,1
1964,18.12. 17:00,Denemarken,Luxemburg,1,0
1964,10.12. 17:00,Denemarken,Luxemburg,2,2
1964,04.12. 17:00,Luxemburg,Denemarken,3,3
1964,10.11. 17:00,Italië,Sovjet-Unie,1,1
1964,03.11. 17:00,Hongarije,German Democratic Republic,3,3
1964,30.10. 17:00,Albanië,Denemarken,1,0
1964,30.10. 17:00,Nederland,Luxemburg,1,2
1964,30.10. 17:00,Noord-Ierland,Spanje,0,1
1964,26.10. 17:00,Frankrijk,Bulgarije,3,1
1964,19.10. 17:00,German Democratic Republic,Hongarije,1,2
1964,13.10. 17:00,Ierland,Oostenrijk,3,2
1964,13.10. 17:00,Sovjet-Unie,Italië,2,0
1964,29.09. 17:00,Bulgarije,Frankrijk,1,0
1964,25.09. 17:00,Oostenrijk,Ierland,0,0
1964,18.09. 17:00,Zweden,Yugoslavia,3,2
1964,11.09. 17:00,Luxemburg,Nederland,1,1
1964,29.06. 17:00,Denemarken,Albanië,4,0
1964,19.06. 17:00,Yugoslavia,Zweden,0,0
1964,30.05. 17:00,Spanje,Noord-Ierland,1,1
1964,31.03. 17:00,België,Yugoslavia,0,1
1964,31.03. 17:00,Czechoslovakia,German Democratic Republic,1,1
1964,31.03. 17:00,Zwitserland,Nederland,1,1
1964,27.03. 17:00,Turkije,Italië,0,1
1964,20.03. 17:00,Wales,Hongarije,1,1
1964,27.02. 17:00,Frankrijk,Engeland,5,2
1964,23.01. 17:00,Bulgarije,Portugal,1,0
1964,16.12. 17:00,Portugal,Bulgarije,3,1
1964,08.12. 17:00,Malta,Denemarken,1,3
1964,02.12. 17:00,Italië,Turkije,6,0
1964,28.11. 17:00,Noord-Ierland,Polen,2,0
1964,25.11. 17:00,Roemenië,Spanje,3,1
1964,21.11. 17:00,German Democratic Republic,Czechoslovakia,2,1
1964,11.11. 17:00,Nederland,Zwitserland,3,1
1964,07.11. 17:00,Bulgarije,Portugal,3,1
1964,07.11. 17:00,Hongarije,Wales,3,1
1964,04.11. 17:00,Yugoslavia,België,3,2
1964,04.11. 17:00,Zweden,Noorwegen,1,1
1964,01.11. 17:00,Spanje,Roemenië,6,0
1964,10.10. 17:00,Polen,Noord-Ierland,0,2
1964,03.10. 17:00,Engeland,Frankrijk,1,1
1964,02.09. 17:00,IJsland,Ierland,1,1
1964,12.08. 17:00,Ierland,IJsland,4,2
1964,28.06. 17:00,Denemarken,Malta,6,1
1964,21.06. 17:00,Noorwegen,Zweden,0,2
1968,10.06. 21:15,Italië,Yugoslavia,2,0
1968,08.06. 21:15,Italië,Yugoslavia,1,1
1968,08.06. 16:45,Engeland,Sovjet-Unie,2,0
1968,05.06. 21:15,Yugoslavia,Engeland,1,0
1968,05.06. 18:00,Italië,Sovjet-Unie,0,0
1968,11.05. 17:30,Sovjet-Unie,Hongarije,3,0
1968,08.05. 20:30,Spanje,Engeland,1,2
1968,04.05. 17:00,Hongarije,Sovjet-Unie,2,0
1968,24.04. 16:30,Yugoslavia,Frankrijk,5,1
1968,20.04. 16:00,Italië,Bulgarije,2,0
1968,06.04. 16:00,Bulgarije,Italië,3,2
1968,06.04. 16:00,Frankrijk,Yugoslavia,1,1
1968,03.04. 20:45,Engeland,Spanje,1,0
1968,28.02. 17:00,Wales,Noord-Ierland,2,0
1968,24.02. 17:00,Schotland,Engeland,1,1
1968,17.02. 17:00,Cyprus,Zwitserland,2,1
1968,23.12. 17:00,Frankrijk,Luxemburg,3,1
1968,23.12. 17:00,Italië,Zwitserland,4,0
1968,17.12. 17:00,Albanië,Duitsland,0,0
1968,17.12. 17:00,Portugal,Bulgarije,0,0
1968,26.11. 17:00,Bulgarije,Portugal,1,0
1968,22.11. 17:00,België,Luxemburg,3,0
1968,22.11. 17:00,Czechoslovakia,Ierland,1,2
1968,22.11. 17:00,Engeland,Noord-Ierland,2,0
1968,22.11. 17:00,Schotland,Wales,3,2
1968,18.11. 17:00,Zwitserland,Italië,2,2
1968,15.11. 17:00,Turkije,Czechoslovakia,0,0
1968,12.11. 17:00,Bulgarije,Zweden,3,0
1968,12.11. 17:00,Portugal,Noorwegen,2,1
1968,12.11. 17:00,Yugoslavia,Albanië,4,0
1968,08.11. 17:00,Zwitserland,Cyprus,5,0
1968,05.11. 17:00,Zweden,Noorwegen,5,2
1968,01.11. 17:00,Italië,Cyprus,5,0
1968,31.10. 17:00,Griekenland,Sovjet-Unie,0,1
1968,29.10. 17:00,German Democratic Republic,Hongarije,1,0
1968,28.10. 17:00,Frankrijk,België,1,1
1968,22.10. 17:00,Spanje,Czechoslovakia,2,1
1968,21.10. 17:00,Noord-Ierland,Schotland,1,0
1968,21.10. 17:00,Wales,Engeland,0,3
1968,15.10. 17:00,Oostenrijk,Sovjet-Unie,1,0
1968,11.10. 17:00,German Democratic Republic,Denemarken,3,2
1968,08.10. 17:00,België,Polen,2,4
1968,07.10. 17:00,Duitsland,Yugoslavia,3,1
1968,04.10. 17:00,Denemarken,Nederland,3,2
1968,04.10. 17:00,Griekenland,Oostenrijk,4,1
1968,01.10. 17:00,Czechoslovakia,Spanje,1,0
1968,27.09. 17:00,Hongarije,German Democratic Republic,3,1
1968,24.09. 17:00,Oostenrijk,Finland,2,1
1968,17.09. 17:00,Polen,Frankrijk,1,4
1968,13.09. 17:00,Nederland,German Democratic Republic,1,0
1968,06.09. 17:00,Finland,Sovjet-Unie,2,5
1968,03.09. 17:00,Noorwegen,Zweden,3,1
1968,30.08. 17:00,Sovjet-Unie,Finland,2,0
1968,16.07. 17:00,Sovjet-Unie,Griekenland,4,0
1968,29.06. 17:00,Noorwegen,Bulgarije,0,0
1968,25.06. 17:00,Roemenië,Italië,0,1
1968,18.06. 17:00,Czechoslovakia,Turkije,3,0
1968,11.06. 17:00,Sovjet-Unie,Oostenrijk,4,3
1968,11.06. 17:00,Zweden,Bulgarije,0,2
1968,08.06. 17:00,Noorwegen,Portugal,1,2
1968,04.06. 17:00,Denemarken,German Democratic Republic,1,1
1968,01.06. 17:00,Zweden,Portugal,1,1
1968,31.05. 17:00,Spanje,Turkije,2,0
1968,24.05. 17:00,Denemarken,Hongarije,0,2
1968,24.05. 17:00,Zwitserland,Roemenië,7,1
1968,21.05. 17:00,Ierland,Czechoslovakia,0,2
1968,21.05. 17:00,Polen,België,3,1
1968,14.05. 17:00,Albanië,Yugoslavia,0,2
1968,10.05. 17:00,Finland,Griekenland,1,1
1968,10.05. 17:00,Hongarije,Nederland,2,1
1968,03.05. 17:00,Yugoslavia,Duitsland,1,0
1968,23.04. 17:00,Roemenië,Cyprus,7,0
1968,16.04. 17:00,Luxemburg,Polen,0,0
1968,15.04. 17:00,Engeland,Schotland,2,3
1968,12.04. 17:00,Noord-Ierland,Wales,0,0
1968,08.04. 17:00,Duitsland,Albanië,6,0
1968,05.04. 17:00,German Democratic Republic,Nederland,4,3
1968,22.03. 17:00,Cyprus,Italië,0,2
1968,19.03. 17:00,Luxemburg,België,0,5
1968,22.02. 17:00,Turkije,Ierland,2,1
1968,01.02. 17:00,Turkije,Spanje,0,0
1968,07.12. 17:00,Spanje,Ierland,2,0
1968,03.12. 17:00,Cyprus,Roemenië,1,5
1968,30.11. 17:00,Nederland,Denemarken,2,0
1968,26.11. 17:00,Italië,Roemenië,3,1
1968,26.11. 17:00,Luxemburg,Frankrijk,0,3
1968,16.11. 17:00,Engeland,Wales,5,1
1968,16.11. 17:00,Ierland,Turkije,2,1
1968,16.11. 17:00,Schotland,Noord-Ierland,2,1
1968,13.11. 17:00,Bulgarije,Noorwegen,4,2
1968,13.11. 17:00,Portugal,Zweden,1,2
1968,11.11. 17:00,België,Frankrijk,2,1
1968,02.11. 17:00,Roemenië,Zwitserland,4,2
1968,23.10. 17:00,Ierland,Spanje,0,0
1968,22.10. 17:00,Frankrijk,Polen,2,1
1968,22.10. 17:00,Noord-Ierland,Engeland,0,2
1968,22.10. 17:00,Wales,Schotland,1,1
1968,16.10. 17:00,Griekenland,Finland,2,1
1968,02.10. 17:00,Finland,Oostenrijk,0,0
1968,02.10. 17:00,Polen,Luxemburg,4,0
1968,21.09. 17:00,Hongarije,Denemarken,6,0
1968,07.09. 17:00,Nederland,Hongarije,2,2
1972,18.06. 16:00,Duitsland,Sovjet-Unie,3,0
1972,17.06. 20:00,Hongarije,België,1,2
1972,14.06. 20:00,België,Duitsland,1,2
1972,14.06. 20:00,Hongarije,Sovjet-Unie,0,1
1972,17.05. 20:00,Hongarije,Roemenië,2,1
1972,14.05. 16:00,Roemenië,Hongarije,2,2
1972,13.05. 20:00,België,Italië,2,1
1972,13.05. 16:00,Duitsland,Engeland,0,0
1972,13.05. 15:00,Sovjet-Unie,Yugoslavia,3,0
1972,30.04. 16:00,Yugoslavia,Sovjet-Unie,0,0
1972,29.04. 20:45,Engeland,Duitsland,1,3
1972,29.04. 17:00,Hongarije,Roemenië,1,1
1972,29.04. 15:30,Italië,België,0,0
1972,16.02. 16:00,Noord-Ierland,Spanje,1,1
1972,05.12. 13:30,Turkije,Polen,1,0
1972,04.12. 13:30,Bulgarije,Frankrijk,2,1
1972,01.12. 13:45,Griekenland,Engeland,0,2
1972,24.11. 20:00,Spanje,Cyprus,7,0
1972,24.11. 13:00,Roemenië,Wales,2,0
1972,21.11. 16:00,Portugal,België,1,1
1972,20.11. 14:30,Italië,Oostenrijk,2,2
1972,17.11. 20:00,Luxemburg,Nederland,0,8
1972,17.11. 15:00,Duitsland,Polen,0,0
1972,14.11. 14:00,Albanië,Turkije,3,0
1972,14.11. 13:00,Roemenië,Czechoslovakia,2,1
1972,10.11. 20:45,Engeland,Zwitserland,1,1
1972,10.11. 20:30,Frankrijk,Bulgarije,2,1
1972,10.11. 20:30,Schotland,België,1,0
1972,27.10. 20:30,Spanje,Sovjet-Unie,0,0
1972,27.10. 18:00,Czechoslovakia,Wales,1,0
1972,27.10. 17:30,Hongarije,Noorwegen,4,0
1972,27.10. 14:30,Yugoslavia,Luxemburg,0,0
1972,16.10. 14:30,Yugoslavia,German Democratic Republic,0,0
1972,13.10. 21:00,Schotland,Portugal,2,1
1972,13.10. 20:30,Wales,Finland,3,0
1972,13.10. 20:00,Zwitserland,Engeland,2,3
1972,13.10. 17:00,Noord-Ierland,Sovjet-Unie,1,1
1972,10.10. 15:00,Oostenrijk,Ierland,6,0
1972,10.10. 14:30,Nederland,German Democratic Republic,3,2
1972,10.10. 12:00,Polen,Duitsland,1,3
1972,09.10. 15:00,Frankrijk,Hongarije,0,2
1972,09.10. 14:30,Italië,Zweden,3,0
1972,25.09. 17:30,Hongarije,Bulgarije,2,0
1972,22.09. 17:30,Finland,Roemenië,0,4
1972,22.09. 17:30,Sovjet-Unie,Noord-Ierland,1,0
1972,22.09. 15:15,Polen,Turkije,5,1
1972,08.09. 19:00,Noorwegen,Frankrijk,1,3
1972,04.09. 15:00,Oostenrijk,Zweden,1,0
1972,18.06. 20:00,Griekenland,Malta,2,0
1972,16.06. 18:00,Finland,Czechoslovakia,0,4
1972,12.06. 15:30,Duitsland,Albanië,2,0
1972,09.06. 19:00,Denemarken,Schotland,1,0
1972,09.06. 19:00,Noorwegen,Bulgarije,1,4
1972,09.06. 19:00,Zweden,Italië,0,0
1972,07.06. 17:30,Sovjet-Unie,Cyprus,6,1
1972,30.05. 16:30,Ierland,Oostenrijk,1,4
1972,30.05. 16:30,Sovjet-Unie,Spanje,2,1
1972,26.05. 19:00,Denemarken,België,1,2
1972,26.05. 19:00,Zweden,Oostenrijk,1,0
1972,26.05. 18:00,Finland,Wales,0,1
1972,19.05. 17:30,Bulgarije,Hongarije,3,0
1972,16.05. 17:00,Czechoslovakia,Roemenië,1,0
1972,12.05. 22:30,Portugal,Denemarken,5,0
1972,12.05. 20:45,Engeland,Malta,5,0
1972,12.05. 20:00,Zwitserland,Griekenland,1,0
1972,12.05. 16:00,Albanië,Polen,1,1
1972,10.05. 20:00,Ierland,Italië,1,2
1972,09.05. 15:30,Cyprus,Spanje,0,2
1972,09.05. 15:00,German Democratic Republic,Yugoslavia,1,2
1972,25.04. 14:00,Turkije,Duitsland,0,3
1972,24.04. 16:30,Hongarije,Frankrijk,1,1
1972,24.04. 15:00,German Democratic Republic,Luxemburg,2,1
1972,21.04. 22:30,Portugal,Schotland,2,0
1972,21.04. 20:45,Noord-Ierland,Cyprus,5,0
1972,21.04. 20:30,Engeland,Griekenland,3,0
1972,21.04. 20:30,Wales,Czechoslovakia,1,3
1972,21.04. 19:45,Zwitserland,Malta,5,0
1972,04.04. 15:00,Yugoslavia,Nederland,2,0
1972,24.02. 20:30,Nederland,Luxemburg,6,0
1972,17.02. 20:00,België,Portugal,3,0
1972,17.02. 14:30,Albanië,Duitsland,0,1
1972,03.02. 20:00,België,Schotland,3,0
1972,03.02. 15:00,Malta,Engeland,0,1
1972,03.02. 14:00,Cyprus,Noord-Ierland,0,3
1972,20.12. 14:30,Malta,Zwitserland,1,2
1972,16.12. 13:45,Griekenland,Zwitserland,0,1
1972,13.12. 13:30,Turkije,Albanië,2,1
1972,08.12. 14:30,Italië,Ierland,3,0
1972,25.11. 20:00,België,Denemarken,2,0
1972,15.11. 14:45,Luxemburg,German Democratic Republic,0,5
1972,15.11. 14:30,Bulgarije,Noorwegen,1,1
1972,15.11. 14:00,Cyprus,Sovjet-Unie,1,3
1972,11.11. 21:00,Schotland,Denemarken,1,0
1972,11.11. 20:30,Spanje,Noord-Ierland,3,0
1972,11.11. 18:30,German Democratic Republic,Nederland,1,0
1972,11.11. 17:30,Wales,Roemenië,0,0
1972,11.11. 17:00,Frankrijk,Noorwegen,3,1
1972,31.10. 15:00,Oostenrijk,Italië,1,2
1972,28.10. 19:00,Zweden,Ierland,1,0
1972,17.10. 15:30,Duitsland,Turkije,1,1
1972,14.10. 21:00,Ierland,Zweden,1,1
1972,14.10. 19:30,Luxemburg,Yugoslavia,0,2
1972,14.10. 19:00,Denemarken,Portugal,0,1
1972,14.10. 17:30,Polen,Albanië,3,0
1972,11.10. 15:00,Malta,Griekenland,1,1
1972,11.10. 14:30,Nederland,Yugoslavia,1,1
1972,11.10. 14:30,Roemenië,Finland,3,0
1976,20.06. 20:15,Czechoslovakia,Duitsland,3,2
1976,19.06. 20:15,Nederland,Yugoslavia,3,2
1976,17.06. 20:15,Yugoslavia,Duitsland,2,4
1976,16.06. 20:15,Czechoslovakia,Nederland,3,1
1976,22.05. 20:00,België,Nederland,1,2
1976,22.05. 18:00,Sovjet-Unie,Czechoslovakia,2,2
1976,22.05. 16:00,Duitsland,Spanje,2,0
1976,22.05. 16:00,Wales,Yugoslavia,1,1
1976,25.04. 14:30,Nederland,België,5,0
1976,24.04. 21:00,Spanje,Duitsland,1,1
1976,24.04. 18:00,Czechoslovakia,Sovjet-Unie,2,0
1976,24.04. 17:30,Yugoslavia,Wales,2,0
1976,28.02. 15:30,Duitsland,Malta,8,0
1976,21.12. 14:30,Malta,Bulgarije,0,2
1976,17.12. 21:00,Schotland,Roemenië,1,1
1976,03.12. 22:00,Portugal,Cyprus,1,0
1976,23.11. 14:00,Turkije,Sovjet-Unie,1,0
1976,23.11. 13:45,Cyprus,Czechoslovakia,0,3
1976,22.11. 14:30,Italië,Nederland,1,0
1976,19.11. 22:00,Portugal,Engeland,1,1
1976,19.11. 20:30,Wales,Oostenrijk,1,0
1976,19.11. 18:00,Yugoslavia,Noord-Ierland,1,0
1976,19.11. 15:00,Duitsland,Bulgarije,1,0
1976,16.11. 13:00,Roemenië,Spanje,2,2
1976,15.11. 20:30,Frankrijk,België,0,0
1976,12.11. 22:30,Portugal,Czechoslovakia,1,1
1976,12.11. 18:00,Sovjet-Unie,Zwitserland,4,1
1976,30.10. 14:00,Czechoslovakia,Engeland,2,1
1976,29.10. 21:00,Schotland,Denemarken,3,1
1976,29.10. 16:00,Ierland,Turkije,4,0
1976,29.10. 15:30,Noord-Ierland,Noorwegen,3,0
1976,26.10. 14:00,Polen,Italië,0,0
1976,19.10. 13:30,Hongarije,Luxemburg,8,1
1976,15.10. 20:15,Nederland,Polen,3,0
1976,15.10. 19:00,Oostenrijk,Luxemburg,6,2
1976,15.10. 18:00,Yugoslavia,Zweden,3,0
1976,12.10. 20:30,Spanje,Denemarken,2,0
1976,12.10. 15:00,Zwitserland,Sovjet-Unie,0,1
1976,12.10. 14:30,German Democratic Republic,Frankrijk,2,1
1976,11.10. 20:30,Duitsland,Griekenland,1,1
1976,27.09. 20:00,België,German Democratic Republic,1,2
1976,27.09. 16:30,Italië,Finland,0,0
1976,24.09. 17:15,Hongarije,Oostenrijk,2,1
1976,10.09. 17:30,Polen,Nederland,4,1
1976,06.09. 20:00,België,IJsland,1,0
1976,03.09. 20:30,Frankrijk,IJsland,3,0
1976,03.09. 20:00,Nederland,Finland,4,1
1976,03.09. 19:00,Denemarken,Schotland,0,1
1976,03.09. 18:30,Noord-Ierland,Zweden,1,2
1976,13.08. 19:00,Noorwegen,Zweden,0,2
1976,30.06. 19:00,Zweden,Noorwegen,3,1
1976,11.06. 16:00,Bulgarije,Malta,5,0
1976,09.06. 19:00,Noorwegen,Yugoslavia,1,3
1976,08.06. 15:45,Cyprus,Portugal,0,2
1976,05.06. 21:00,IJsland,German Democratic Republic,2,1
1976,05.06. 18:00,Finland,Italië,0,1
1976,04.06. 20:00,Griekenland,Malta,4,0
1976,04.06. 19:00,Zweden,Yugoslavia,1,2
1976,01.06. 16:30,Roemenië,Schotland,1,1
1976,25.05. 15:00,IJsland,Frankrijk,0,0
1976,21.05. 20:00,Zwitserland,Ierland,1,0
1976,18.05. 18:30,Sovjet-Unie,Ierland,2,1
1976,11.05. 16:00,Roemenië,Denemarken,6,1
1976,11.05. 15:45,Cyprus,Engeland,0,1
1976,10.05. 16:30,Ierland,Zwitserland,2,1
1976,01.05. 16:00,Luxemburg,Wales,1,3
1976,30.04. 20:15,Zwitserland,Turkije,1,1
1976,30.04. 17:00,Czechoslovakia,Portugal,5,0
1976,27.04. 16:00,Bulgarije,Duitsland,1,1
1976,20.04. 17:00,Czechoslovakia,Cyprus,4,0
1976,19.04. 15:30,Italië,Polen,0,0
1976,17.04. 20:30,Spanje,Roemenië,1,1
1976,16.04. 20:45,Engeland,Cyprus,5,0
1976,16.04. 18:00,Noord-Ierland,Yugoslavia,1,0
1976,16.04. 17:30,Hongarije,Wales,1,2
1976,02.04. 19:30,Oostenrijk,Hongarije,0,0
1976,02.04. 18:00,Sovjet-Unie,Turkije,3,0
1976,16.03. 15:30,Luxemburg,Oostenrijk,1,2
1976,23.02. 15:30,Malta,Griekenland,2,0
1976,05.02. 20:30,Spanje,Schotland,1,1
1976,22.12. 14:30,Malta,Duitsland,0,1
1976,18.12. 15:00,Griekenland,Bulgarije,2,1
1976,07.12. 17:30,German Democratic Republic,België,0,0
1976,01.12. 19:00,Turkije,Zwitserland,2,1
1976,20.11. 21:00,Schotland,Spanje,1,2
1976,20.11. 20:45,Engeland,Portugal,0,0
1976,20.11. 20:30,Nederland,Italië,3,1
1976,20.11. 20:30,Wales,Luxemburg,5,0
1976,20.11. 19:00,Turkije,Ierland,1,1
1976,20.11. 15:00,Griekenland,Duitsland,2,2
1976,16.11. 20:30,Frankrijk,German Democratic Republic,2,2
1976,30.10. 20:45,Engeland,Czechoslovakia,3,0
1976,30.10. 20:30,Wales,Hongarije,2,0
1976,30.10. 19:00,Yugoslavia,Noorwegen,3,1
1976,30.10. 19:00,Zweden,Noord-Ierland,0,2
1976,30.10. 16:00,Ierland,Sovjet-Unie,3,0
1976,13.10. 15:45,Luxemburg,Hongarije,2,4
1976,13.10. 15:00,Bulgarije,Griekenland,3,3
1976,13.10. 13:30,Denemarken,Roemenië,0,0
1976,12.10. 20:00,België,Frankrijk,2,1
1976,12.10. 17:00,German Democratic Republic,IJsland,1,1
1976,09.10. 14:30,Polen,Finland,3,0
1976,25.09. 19:00,Denemarken,Spanje,1,2
1976,25.09. 17:30,Finland,Nederland,1,3
1980,22.06. 20:30,België,Duitsland,1,2
1980,21.06. 20:30,Czechoslovakia,Italië,2,1
1980,18.06. 20:30,Italië,België,0,0
1980,18.06. 17:45,Spanje,Engeland,1,2
1980,17.06. 20:30,Griekenland,Duitsland,0,0
1980,17.06. 17:45,Nederland,Czechoslovakia,1,1
1980,15.06. 20:30,Engeland,Italië,0,1
1980,15.06. 17:45,België,Spanje,2,1
1980,14.06. 20:30,Griekenland,Czechoslovakia,1,3
1980,14.06. 17:45,Duitsland,Nederland,3,2
1980,12.06. 20:30,Spanje,Italië,0,0
1980,12.06. 17:45,België,Engeland,1,1
1980,11.06. 20:30,Nederland,Griekenland,1,0
1980,11.06. 17:45,Czechoslovakia,Duitsland,0,1
1980,26.03. 17:00,Schotland,Portugal,4,1
1980,27.02. 17:00,Duitsland,Malta,8,0
1980,06.02. 17:00,Engeland,Ierland,2,0
1980,22.12. 17:00,Duitsland,Turkije,2,0
1980,19.12. 17:00,Schotland,België,1,3
1980,09.12. 17:00,Cyprus,Spanje,1,3
1980,24.11. 17:00,Czechoslovakia,Luxemburg,4,0
1980,22.11. 17:00,Engeland,Bulgarije,2,0
1980,21.11. 17:00,België,Schotland,2,0
1980,21.11. 17:00,German Democratic Republic,Nederland,2,3
1980,21.11. 17:00,Noord-Ierland,Ierland,1,0
1980,21.11. 17:00,Portugal,Oostenrijk,1,2
1980,21.11. 17:00,Turkije,Wales,1,0
1980,18.11. 17:00,Roemenië,Cyprus,2,0
1980,17.11. 17:00,Frankrijk,Czechoslovakia,2,1
1980,14.11. 17:00,Yugoslavia,Cyprus,5,0
1980,01.11. 17:00,Portugal,Noorwegen,3,1
1980,31.10. 17:00,Bulgarije,Denemarken,3,0
1980,31.10. 17:00,Sovjet-Unie,Finland,2,2
1980,31.10. 17:00,Yugoslavia,Roemenië,2,1
1980,28.10. 17:00,Malta,Turkije,1,2
1980,23.10. 17:00,Luxemburg,Zweden,1,1
1980,17.10. 17:00,België,Portugal,2,0
1980,17.10. 17:00,Duitsland,Wales,5,1
1980,17.10. 17:00,Hongarije,Finland,3,1
1980,17.10. 17:00,Ierland,Bulgarije,3,0
1980,17.10. 17:00,Nederland,Polen,1,1
1980,17.10. 17:00,Noord-Ierland,Engeland,1,5
1980,17.10. 17:00,Schotland,Oostenrijk,1,1
1980,13.10. 17:00,German Democratic Republic,Zwitserland,5,2
1980,10.10. 17:00,Czechoslovakia,Zweden,4,1
1980,10.10. 17:00,Polen,IJsland,2,0
1980,10.10. 17:00,Spanje,Yugoslavia,0,1
1980,26.09. 17:00,Polen,German Democratic Republic,1,1
1980,12.09. 17:00,Engeland,Denemarken,1,0
1980,12.09. 17:00,Griekenland,Sovjet-Unie,1,0
1980,12.09. 17:00,IJsland,German Democratic Republic,0,3
1980,12.09. 17:00,Noorwegen,België,1,2
1980,12.09. 17:00,Zwitserland,Polen,0,2
1980,05.09. 17:00,IJsland,Nederland,0,4
1980,05.09. 17:00,Zweden,Frankrijk,1,3
1980,29.08. 17:00,Oostenrijk,Noorwegen,4,0
1980,04.07. 17:00,Finland,Sovjet-Unie,1,1
1980,09.06. 17:00,IJsland,Zwitserland,1,2
1980,07.06. 17:00,Noorwegen,Schotland,0,4
1980,07.06. 17:00,Zweden,Luxemburg,3,0
1980,06.06. 17:00,Bulgarije,Engeland,0,3
1980,06.06. 17:00,Denemarken,Noord-Ierland,4,0
1980,02.06. 17:00,Malta,Wales,0,2
1980,22.05. 17:00,Zwitserland,IJsland,2,0
1980,19.05. 17:00,Bulgarije,Ierland,1,0
1980,19.05. 17:00,Sovjet-Unie,Hongarije,2,2
1980,13.05. 17:00,Cyprus,Roemenië,1,1
1980,09.05. 17:00,Noorwegen,Portugal,0,1
1980,05.05. 17:00,Zwitserland,German Democratic Republic,0,2
1980,02.05. 17:00,Hongarije,Griekenland,0,0
1980,02.05. 17:00,Ierland,Denemarken,2,0
1980,02.05. 17:00,Noord-Ierland,Bulgarije,2,0
1980,02.05. 17:00,Oostenrijk,België,0,0
1980,02.05. 17:00,Polen,Nederland,2,0
1980,02.05. 17:00,Wales,Duitsland,0,2
1980,01.05. 17:00,Luxemburg,Czechoslovakia,0,3
1980,18.04. 17:00,German Democratic Republic,Polen,2,1
1980,04.04. 17:00,Czechoslovakia,Frankrijk,2,0
1980,04.04. 17:00,Roemenië,Spanje,2,2
1980,01.04. 17:00,Cyprus,Yugoslavia,0,3
1980,01.04. 17:00,Turkije,Duitsland,0,0
1980,28.03. 17:00,België,Oostenrijk,1,1
1980,28.03. 17:00,Nederland,Zwitserland,3,0
1980,18.03. 17:00,Turkije,Malta,2,1
1980,25.02. 17:00,Frankrijk,Luxemburg,3,0
1980,25.02. 17:00,Malta,Duitsland,0,0
1980,07.02. 17:00,Engeland,Noord-Ierland,4,0
1980,13.12. 17:00,Spanje,Cyprus,5,0
1980,29.11. 17:00,Bulgarije,Noord-Ierland,0,2
1980,29.11. 17:00,Portugal,Schotland,1,0
1980,29.11. 17:00,Wales,Turkije,1,0
1980,15.11. 17:00,Nederland,German Democratic Republic,3,0
1980,15.11. 17:00,Oostenrijk,Portugal,1,2
1980,15.11. 17:00,Polen,Zwitserland,2,0
1980,15.11. 17:00,Spanje,Roemenië,1,0
1980,29.10. 17:00,Griekenland,Hongarije,4,1
1980,25.10. 17:00,Ierland,Engeland,1,1
1980,25.10. 17:00,Noord-Ierland,Denemarken,2,1
1980,25.10. 17:00,Roemenië,Yugoslavia,3,2
1980,25.10. 17:00,Schotland,Noorwegen,3,2
1980,25.10. 17:00,Wales,Malta,7,0
1980,11.10. 17:00,Denemarken,Bulgarije,2,2
1980,11.10. 17:00,Griekenland,Finland,8,1
1980,11.10. 17:00,Hongarije,Sovjet-Unie,2,0
1980,11.10. 17:00,Portugal,België,1,1
1980,11.10. 17:00,Zwitserland,Nederland,1,3
1984,27.06. 20:00,Frankrijk,Spanje,2,0
1984,24.06. 20:00,Spanje,Denemarken,2,1
1984,23.06. 20:00,Frankrijk,Portugal,3,2
1984,20.06. 20:30,Duitsland,Spanje,0,1
1984,20.06. 20:30,Portugal,Roemenië,1,0
1984,19.06. 20:30,Denemarken,België,3,2
1984,19.06. 20:30,Frankrijk,Yugoslavia,3,2
1984,17.06. 20:30,Portugal,Spanje,1,1
1984,17.06. 17:15,Duitsland,Roemenië,2,1
1984,16.06. 20:30,Denemarken,Yugoslavia,5,0
1984,16.06. 17:15,Frankrijk,België,5,0
1984,14.06. 20:30,Roemenië,Spanje,1,1
1984,14.06. 17:15,Duitsland,Portugal,0,0
1984,13.06. 20:30,België,Yugoslavia,2,0
1984,12.06. 20:30,Frankrijk,Denemarken,1,0
1984,22.12. 17:00,Italië,Cyprus,3,1
1984,21.12. 17:00,Spanje,Malta,12,1
1984,21.12. 17:00,Yugoslavia,Bulgarije,3,2
1984,17.12. 17:00,Nederland,Malta,5,0
1984,14.12. 17:00,Griekenland,Luxemburg,1,0
1984,14.12. 17:00,Wales,Yugoslavia,1,1
1984,03.12. 17:00,Griekenland,Hongarije,2,2
1984,30.11. 17:00,Czechoslovakia,Roemenië,1,1
1984,20.11. 17:00,Duitsland,Albanië,2,1
1984,16.11. 17:00,Bulgarije,Wales,1,0
1984,16.11. 17:00,Czechoslovakia,Italië,2,0
1984,16.11. 17:00,Duitsland,Noord-Ierland,0,1
1984,16.11. 17:00,German Democratic Republic,Schotland,2,1
1984,16.11. 17:00,Griekenland,Denemarken,0,2
1984,16.11. 17:00,Ierland,Malta,8,0
1984,16.11. 17:00,Luxemburg,Engeland,0,4
1984,16.11. 17:00,Nederland,Spanje,2,1
1984,16.11. 17:00,Turkije,Oostenrijk,3,1
1984,13.11. 17:00,Portugal,Sovjet-Unie,1,0
1984,12.11. 17:00,Cyprus,Roemenië,0,1
1984,09.11. 17:00,Zwitserland,België,3,1
1984,28.10. 17:00,Polen,Portugal,0,1
1984,26.10. 17:00,Duitsland,Turkije,5,1
1984,26.10. 17:00,Hongarije,Denemarken,1,0
1984,15.10. 17:00,Italië,Zweden,0,3
1984,12.10. 17:00,Denemarken,Luxemburg,6,0
1984,12.10. 17:00,German Democratic Republic,Zwitserland,3,0
1984,12.10. 17:00,Hongarije,Engeland,0,3
1984,12.10. 17:00,Ierland,Nederland,2,3
1984,12.10. 17:00,Schotland,België,1,1
1984,12.10. 17:00,Turkije,Noord-Ierland,1,0
1984,12.10. 17:00,Yugoslavia,Noorwegen,2,1
1984,09.10. 17:00,Sovjet-Unie,Polen,2,0
1984,05.10. 17:00,Duitsland,Oostenrijk,3,0
1984,21.09. 17:00,Engeland,Denemarken,0,1
1984,21.09. 17:00,IJsland,Ierland,0,3
1984,21.09. 17:00,Noord-Ierland,Oostenrijk,3,1
1984,21.09. 17:00,Noorwegen,Wales,0,0
1984,21.09. 17:00,Portugal,Finland,5,0
1984,21.09. 17:00,Zweden,Czechoslovakia,1,0
1984,07.09. 17:00,Nederland,IJsland,3,0
1984,07.09. 17:00,Noorwegen,Bulgarije,1,2
1984,09.06. 17:00,Zweden,Roemenië,0,1
1984,08.06. 17:00,Albanië,Oostenrijk,1,2
1984,05.06. 17:00,IJsland,Malta,1,0
1984,01.06. 17:00,Denemarken,Hongarije,3,1
1984,01.06. 17:00,Finland,Sovjet-Unie,0,1
1984,29.05. 17:00,IJsland,Spanje,0,1
1984,29.05. 17:00,Zweden,Italië,2,0
1984,22.05. 17:00,Polen,Sovjet-Unie,1,1
1984,15.05. 17:00,Hongarije,Griekenland,2,3
1984,15.05. 17:00,Malta,Spanje,2,3
1984,15.05. 17:00,Roemenië,Czechoslovakia,0,1
1984,15.05. 17:00,Zweden,Cyprus,5,0
1984,14.05. 17:00,Zwitserland,German Democratic Republic,0,0
1984,11.05. 17:00,Albanië,Turkije,1,1
1984,27.04. 17:00,België,German Democratic Republic,2,1
1984,27.04. 17:00,Denemarken,Griekenland,1,0
1984,27.04. 17:00,Engeland,Hongarije,2,0
1984,27.04. 17:00,Noord-Ierland,Albanië,1,0
1984,27.04. 17:00,Oostenrijk,Duitsland,0,0
1984,27.04. 17:00,Sovjet-Unie,Portugal,5,0
1984,27.04. 17:00,Spanje,Ierland,2,0
1984,27.04. 17:00,Wales,Bulgarije,1,0
1984,23.04. 17:00,Turkije,Duitsland,0,3
1984,17.04. 17:00,Hongarije,Luxemburg,6,2
1984,17.04. 17:00,Polen,Finland,1,1
1984,16.04. 17:00,Czechoslovakia,Cyprus,6,0
1984,16.04. 17:00,Roemenië,Italië,1,0
1984,30.03. 17:00,Albanië,Duitsland,1,2
1984,30.03. 17:00,Engeland,Griekenland,0,0
1984,30.03. 17:00,German Democratic Republic,België,1,2
1984,30.03. 17:00,Malta,Ierland,0,1
1984,30.03. 17:00,Noord-Ierland,Turkije,2,1
1984,30.03. 17:00,Schotland,Zwitserland,2,2
1984,27.03. 17:00,Cyprus,Czechoslovakia,1,1
1984,27.03. 17:00,Luxemburg,Hongarije,2,6
1984,16.02. 17:00,Spanje,Nederland,1,0
1984,12.02. 17:00,Cyprus,Italië,1,1
1984,19.12. 17:00,Malta,Nederland,0,6
1984,15.12. 17:00,Albanië,Noord-Ierland,0,0
1984,15.12. 17:00,België,Schotland,3,2
1984,15.12. 17:00,Engeland,Luxemburg,9,0
1984,15.12. 17:00,Yugoslavia,Wales,4,4
1984,04.12. 17:00,Italië,Roemenië,0,0
1984,17.11. 17:00,Bulgarije,Yugoslavia,0,1
1984,17.11. 17:00,Griekenland,Engeland,0,3
1984,17.11. 17:00,Ierland,Spanje,3,3
1984,17.11. 17:00,Noord-Ierland,Duitsland,1,0
1984,17.11. 17:00,Oostenrijk,Turkije,4,0
1984,17.11. 17:00,Zwitserland,Schotland,2,0
1984,13.11. 17:00,Cyprus,Zweden,0,1
1984,13.11. 17:00,Italië,Czechoslovakia,2,2
1988,25.06. 15:30,Sovjet-Unie,Nederland,0,2
1988,22.06. 20:15,Sovjet-Unie,Italië,2,0
1988,21.06. 20:15,Duitsland,Nederland,1,2
1988,18.06. 15:30,Engeland,Sovjet-Unie,1,3
1988,18.06. 15:30,Ierland,Nederland,0,1
1988,17.06. 20:15,Duitsland,Spanje,2,0
1988,17.06. 20:15,Italië,Denemarken,2,0
1988,15.06. 20:15,Ierland,Sovjet-Unie,1,1
1988,15.06. 17:15,Engeland,Nederland,1,3
1988,14.06. 20:15,Italië,Spanje,1,0
1988,14.06. 17:15,Duitsland,Denemarken,2,0
1988,12.06. 20:15,Nederland,Sovjet-Unie,0,1
1988,12.06. 15:30,Engeland,Ierland,0,1
1988,11.06. 15:30,Denemarken,Spanje,2,3
1988,10.06. 20:15,Duitsland,Italië,1,1
1988,20.12. 17:00,Malta,Portugal,0,1
1988,16.12. 17:00,Griekenland,Nederland,0,3
1988,16.12. 17:00,Turkije,Yugoslavia,2,3
1988,09.12. 17:00,Nederland,Cyprus,4,0
1988,05.12. 17:00,Italië,Portugal,3,0
1988,02.12. 17:00,Hongarije,Cyprus,1,0
1988,02.12. 17:00,Luxemburg,Schotland,0,0
1988,18.11. 17:00,Frankrijk,German Democratic Republic,0,1
1988,18.11. 17:00,Oostenrijk,Roemenië,0,0
1988,18.11. 17:00,Spanje,Albanië,5,0
1988,15.11. 17:00,Malta,Zwitserland,1,1
1988,14.11. 17:00,Italië,Zweden,2,1
1988,11.11. 17:00,België,Luxemburg,3,0
1988,11.11. 17:00,Bulgarije,Schotland,0,1
1988,11.11. 17:00,Cyprus,Polen,0,1
1988,11.11. 17:00,Czechoslovakia,Wales,2,0
1988,11.11. 17:00,Noord-Ierland,Turkije,1,0
1988,11.11. 17:00,Portugal,Zwitserland,0,0
1988,11.11. 17:00,Yugoslavia,Engeland,1,4
1988,28.10. 17:00,Albanië,Roemenië,0,1
1988,28.10. 17:00,German Democratic Republic,Noorwegen,3,1
1988,28.10. 17:00,Sovjet-Unie,IJsland,2,0
1988,17.10. 17:00,Zwitserland,Italië,0,0
1988,14.10. 17:00,Denemarken,Wales,1,0
1988,14.10. 17:00,Engeland,Turkije,8,0
1988,14.10. 17:00,Frankrijk,Noorwegen,1,1
1988,14.10. 17:00,Hongarije,Griekenland,3,0
1988,14.10. 17:00,Ierland,Bulgarije,2,0
1988,14.10. 17:00,Polen,Nederland,0,2
1988,14.10. 17:00,Schotland,België,2,0
1988,14.10. 17:00,Spanje,Oostenrijk,2,0
1988,14.10. 17:00,Yugoslavia,Noord-Ierland,3,0
1988,10.10. 17:00,German Democratic Republic,Sovjet-Unie,1,1
1988,23.09. 17:00,Bulgarije,België,2,0
1988,23.09. 17:00,Noorwegen,IJsland,0,1
1988,23.09. 17:00,Polen,Hongarije,3,2
1988,23.09. 17:00,Zweden,Portugal,0,1
1988,09.09. 17:00,Finland,Czechoslovakia,3,0
1988,09.09. 17:00,Ierland,Luxemburg,2,1
1988,09.09. 17:00,IJsland,Noorwegen,2,1
1988,09.09. 17:00,Sovjet-Unie,Frankrijk,1,1
1988,09.09. 17:00,Wales,Denemarken,1,0
1988,17.06. 17:00,Zwitserland,Zweden,1,1
1988,16.06. 17:00,Noorwegen,Frankrijk,2,0
1988,03.06. 17:00,Denemarken,Czechoslovakia,1,1
1988,03.06. 17:00,IJsland,German Democratic Republic,0,6
1988,03.06. 17:00,Noorwegen,Sovjet-Unie,0,1
1988,03.06. 17:00,Zweden,Italië,1,0
1988,28.05. 17:00,Luxemburg,Ierland,0,2
1988,23.05. 17:00,Zweden,Malta,1,0
1988,20.05. 17:00,Bulgarije,Luxemburg,3,0
1988,17.05. 17:00,Hongarije,Polen,5,3
1988,30.04. 17:00,Luxemburg,Bulgarije,1,4
1988,29.04. 17:00,Albanië,Oostenrijk,0,1
1988,29.04. 17:00,Finland,Denemarken,0,1
1988,29.04. 17:00,Frankrijk,IJsland,2,0
1988,29.04. 17:00,Griekenland,Polen,1,0
1988,29.04. 17:00,Ierland,België,0,0
1988,29.04. 17:00,Nederland,Hongarije,2,0
1988,29.04. 17:00,Noord-Ierland,Yugoslavia,1,2
1988,29.04. 17:00,Roemenië,Spanje,3,1
1988,29.04. 17:00,Sovjet-Unie,German Democratic Republic,2,0
1988,29.04. 17:00,Turkije,Engeland,0,0
1988,29.04. 17:00,Wales,Czechoslovakia,1,1
1988,15.04. 17:00,Zwitserland,Malta,4,1
1988,12.04. 17:00,Polen,Cyprus,0,0
1988,01.04. 17:00,België,Schotland,4,1
1988,01.04. 17:00,Bulgarije,Ierland,2,1
1988,01.04. 17:00,Noord-Ierland,Engeland,0,2
1988,01.04. 17:00,Oostenrijk,Spanje,2,3
1988,01.04. 17:00,Wales,Finland,4,0
1988,29.03. 17:00,Portugal,Malta,2,2
1988,25.03. 17:00,Nederland,Griekenland,1,1
1988,25.03. 17:00,Roemenië,Albanië,5,1
1988,18.02. 17:00,Schotland,Ierland,0,1
1988,14.02. 17:00,Portugal,Italië,0,1
1988,08.02. 17:00,Cyprus,Hongarije,0,1
1988,24.01. 17:00,Italië,Malta,5,0
1988,14.01. 17:00,Griekenland,Cyprus,3,1
1988,21.12. 17:00,Cyprus,Nederland,0,2
1988,03.12. 17:00,Albanië,Spanje,1,2
1988,03.12. 17:00,Cyprus,Griekenland,2,4
1988,19.11. 17:00,België,Bulgarije,1,1
1988,19.11. 17:00,German Democratic Republic,Frankrijk,0,0
1988,19.11. 17:00,Nederland,Polen,0,0
1988,16.11. 17:00,Malta,Italië,0,2
1988,16.11. 17:00,Malta,Zweden,0,5
1988,15.11. 17:00,Italië,Zwitserland,3,2
1988,12.11. 17:00,Czechoslovakia,Denemarken,0,0
1988,12.11. 17:00,Engeland,Yugoslavia,2,0
1988,12.11. 17:00,Griekenland,Hongarije,2,1
1988,12.11. 17:00,Schotland,Luxemburg,3,0
1988,12.11. 17:00,Spanje,Roemenië,1,0
1988,12.11. 17:00,Turkije,Noord-Ierland,0,0
1992,26.06. 20:15,Denemarken,Duitsland,2,0
1992,22.06. 20:15,Nederland,Denemarken,2,3
1992,21.06. 20:15,Zweden,Duitsland,2,3
1992,18.06. 20:15,Nederland,Duitsland,3,1
1992,18.06. 20:15,Schotland,Sovjet-Unie,3,0
1992,17.06. 20:15,Frankrijk,Denemarken,1,2
1992,17.06. 20:15,Zweden,Engeland,2,1
1992,15.06. 20:15,Nederland,Sovjet-Unie,0,0
1992,15.06. 17:15,Schotland,Duitsland,0,2
1992,14.06. 20:15,Zweden,Denemarken,1,0
1992,14.06. 17:15,Frankrijk,Engeland,0,0
1992,12.06. 20:15,Sovjet-Unie,Duitsland,1,1
1992,12.06. 17:15,Nederland,Schotland,1,0
1992,11.06. 20:15,Denemarken,Engeland,0,0
1992,10.06. 20:15,Zweden,Frankrijk,1,1
1992,22.12. 14:30,Malta,Griekenland,1,1
1992,21.12. 14:30,Italië,Cyprus,2,0
1992,18.12. 20:15,Duitsland,Luxemburg,4,0
1992,04.12. 17:00,Griekenland,Nederland,0,2
1992,20.11. 22:30,Portugal,Griekenland,1,0
1992,20.11. 20:45,Frankrijk,IJsland,3,1
1992,20.11. 20:00,België,Duitsland,0,1
1992,20.11. 17:00,Bulgarije,Roemenië,1,1
1992,13.11. 20:30,Spanje,Czechoslovakia,2,1
1992,13.11. 20:30,Wales,Luxemburg,1,0
1992,13.11. 20:00,Schotland,San Marino,4,0
1992,13.11. 19:30,Denemarken,Noord-Ierland,2,1
1992,13.11. 19:30,Oostenrijk,Yugoslavia,0,2
1992,13.11. 19:15,Italië,Noorwegen,1,1
1992,13.11. 18:30,Polen,Engeland,1,1
1992,13.11. 18:30,Turkije,Ierland,1,3
1992,13.11. 17:00,Roemenië,Zwitserland,1,0
1992,13.11. 14:00,Cyprus,Sovjet-Unie,0,3
1992,30.10. 20:00,Hongarije,Noorwegen,0,0
1992,30.10. 17:00,Griekenland,Finland,2,0
1992,16.10. 21:00,Engeland,Turkije,1,0
1992,16.10. 20:30,Noord-Ierland,Oostenrijk,2,1
1992,16.10. 20:15,Duitsland,Wales,4,1
1992,16.10. 20:00,Faeröer Eilanden,Yugoslavia,0,2
1992,16.10. 20:00,Nederland,Portugal,1,0
1992,16.10. 17:00,Bulgarije,San Marino,4,0
1992,16.10. 17:00,Polen,Ierland,3,3
1992,16.10. 17:00,Roemenië,Schotland,1,0
1992,16.10. 15:00,Czechoslovakia,Albanië,2,1
1992,12.10. 20:30,Spanje,Frankrijk,1,2
1992,12.10. 17:00,Sovjet-Unie,Italië,0,0
1992,09.10. 19:30,Oostenrijk,Denemarken,0,3
1992,09.10. 18:00,Finland,Griekenland,1,1
1992,25.09. 20:00,Faeröer Eilanden,Denemarken,0,4
1992,25.09. 18:15,IJsland,Spanje,2,0
1992,25.09. 17:00,Sovjet-Unie,Hongarije,2,2
1992,11.09. 22:30,Portugal,Finland,1,0
1992,11.09. 20:15,Zwitserland,Schotland,2,2
1992,11.09. 20:00,Faeröer Eilanden,Noord-Ierland,0,5
1992,04.09. 18:30,Czechoslovakia,Frankrijk,1,2
1992,28.08. 19:00,Noorwegen,Sovjet-Unie,0,1
1992,11.06. 20:00,Luxemburg,België,0,2
1992,05.06. 21:00,IJsland,Czechoslovakia,0,1
1992,05.06. 20:30,Zwitserland,San Marino,7,0
1992,05.06. 20:15,Wales,Duitsland,1,0
1992,05.06. 19:00,Noorwegen,Italië,2,1
1992,05.06. 18:00,Finland,Nederland,1,1
1992,05.06. 16:00,Denemarken,Oostenrijk,2,1
1992,29.05. 17:00,Sovjet-Unie,Cyprus,4,0
1992,26.05. 17:00,Albanië,IJsland,1,0
1992,22.05. 20:00,San Marino,Bulgarije,0,3
1992,22.05. 19:00,Oostenrijk,Faeröer Eilanden,3,0
1992,16.05. 20:00,Yugoslavia,Faeröer Eilanden,7,0
1992,16.05. 18:00,Finland,Malta,2,0
1992,01.05. 21:00,Noord-Ierland,Faeröer Eilanden,1,1
1992,01.05. 20:15,Italië,Hongarije,3,1
1992,01.05. 20:00,San Marino,Schotland,0,2
1992,01.05. 20:00,Yugoslavia,Denemarken,1,2
1992,01.05. 19:00,Noorwegen,Cyprus,3,0
1992,01.05. 18:15,Duitsland,België,1,0
1992,01.05. 17:00,Bulgarije,Zwitserland,2,3
1992,01.05. 17:00,Turkije,Engeland,0,1
1992,01.05. 16:30,Albanië,Czechoslovakia,0,2
1992,01.05. 15:00,Ierland,Polen,0,0
1992,17.04. 20:00,Nederland,Finland,2,0
1992,17.04. 20:00,Polen,Turkije,3,0
1992,17.04. 19:00,Hongarije,Sovjet-Unie,0,1
1992,03.04. 20:15,Zwitserland,Roemenië,0,0
1992,03.04. 14:00,Cyprus,Hongarije,0,2
1992,30.03. 20:45,Frankrijk,Albanië,5,0
1992,27.03. 21:00,Engeland,Ierland,1,1
1992,27.03. 21:00,Schotland,Bulgarije,1,1
1992,27.03. 20:15,San Marino,Roemenië,1,3
1992,27.03. 20:00,België,Wales,1,1
1992,27.03. 17:15,Yugoslavia,Noord-Ierland,4,1
1992,13.03. 20:00,Nederland,Malta,1,0
1992,27.02. 20:00,België,Luxemburg,3,0
1992,20.02. 22:30,Portugal,Malta,5,0
1992,20.02. 20:45,Frankrijk,Spanje,3,1
1992,09.02. 15:15,Malta,Portugal,0,1
1992,23.01. 17:30,Griekenland,Portugal,3,2
1992,22.12. 14:00,Cyprus,Italië,0,4
1992,19.12. 20:30,Spanje,Albanië,9,0
1992,19.12. 14:30,Malta,Nederland,0,8
1992,05.12. 17:00,Roemenië,San Marino,6,0
1992,25.11. 14:30,Malta,Finland,1,1
1992,21.11. 18:00,Nederland,Griekenland,2,0
1992,17.11. 14:00,Albanië,Frankrijk,0,1
1996,30.06. 20:00,Duitsland,Tsjechië,2,1
1996,26.06. 20:30,Duitsland,Engeland,2,1
1996,26.06. 17:00,Frankrijk,Tsjechië,0,1
1996,23.06. 19:30,Tsjechië,Portugal,1,0
1996,23.06. 16:00,Duitsland,Kroatië,2,1
1996,22.06. 19:30,Frankrijk,Nederland,1,0
1996,22.06. 16:00,Spanje,Engeland,0,1
1996,19.06. 20:30,Italië,Duitsland,0,0
1996,19.06. 20:30,Rusland,Tsjechië,3,3
1996,19.06. 17:30,Kroatië,Portugal,0,3
1996,19.06. 17:30,Turkije,Denemarken,0,3
1996,18.06. 20:30,Nederland,Engeland,1,4
1996,18.06. 20:30,Schotland,Zwitserland,1,0
1996,18.06. 17:30,Frankrijk,Bulgarije,3,1
1996,18.06. 17:30,Roemenië,Spanje,1,2
1996,16.06. 19:00,Kroatië,Denemarken,3,0
1996,16.06. 16:00,Rusland,Duitsland,0,3
1996,15.06. 19:00,Frankrijk,Spanje,1,1
1996,15.06. 16:00,Schotland,Engeland,0,2
1996,14.06. 20:30,Tsjechië,Italië,2,1
1996,14.06. 17:30,Portugal,Turkije,1,0
1996,13.06. 20:30,Zwitserland,Nederland,0,2
1996,13.06. 17:30,Bulgarije,Roemenië,1,0
1996,11.06. 20:30,Turkije,Kroatië,0,1
1996,11.06. 17:30,Italië,Rusland,2,1
1996,10.06. 20:30,Roemenië,Frankrijk,0,1
1996,10.06. 17:30,Nederland,Schotland,0,0
1996,09.06. 20:30,Denemarken,Portugal,1,1
1996,09.06. 18:00,Duitsland,Tsjechië,2,0
1996,09.06. 15:30,Spanje,Bulgarije,1,1
1996,08.06. 16:00,Engeland,Zwitserland,1,1
1996,13.12. 00:00,Nederland,Ierland,2,0
1996,15.11. 00:00,Albanië,Wales,1,1
1996,15.11. 00:00,Azerbeidzjan,Polen,0,0
1996,15.11. 00:00,Cyprus,België,1,1
1996,15.11. 00:00,Denemarken,Armenië,3,1
1996,15.11. 00:00,Duitsland,Bulgarije,3,1
1996,15.11. 00:00,Frankrijk,Israël,2,0
1996,15.11. 00:00,Griekenland,Faeröer Eilanden,5,0
1996,15.11. 00:00,Italië,Litouwen,4,0
1996,15.11. 00:00,Moldavië,Georgië,3,2
1996,15.11. 00:00,Nederland,Noorwegen,3,0
1996,15.11. 00:00,Noord-Ierland,Oostenrijk,5,3
1996,15.11. 00:00,Portugal,Ierland,3,0
1996,15.11. 00:00,Rusland,Finland,3,1
1996,15.11. 00:00,Schotland,San Marino,5,0
1996,15.11. 00:00,Slovenië,Kroatië,1,2
1996,15.11. 00:00,Slowakije,Roemenië,0,2
1996,15.11. 00:00,Spanje,Noord-Macedonië,3,0
1996,15.11. 00:00,Tsjechië,Luxemburg,3,0
1996,15.11. 00:00,Zweden,Turkije,2,2
1996,12.11. 00:00,Malta,Belarus,0,2
1996,11.11. 00:00,Hongarije,IJsland,1,0
1996,11.11. 00:00,Italië,Oekraïne,3,1
1996,11.10. 00:00,Cyprus,Noord-Macedonië,1,1
1996,11.10. 00:00,Denemarken,Spanje,1,1
1996,11.10. 00:00,Georgië,Bulgarije,2,1
1996,11.10. 00:00,Ierland,Letland,2,1
1996,11.10. 00:00,IJsland,Turkije,0,0
1996,11.10. 00:00,Israël,Azerbeidzjan,2,0
1996,11.10. 00:00,Liechtenstein,Noord-Ierland,0,4
1996,11.10. 00:00,Litouwen,Estland,5,0
1996,11.10. 00:00,Luxemburg,Belarus,0,0
1996,11.10. 00:00,Malta,Nederland,0,4
1996,11.10. 00:00,Oostenrijk,Portugal,1,1
1996,11.10. 00:00,Roemenië,Frankrijk,1,3
1996,11.10. 00:00,Rusland,Griekenland,2,1
1996,11.10. 00:00,San Marino,Faeröer Eilanden,1,3
1996,11.10. 00:00,Slovenië,Oekraïne,3,2
1996,11.10. 00:00,Slowakije,Polen,4,1
1996,11.10. 00:00,Wales,Duitsland,1,2
1996,11.10. 00:00,Zwitserland,Hongarije,3,0
1996,08.10. 00:00,Duitsland,Moldavië,6,1
1996,08.10. 00:00,Kroatië,Italië,1,1
1996,07.10. 00:00,Armenië,België,0,2
1996,07.10. 00:00,Belarus,Tsjechië,0,2
1996,07.10. 00:00,Bulgarije,Albanië,3,0
1996,06.09. 00:00,Albanië,Bulgarije,1,1
1996,06.09. 00:00,België,Denemarken,1,3
1996,06.09. 00:00,Duitsland,Georgië,4,1
1996,06.09. 00:00,Faeröer Eilanden,Rusland,2,5
1996,06.09. 00:00,Frankrijk,Azerbeidzjan,10,0
1996,06.09. 00:00,Italië,Slovenië,1,0
1996,06.09. 00:00,Letland,Liechtenstein,1,0
1996,06.09. 00:00,Litouwen,Oekraïne,1,3
1996,06.09. 00:00,Luxemburg,Malta,1,0
1996,06.09. 00:00,Nederland,Belarus,1,0
1996,06.09. 00:00,Noord-Macedonië,Armenië,1,2
1996,06.09. 00:00,Oostenrijk,Ierland,3,1
1996,06.09. 00:00,Polen,Roemenië,0,0
1996,06.09. 00:00,San Marino,Griekenland,0,4
1996,06.09. 00:00,Schotland,Finland,1,0
1996,06.09. 00:00,Slowakije,Israël,1,0
1996,06.09. 00:00,Spanje,Cyprus,6,0
1996,06.09. 00:00,Tsjechië,Noorwegen,2,0
1996,06.09. 00:00,Turkije,Hongarije,2,0
1996,06.09. 00:00,Wales,Moldavië,1,0
1996,06.09. 00:00,Zweden,Zwitserland,0,0
1996,03.09. 00:00,Kroatië,Estland,7,1
1996,03.09. 00:00,Portugal,Noord-Ierland,1,1
1996,16.08. 00:00,Armenië,Denemarken,0,2
1996,16.08. 00:00,Azerbeidzjan,Slowakije,0,1
1996,16.08. 00:00,Estland,Litouwen,0,1
1996,16.08. 00:00,Finland,Rusland,0,6
1996,16.08. 00:00,Frankrijk,Polen,1,1
1996,16.08. 00:00,IJsland,Zwitserland,0,2
1996,16.08. 00:00,Letland,Oostenrijk,3,2
1996,16.08. 00:00,Noorwegen,Tsjechië,1,1
1996,16.08. 00:00,Schotland,Griekenland,1,0
1996,15.08. 00:00,Liechtenstein,Portugal,0,7
1996,11.06. 00:00,Estland,Slovenië,1,3
1996,11.06. 00:00,Finland,Griekenland,2,1
1996,11.06. 00:00,Ierland,Oostenrijk,1,3
1996,11.06. 00:00,IJsland,Hongarije,2,1
1996,11.06. 00:00,Oekraïne,Kroatië,1,0
2000,02.07. 20:00,Frankrijk,Italië,2,1
2000,29.06. 18:00,Italië,Nederland,1,0
2000,28.06. 20:45,Frankrijk,Portugal,2,1
2000,25.06. 20:45,Spanje,Frankrijk,1,2
2000,25.06. 18:00,Nederland,Yugoslavia,6,1
2000,24.06. 20:45,Italië,Roemenië,2,0
2000,24.06. 18:00,Turkije,Portugal,0,2
2000,21.06. 20:45,Denemarken,Tsjechië,0,2
2000,21.06. 20:45,Frankrijk,Nederland,2,3
2000,21.06. 18:00,Slovenië,Noorwegen,0,0
2000,21.06. 18:00,Yugoslavia,Spanje,3,4
2000,20.06. 20:45,Engeland,Roemenië,2,3
2000,20.06. 20:45,Portugal,Duitsland,3,0
2000,19.06. 20:45,Italië,Zweden,2,1
2000,19.06. 20:45,Turkije,België,2,0
2000,18.06. 20:45,Noorwegen,Yugoslavia,0,1
2000,18.06. 18:00,Slovenië,Spanje,1,2
2000,17.06. 20:45,Engeland,Duitsland,1,0
2000,17.06. 18:00,Roemenië,Portugal,0,1
2000,16.06. 20:45,Denemarken,Nederland,0,3
2000,16.06. 18:00,Tsjechië,Frankrijk,1,2
2000,15.06. 20:45,Zweden,Turkije,0,0
2000,14.06. 20:45,Italië,België,2,0
2000,13.06. 20:45,Yugoslavia,Slovenië,3,3
2000,13.06. 18:00,Spanje,Noorwegen,0,1
2000,12.06. 20:45,Portugal,Engeland,3,2
2000,12.06. 18:00,Duitsland,Roemenië,1,1
2000,11.06. 20:45,Nederland,Tsjechië,1,0
2000,11.06. 18:00,Frankrijk,Denemarken,3,0
2000,11.06. 14:30,Turkije,Italië,1,2
2000,10.06. 20:45,België,Zweden,2,1
2000,17.11. 00:00,Denemarken,Israël,3,0
2000,17.11. 00:00,Engeland,Schotland,0,1
2000,17.11. 00:00,Oekraïne,Slovenië,1,1
2000,17.11. 00:00,Turkije,Ierland,0,0
2000,13.11. 00:00,Ierland,Turkije,1,1
2000,13.11. 00:00,Israël,Denemarken,0,5
2000,13.11. 00:00,Schotland,Engeland,0,2
2000,13.11. 00:00,Slovenië,Oekraïne,2,1
2000,10.10. 12:00,Bulgarije,Luxemburg,3,0
2000,10.10. 12:00,Oostenrijk,Cyprus,3,1
2000,10.10. 12:00,Spanje,Israël,3,0
2000,09.10. 00:00,Albanië,Georgië,2,1
2000,09.10. 00:00,Andorra,Armenië,0,3
2000,09.10. 00:00,Azerbeidzjan,Slowakije,0,1
2000,09.10. 00:00,Belarus,Italië,0,0
2000,09.10. 00:00,Duitsland,Turkije,0,0
2000,09.10. 00:00,Estland,Bosnië en Herzegovina,1,4
2000,09.10. 00:00,Finland,Noord-Ierland,4,1
2000,09.10. 00:00,Frankrijk,IJsland,3,2
2000,09.10. 00:00,Kroatië,Yugoslavia,2,2
2000,09.10. 00:00,Letland,Noorwegen,1,2
2000,09.10. 00:00,Liechtenstein,Roemenië,0,3
2000,09.10. 00:00,Noord-Macedonië,Ierland,1,1
2000,09.10. 00:00,Portugal,Hongarije,3,0
2000,09.10. 00:00,Rusland,Oekraïne,1,1
2000,09.10. 00:00,Schotland,Litouwen,3,0
2000,09.10. 00:00,Slovenië,Griekenland,0,3
2000,09.10. 00:00,Tsjechië,Faeröer Eilanden,2,0
2000,09.10. 00:00,Wales,Zwitserland,0,2
2000,09.10. 00:00,Zweden,Polen,2,0
2000,06.10. 00:00,Griekenland,Albanië,2,0
2000,05.10. 00:00,Schotland,Bosnië en Herzegovina,1,0
2000,08.09. 00:00,Andorra,Rusland,1,2
2000,08.09. 00:00,Armenië,Frankrijk,2,3
2000,08.09. 00:00,Duitsland,Noord-Ierland,4,0
2000,08.09. 00:00,Estland,Schotland,0,0
2000,08.09. 00:00,Faeröer Eilanden,Litouwen,0,1
2000,08.09. 00:00,Georgië,Letland,2,2
2000,08.09. 00:00,Hongarije,Azerbeidzjan,3,0
2000,08.09. 00:00,IJsland,Oekraïne,0,1
2000,08.09. 00:00,Israël,San Marino,8,0
2000,08.09. 00:00,Italië,Denemarken,2,3
2000,08.09. 00:00,Luxemburg,Zweden,0,1
2000,08.09. 00:00,Malta,Ierland,2,3
2000,08.09. 00:00,Moldavië,Turkije,1,1
2000,08.09. 00:00,Noord-Macedonië,Yugoslavia,2,4
2000,08.09. 00:00,Noorwegen,Slovenië,4,0
2000,08.09. 00:00,Polen,Engeland,0,0
2000,08.09. 00:00,Roemenië,Portugal,1,1
2000,08.09. 00:00,Slowakije,Liechtenstein,2,0
2000,08.09. 00:00,Spanje,Cyprus,8,0
2000,08.09. 00:00,Tsjechië,Bosnië en Herzegovina,3,0
2000,08.09. 00:00,Zwitserland,Belarus,2,0
2000,05.09. 00:00,Cyprus,Israël,3,2
2000,05.09. 00:00,Yugoslavia,Noord-Macedonië,3,1
2000,04.09. 00:00,Albanië,Letland,3,3
2000,04.09. 00:00,Azerbeidzjan,Portugal,1,1
2000,04.09. 00:00,Belarus,Wales,1,2
2000,04.09. 00:00,Bosnië en Herzegovina,Schotland,1,2
2000,04.09. 00:00,Denemarken,Zwitserland,2,1
2000,04.09. 00:00,Engeland,Luxemburg,6,0
2000,04.09. 00:00,Faeröer Eilanden,Estland,0,2
2000,04.09. 00:00,Finland,Duitsland,1,2
2000,04.09. 00:00,IJsland,Andorra,3,0
2000,04.09. 00:00,Kroatië,Ierland,1,0
2000,04.09. 00:00,Liechtenstein,Hongarije,0,0
2000,04.09. 00:00,Litouwen,Tsjechië,0,4
2000,04.09. 00:00,Noord-Ierland,Turkije,0,3
2000,04.09. 00:00,Noorwegen,Griekenland,1,0
2000,04.09. 00:00,Oekraïne,Frankrijk,0,0
2000,04.09. 00:00,Oostenrijk,Spanje,1,3
2000,04.09. 00:00,Rusland,Armenië,2,0
2000,04.09. 00:00,Slovenië,Georgië,2,1
2000,04.09. 00:00,Slowakije,Roemenië,1,5
2000,04.09. 00:00,Zweden,Bulgarije,1,0
2000,01.09. 00:00,Ierland,Yugoslavia,2,1
2000,21.08. 00:00,Kroatië,Malta,2,1
2004,04.07. 20:45,Portugal,Griekenland,0,1
2004,01.07. 20:45,Griekenland,Tsjechië,1,0
2004,30.06. 20:45,Portugal,Nederland,2,1
2004,27.06. 20:45,Tsjechië,Denemarken,3,0
2004,26.06. 20:45,Zweden,Nederland,0,1
2004,25.06. 20:45,Frankrijk,Griekenland,0,1
2004,24.06. 20:45,Portugal,Engeland,3,2
2004,23.06. 20:45,Duitsland,Tsjechië,1,2
2004,23.06. 20:45,Nederland,Letland,3,0
2004,22.06. 20:45,Denemarken,Zweden,2,2
2004,22.06. 20:45,Italië,Bulgarije,2,1
2004,21.06. 20:45,Kroatië,Engeland,2,4
2004,21.06. 20:45,Zwitserland,Frankrijk,1,3
2004,20.06. 20:45,Rusland,Griekenland,2,1
2004,20.06. 20:45,Spanje,Portugal,0,1
2004,19.06. 20:45,Nederland,Tsjechië,2,3
2004,19.06. 18:00,Letland,Duitsland,0,0
2004,18.06. 20:45,Italië,Zweden,1,1
2004,18.06. 18:00,Bulgarije,Denemarken,0,2
2004,17.06. 20:45,Kroatië,Frankrijk,2,2
2004,17.06. 18:00,Engeland,Zwitserland,3,0
2004,16.06. 20:45,Rusland,Portugal,0,2
2004,16.06. 18:00,Griekenland,Spanje,1,1
2004,15.06. 20:45,Duitsland,Nederland,1,1
2004,15.06. 18:00,Tsjechië,Letland,2,1
2004,14.06. 20:45,Zweden,Bulgarije,5,0
2004,14.06. 18:00,Denemarken,Italië,0,0
2004,13.06. 20:45,Frankrijk,Engeland,2,1
2004,13.06. 18:00,Zwitserland,Kroatië,0,0
2004,12.06. 20:45,Spanje,Rusland,1,0
2004,12.06. 18:00,Portugal,Griekenland,1,2
2004,19.11. 20:30,Nederland,Schotland,6,0
2004,19.11. 20:30,Wales,Rusland,0,1
2004,19.11. 19:30,Noorwegen,Spanje,0,3
2004,19.11. 19:30,Turkije,Letland,2,2
2004,19.11. 17:30,Slovenië,Kroatië,0,1
2004,15.11. 22:00,Spanje,Noorwegen,2,1
2004,15.11. 19:15,Letland,Turkije,1,0
2004,15.11. 17:30,Kroatië,Slovenië,1,1
2004,15.11. 17:00,Rusland,Wales,0,0
2004,15.11. 16:00,Schotland,Nederland,1,0
2004,11.10. 20:45,Frankrijk,Israël,3,0
2004,11.10. 20:45,Italië,Azerbeidzjan,4,0
2004,11.10. 20:45,Wales,Serbia and Montenegro,2,3
2004,11.10. 20:30,Nederland,Moldavië,5,0
2004,11.10. 20:15,België,Estland,2,0
2004,11.10. 20:15,Kroatië,Bulgarije,1,0
2004,11.10. 20:00,Liechtenstein,Slowakije,0,2
2004,11.10. 19:00,Turkije,Engeland,0,0
2004,11.10. 18:30,Cyprus,Slovenië,2,2
2004,11.10. 18:00,Armenië,Spanje,0,4
2004,11.10. 18:00,Bosnië en Herzegovina,Denemarken,1,1
2004,11.10. 18:00,Griekenland,Noord-Ierland,1,0
2004,11.10. 18:00,Noorwegen,Luxemburg,1,0
2004,11.10. 17:30,Rusland,Georgië,3,1
2004,11.10. 17:30,Zwitserland,Ierland,2,0
2004,11.10. 17:00,Duitsland,IJsland,3,0
2004,11.10. 17:00,Hongarije,Polen,1,2
2004,11.10. 17:00,Oostenrijk,Tsjechië,2,3
2004,11.10. 17:00,Schotland,Litouwen,1,0
2004,11.10. 17:00,Zweden,Letland,0,1
2004,10.09. 21:45,Spanje,Oekraïne,2,1
2004,10.09. 21:00,Engeland,Liechtenstein,2,0
2004,10.09. 21:00,Noord-Ierland,Armenië,0,1
2004,10.09. 20:45,Duitsland,Schotland,2,1
2004,10.09. 20:45,Serbia and Montenegro,Italië,1,1
2004,10.09. 20:45,Slovenië,Frankrijk,0,2
2004,10.09. 20:45,Wales,Finland,1,1
2004,10.09. 20:15,België,Kroatië,2,1
2004,10.09. 20:15,Polen,Zweden,0,2
2004,10.09. 20:15,Slowakije,Noord-Macedonië,1,1
2004,10.09. 20:15,Tsjechië,Nederland,3,1
2004,10.09. 20:00,Albanië,Georgië,3,1
2004,10.09. 20:00,Letland,Hongarije,3,1
2004,10.09. 20:00,Luxemburg,Bosnië en Herzegovina,0,1
2004,10.09. 19:30,Faeröer Eilanden,Litouwen,1,3
2004,10.09. 19:15,Denemarken,Roemenië,2,2
2004,10.09. 18:00,Moldavië,Belarus,2,1
2004,10.09. 18:00,Rusland,Zwitserland,4,1
2004,10.09. 17:30,Andorra,Bulgarije,0,3
2004,10.09. 17:00,Israël,Malta,2,2
2004,06.09. 20:45,Frankrijk,Cyprus,5,0
2004,06.09. 20:45,Italië,Wales,4,0
2004,06.09. 20:30,Nederland,Oostenrijk,3,1
2004,06.09. 20:15,Bosnië en Herzegovina,Noorwegen,1,0
2004,06.09. 20:15,Slovenië,Israël,3,1
2004,06.09. 20:00,Liechtenstein,Turkije,0,3
2004,06.09. 19:30,IJsland,Duitsland,0,0
2004,06.09. 19:30,Letland,Polen,0,2
2004,06.09. 18:30,Noord-Macedonië,Engeland,1,2
2004,06.09. 18:30,Roemenië,Luxemburg,4,0
2004,06.09. 18:15,Oekraïne,Noord-Ierland,0,0
2004,06.09. 18:00,Armenië,Griekenland,0,1
2004,06.09. 17:30,Belarus,Tsjechië,1,3
2004,06.09. 17:00,Bulgarije,Estland,2,0
2004,06.09. 17:00,Georgië,Albanië,3,0
2004,06.09. 17:00,Ierland,Rusland,1,1
2004,06.09. 16:00,Andorra,Kroatië,0,3
2004,06.09. 16:00,Azerbeidzjan,Finland,1,2
2004,06.09. 16:00,Schotland,Faeröer Eilanden,3,1
2004,06.09. 16:00,Zweden,San Marino,5,0
2004,20.08. 20:15,Serbia and Montenegro,Wales,1,0
2004,20.08. 20:00,Faeröer Eilanden,IJsland,1,2
2008,29.06. 20:45,Duitsland,Spanje,0,1
2008,26.06. 20:45,Rusland,Spanje,0,3
2008,25.06. 20:45,Duitsland,Turkije,3,2
2008,22.06. 20:45,Spanje,Italië,1,0
2008,21.06. 20:45,Nederland,Rusland,1,3
2008,20.06. 20:45,Kroatië,Turkije,1,2
2008,19.06. 20:45,Portugal,Duitsland,2,3
2008,18.06. 20:45,Griekenland,Spanje,1,2
2008,18.06. 20:45,Rusland,Zweden,2,0
2008,17.06. 20:45,Frankrijk,Italië,0,2
2008,17.06. 20:45,Nederland,Roemenië,2,0
2008,16.06. 20:45,Oostenrijk,Duitsland,0,1
2008,16.06. 20:45,Polen,Kroatië,0,1
2008,15.06. 20:45,Turkije,Tsjechië,3,2
2008,15.06. 20:45,Zwitserland,Portugal,2,0
2008,14.06. 20:45,Griekenland,Rusland,0,1
2008,14.06. 18:00,Zweden,Spanje,1,2
2008,13.06. 20:45,Nederland,Frankrijk,4,1
2008,13.06. 18:00,Italië,Roemenië,1,1
2008,12.06. 20:45,Oostenrijk,Polen,1,1
2008,12.06. 18:00,Kroatië,Duitsland,2,1
2008,11.06. 20:45,Zwitserland,Turkije,1,2
2008,11.06. 18:00,Tsjechië,Portugal,1,3
2008,10.06. 20:45,Griekenland,Zweden,0,2
2008,10.06. 18:00,Spanje,Rusland,4,1
2008,09.06. 20:45,Nederland,Italië,3,0
2008,09.06. 18:00,Roemenië,Frankrijk,0,0
2008,08.06. 20:45,Duitsland,Polen,2,0
2008,08.06. 18:00,Oostenrijk,Kroatië,0,1
2008,07.06. 20:45,Portugal,Turkije,2,0
2008,07.06. 18:00,Zwitserland,Tsjechië,0,1
2008,24.11. 18:00,Servië,Kazachstan,1,0
2008,21.11. 21:00,Andorra,Rusland,0,1
2008,21.11. 21:00,Engeland,Kroatië,2,3
2008,21.11. 20:45,Portugal,Finland,0,0
2008,21.11. 20:45,Servië,Polen,2,2
2008,21.11. 20:35,Duitsland,Wales,0,0
2008,21.11. 20:35,Oekraïne,Frankrijk,2,2
2008,21.11. 20:30,Italië,Faeröer Eilanden,3,1
2008,21.11. 20:30,San Marino,Slowakije,0,5
2008,21.11. 20:15,Hongarije,Griekenland,1,2
2008,21.11. 20:00,Denemarken,IJsland,3,0
2008,21.11. 20:00,Malta,Noorwegen,1,4
2008,21.11. 20:00,Spanje,Noord-Ierland,1,0
2008,21.11. 20:00,Turkije,Bosnië en Herzegovina,1,0
2008,21.11. 20:00,Zweden,Letland,2,1
2008,21.11. 18:00,Azerbeidzjan,België,0,1
2008,21.11. 18:00,Belarus,Nederland,2,1
2008,21.11. 18:00,Israël,Noord-Macedonië,1,0
2008,21.11. 18:00,Slovenië,Bulgarije,0,2
2008,21.11. 17:30,Cyprus,Tsjechië,0,2
2008,21.11. 17:00,Roemenië,Albanië,6,1
2008,21.11. 16:30,Georgië,Litouwen,0,2
2008,21.11. 16:00,Armenië,Kazachstan,0,1
2008,17.11. 22:00,Portugal,Armenië,1,0
2008,17.11. 22:00,Spanje,Zweden,3,0
2008,17.11. 20:45,Noord-Ierland,Denemarken,2,1
2008,17.11. 20:30,Griekenland,Malta,5,0
2008,17.11. 20:30,Nederland,Luxemburg,1,0
2008,17.11. 20:30,Polen,België,2,0
2008,17.11. 20:30,Tsjechië,Slowakije,3,1
2008,17.11. 20:15,Duitsland,Cyprus,4,0
2008,17.11. 20:00,Albanië,Belarus,2,4
2008,17.11. 20:00,Noord-Macedonië,Kroatië,2,0
2008,17.11. 19:00,Israël,Rusland,2,1
2008,17.11. 19:00,Litouwen,Oekraïne,2,0
2008,17.11. 19:00,Noorwegen,Turkije,1,2
2008,17.11. 18:00,Andorra,Estland,0,2
2008,17.11. 18:00,Moldavië,Hongarije,3,0
2008,17.11. 18:00,Schotland,Italië,1,2
2008,17.11. 17:00,Bulgarije,Roemenië,1,0
2008,17.11. 17:00,Letland,Liechtenstein,4,1
2008,17.11. 16:00,Wales,Ierland,2,2
2008,17.11. 15:00,Finland,Azerbeidzjan,2,1
2008,17.10. 21:00,Frankrijk,Litouwen,2,0
2008,17.10. 20:45,Albanië,Bulgarije,1,1
2008,17.10. 20:45,België,Armenië,3,0
2008,17.10. 20:45,Duitsland,Tsjechië,0,3
2008,17.10. 20:30,Bosnië en Herzegovina,Noorwegen,0,2
2008,17.10. 20:30,Ierland,Cyprus,1,1
2008,17.10. 20:30,Nederland,Slovenië,2,0
2008,17.10. 20:30,Zweden,Noord-Ierland,1,1
2008,17.10. 20:15,Luxemburg,Roemenië,0,2
2008,17.10. 20:15,San Marino,Wales,1,2
2008,17.10. 20:00,Denemarken,Letland,3,1
2008,17.10. 20:00,Liechtenstein,IJsland,3,0
2008,17.10. 20:00,Noord-Macedonië,Andorra,3,0
2008,17.10. 19:30,Malta,Moldavië,2,3
2008,17.10. 19:30,Turkije,Griekenland,0,1
2008,17.10. 19:00,Georgië,Schotland,2,0
2008,17.10. 18:00,Azerbeidzjan,Servië,1,6
2008,17.10. 18:00,Oekraïne,Faeröer Eilanden,5,0
2008,17.10. 17:00,Rusland,Engeland,2,1
2008,17.10. 16:00,Kazachstan,Portugal,1,2
2008,13.10. 20:50,Italië,Georgië,2,0
2008,13.10. 20:45,België,Finland,0,0
2008,13.10. 20:45,Ierland,Duitsland,0,0
2008,13.10. 20:30,Griekenland,Bosnië en Herzegovina,3,2
2008,13.10. 20:30,Polen,Kazachstan,3,1
2008,13.10. 20:30,Slovenië,Albanië,0,0
2008,13.10. 20:15,Kroatië,Israël,1,0
2008,13.10. 20:00,Denemarken,Spanje,1,3
2008,13.10. 20:00,Moldavië,Turkije,1,1
2008,13.10. 19:15,Roemenië,Nederland,1,0
2008,13.10. 19:00,Liechtenstein,Zweden,0,3
2008,13.10. 18:15,Cyprus,Wales,3,1
2008,13.10. 18:00,Azerbeidzjan,Portugal,0,2
2008,13.10. 18:00,IJsland,Letland,2,4
2008,13.10. 17:00,Armenië,Servië,0,0
2008,13.10. 17:00,Belarus,Luxemburg,0,1
2008,13.10. 17:00,Faeröer Eilanden,Frankrijk,0,6
2008,13.10. 16:20,Hongarije,Malta,2,0
2008,13.10. 16:00,Engeland,Estland,3,0
2008,13.10. 16:00,Schotland,Oekraïne,3,1
2008,13.10. 15:00,Slowakije,San Marino,7,0
2008,12.09. 22:00,Portugal,Servië,1,1
2008,12.09. 22:00,Spanje,Letland,2,0
2008,12.09. 21:00,Engeland,Rusland,3,0
2008,12.09. 21:00,Frankrijk,Schotland,0,1
2008,12.09. 20:45,Albanië,Nederland,0,1
2008,12.09. 20:45,Oekraïne,Italië,1,2
2008,12.09. 20:30,Noord-Macedonië,Estland,1,1
2008,12.09. 20:30,Tsjechië,Ierland,1,0
2008,12.09. 20:05,IJsland,Noord-Ierland,2,1
2008,12.09. 20:00,Bosnië en Herzegovina,Moldavië,0,1
2008,12.09. 20:00,Denemarken,Liechtenstein,4,0
2008,12.09. 20:00,Slovenië,Belarus,1,0
2008,12.09. 19:30,Bulgarije,Luxemburg,3,0
2008,12.09. 19:30,Turkije,Hongarije,3,0
2008,12.09. 19:00,Cyprus,San Marino,3,0
2008,12.09. 19:00,Litouwen,Faeröer Eilanden,2,1
2008,12.09. 19:00,Noorwegen,Griekenland,2,2
2008,12.09. 18:30,Slowakije,Wales,2,5
2008,12.09. 18:00,Andorra,Kroatië,0,6
2008,12.09. 18:00,Finland,Polen,0,0
2008,12.09. 17:00,Kazachstan,België,2,2
2012,01.07. 20:45,Spanje,Italië,4,0
2012,28.06. 20:45,Duitsland,Italië,1,2
2012,27.06. 20:45,Portugal,Spanje,0,1
2012,24.06. 20:45,Engeland,Italië,0,1
2012,23.06. 20:45,Spanje,Frankrijk,2,0
2012,22.06. 20:45,Duitsland,Griekenland,4,2
2012,21.06. 20:45,Tsjechië,Portugal,0,1
2012,19.06. 20:45,Engeland,Oekraïne,1,0
2012,19.06. 20:45,Zweden,Frankrijk,2,0
2012,18.06. 20:45,Italië,Ierland,2,0
2012,18.06. 20:45,Kroatië,Spanje,0,1
2012,17.06. 20:45,Denemarken,Duitsland,1,2
2012,17.06. 20:45,Portugal,Nederland,2,1
2012,16.06. 20:45,Griekenland,Rusland,1,0
2012,16.06. 20:45,Tsjechië,Polen,1,0
2012,15.06. 21:00,Zweden,Engeland,2,3
2012,15.06. 18:00,Oekraïne,Frankrijk,0,2
2012,14.06. 20:45,Spanje,Ierland,4,0
2012,14.06. 18:00,Italië,Kroatië,1,1
2012,13.06. 20:45,Nederland,Duitsland,1,2
2012,13.06. 18:00,Denemarken,Portugal,2,3
2012,12.06. 20:45,Polen,Rusland,1,1
2012,12.06. 18:00,Griekenland,Tsjechië,1,2
2012,11.06. 20:45,Oekraïne,Zweden,2,1
2012,11.06. 18:00,Frankrijk,Engeland,1,1
2012,10.06. 20:45,Ierland,Kroatië,1,3
2012,10.06. 18:00,Spanje,Italië,1,1
2012,09.06. 20:45,Duitsland,Portugal,1,0
2012,09.06. 18:00,Nederland,Denemarken,0,1
2012,08.06. 20:45,Rusland,Tsjechië,4,1
2012,08.06. 18:00,Polen,Griekenland,1,1
2012,15.11. 22:00,Portugal,Bosnië en Herzegovina,6,2
2012,15.11. 20:45,Ierland,Estland,1,1
2012,15.11. 20:15,Montenegro,Tsjechië,0,1
2012,15.11. 20:05,Kroatië,Turkije,0,0
2012,11.11. 20:45,Estland,Ierland,0,4
2012,11.11. 20:15,Tsjechië,Montenegro,2,0
2012,11.11. 20:05,Turkije,Kroatië,0,3
2012,11.11. 20:00,Bosnië en Herzegovina,Portugal,0,0
2012,11.10. 21:00,Frankrijk,Bosnië en Herzegovina,1,1
2012,11.10. 20:45,Italië,Noord-Ierland,3,0
2012,11.10. 20:45,Litouwen,Tsjechië,1,4
2012,11.10. 20:45,Slovenië,Servië,1,0
2012,11.10. 20:45,Spanje,Schotland,3,1
2012,11.10. 20:15,Denemarken,Portugal,2,1
2012,11.10. 20:15,Noorwegen,Cyprus,3,1
2012,11.10. 20:15,Zweden,Nederland,3,2
2012,11.10. 20:15,Zwitserland,Montenegro,2,0
2012,11.10. 20:05,Bulgarije,Wales,0,1
2012,11.10. 20:00,Albanië,Roemenië,1,1
2012,11.10. 20:00,Hongarije,Finland,0,0
2012,11.10. 20:00,Moldavië,San Marino,4,0
2012,11.10. 19:45,Ierland,Armenië,2,1
2012,11.10. 19:45,Noord-Macedonië,Slowakije,1,1
2012,11.10. 19:45,Rusland,Andorra,6,0
2012,11.10. 19:00,Duitsland,België,3,1
2012,11.10. 19:00,Georgië,Griekenland,1,2
2012,11.10. 19:00,Kroatië,Letland,2,0
2012,11.10. 19:00,Malta,Israël,0,2
2012,11.10. 19:00,Turkije,Azerbeidzjan,1,0
2012,11.10. 18:00,Kazachstan,Oostenrijk,0,0
2012,08.10. 19:30,Liechtenstein,Schotland,0,1
2012,07.10. 22:00,Portugal,IJsland,5,3
2012,07.10. 21:30,Andorra,Ierland,0,2
2012,07.10. 21:00,Frankrijk,Albanië,3,0
2012,07.10. 21:00,Montenegro,Engeland,2,2
2012,07.10. 20:45,België,Kazachstan,4,1
2012,07.10. 20:45,Griekenland,Kroatië,2,0
2012,07.10. 20:45,Noord-Ierland,Estland,1,2
2012,07.10. 20:45,Servië,Italië,1,1
2012,07.10. 20:45,Tsjechië,Spanje,0,2
2012,07.10. 20:45,Wales,Zwitserland,2,0
2012,07.10. 20:30,Cyprus,Denemarken,1,4
2012,07.10. 20:30,Nederland,Moldavië,1,0
2012,07.10. 20:30,Roemenië,Belarus,2,2
2012,07.10. 20:30,Turkije,Duitsland,1,3
2012,07.10. 20:15,Slowakije,Rusland,0,1
2012,07.10. 20:00,Bosnië en Herzegovina,Luxemburg,5,0
2012,07.10. 19:00,Letland,Malta,2,0
2012,07.10. 18:15,Finland,Zweden,1,2
2012,07.10. 18:00,Azerbeidzjan,Oostenrijk,1,4
2012,07.10. 17:00,Armenië,Noord-Macedonië,4,1
2012,06.09. 22:00,Spanje,Liechtenstein,6,0
2012,06.09. 21:00,Schotland,Litouwen,1,0
2012,06.09. 20:45,Engeland,Wales,1,0
2012,06.09. 20:45,IJsland,Cyprus,1,0
2012,06.09. 20:45,Italië,Slovenië,1,0
2012,06.09. 20:30,Estland,Noord-Ierland,4,1
2012,06.09. 20:30,Letland,Griekenland,1,1
2012,06.09. 20:30,Malta,Georgië,1,1
2012,06.09. 20:30,Oostenrijk,Turkije,0,0
2012,06.09. 20:30,Roemenië,Frankrijk,0,0
2012,06.09. 20:30,San Marino,Zweden,0,5
2012,06.09. 20:30,Servië,Faeröer Eilanden,3,1
2012,06.09. 20:30,Zwitserland,Bulgarije,3,1
2012,06.09. 20:15,Bosnië en Herzegovina,Belarus,1,0
2012,06.09. 20:15,Denemarken,Noorwegen,2,0
2012,06.09. 20:15,Luxemburg,Albanië,2,1
2012,06.09. 20:15,Slowakije,Armenië,0,4
2012,06.09. 20:00,Kroatië,Israël,3,1
2012,06.09. 20:00,Noord-Macedonië,Andorra,1,0
2012,06.09. 19:45,Moldavië,Hongarije,0,2
2012,06.09. 19:00,Finland,Nederland,0,2
2012,06.09. 17:00,Azerbeidzjan,Kazachstan,3,2
2012,06.09. 17:00,Rusland,Ierland,0,0
2012,03.09. 16:00,Schotland,Tsjechië,2,2
2012,02.09. 21:00,Albanië,Frankrijk,1,2
2012,02.09. 20:45,Cyprus,Portugal,0,4
2012,02.09. 20:45,Duitsland,Oostenrijk,6,2
2012,02.09. 20:45,Faeröer Eilanden,Italië,0,1
2012,02.09. 20:45,Ierland,Slowakije,0,0
2012,02.09. 20:45,Noord-Ierland,Servië,0,1
2012,02.09. 20:45,Slovenië,Estland,1,2
2012,02.09. 20:45,Wales,Montenegro,2,1
2012,02.09. 20:30,Nederland,San Marino,11,0
2012,02.09. 20:15,Bulgarije,Engeland,0,3
2012,02.09. 20:00,Noorwegen,IJsland,1,0
2012,02.09. 19:45,Hongarije,Zweden,2,1
2012,02.09. 19:30,Belarus,Bosnië en Herzegovina,0,2
2012,02.09. 19:30,Luxemburg,Roemenië,0,2
2012,02.09. 19:00,Georgië,Letland,0,1
2012,02.09. 19:00,Malta,Kroatië,1,3
2012,02.09. 19:00,Turkije,Kazachstan,2,1
2012,02.09. 18:00,Andorra,Armenië,0,3
2012,02.09. 18:00,Azerbeidzjan,België,1,1
2012,02.09. 18:00,Rusland,Noord-Macedonië,1,0
2012,02.09. 17:30,Finland,Moldavië,4,1
2012,02.09. 17:00,Litouwen,Liechtenstein,0,0
2012,02.09. 15:05,Israël,Griekenland,0,1
2016,10.07. 21:00,Portugal,Frankrijk,1,0
2016,07.07. 21:00,Duitsland,Frankrijk,0,2
2016,06.07. 21:00,Portugal,Wales,2,0
2016,03.07. 21:00,Frankrijk,IJsland,5,2
2016,02.07. 21:00,Duitsland,Italië,2,1
2016,01.07. 21:00,Wales,België,3,1
2016,30.06. 21:00,Polen,Portugal,1,2
2016,27.06. 21:00,Engeland,IJsland,1,2
2016,27.06. 18:00,Italië,Spanje,2,0
2016,26.06. 21:00,Hongarije,België,0,4
2016,26.06. 18:00,Duitsland,Slowakije,3,0
2016,26.06. 15:00,Frankrijk,Ierland,2,1
2016,25.06. 21:00,Kroatië,Portugal,0,1
2016,25.06. 18:00,Wales,Noord-Ierland,1,0
2016,25.06. 15:00,Zwitserland,Polen,1,2
2016,22.06. 21:00,Italië,Ierland,0,1
2016,22.06. 21:00,Zweden,België,0,1
2016,22.06. 18:00,Hongarije,Portugal,3,3
2016,22.06. 18:00,IJsland,Oostenrijk,2,1
2016,21.06. 21:00,Kroatië,Spanje,2,1
2016,21.06. 21:00,Tsjechië,Turkije,0,2
2016,21.06. 18:00,Noord-Ierland,Duitsland,0,1
2016,21.06. 18:00,Oekraïne,Polen,0,1
2016,20.06. 21:00,Rusland,Wales,0,3
2016,20.06. 21:00,Slowakije,Engeland,0,0
2016,19.06. 21:00,Roemenië,Albanië,0,1
2016,19.06. 21:00,Zwitserland,Frankrijk,0,0
2016,18.06. 21:00,Portugal,Oostenrijk,0,0
2016,18.06. 18:00,IJsland,Hongarije,1,1
2016,18.06. 15:00,België,Ierland,3,0
2016,17.06. 21:00,Spanje,Turkije,3,0
2016,17.06. 18:00,Tsjechië,Kroatië,2,2
2016,17.06. 15:00,Italië,Zweden,1,0
2016,16.06. 21:00,Duitsland,Polen,0,0
2016,16.06. 18:00,Oekraïne,Noord-Ierland,0,2
2016,16.06. 15:00,Engeland,Wales,2,1
2016,15.06. 21:00,Frankrijk,Albanië,2,0
2016,15.06. 18:00,Roemenië,Zwitserland,1,1
2016,15.06. 15:00,Rusland,Slowakije,1,2
2016,14.06. 21:00,Portugal,IJsland,1,1
2016,14.06. 18:00,Oostenrijk,Hongarije,0,2
2016,13.06. 21:00,België,Italië,0,2
2016,13.06. 18:00,Ierland,Zweden,1,1
2016,13.06. 15:00,Spanje,Tsjechië,1,0
2016,12.06. 21:00,Duitsland,Oekraïne,2,0
2016,12.06. 18:00,Polen,Noord-Ierland,1,0
2016,12.06. 15:00,Turkije,Kroatië,0,1
2016,11.06. 21:00,Engeland,Rusland,1,1
2016,11.06. 18:00,Wales,Slowakije,2,1
2016,11.06. 15:00,Albanië,Zwitserland,0,1
2016,10.06. 21:00,Frankrijk,Roemenië,2,1
2016,17.11. 20:45,Denemarken,Zweden,2,2
2016,17.11. 20:45,Slovenië,Oekraïne,1,1
2016,16.11. 20:45,Ierland,Bosnië en Herzegovina,2,0
2016,15.11. 20:45,Hongarije,Noorwegen,2,1
2016,14.11. 20:45,Zweden,Denemarken,2,1
2016,14.11. 18:00,Oekraïne,Slovenië,2,0
2016,13.11. 20:45,Bosnië en Herzegovina,Ierland,1,1
2016,12.11. 20:45,Noorwegen,Hongarije,0,1
2016,13.10. 20:45,België,Israël,3,1
2016,13.10. 20:45,Bulgarije,Azerbeidzjan,2,0
2016,13.10. 20:45,Cyprus,Bosnië en Herzegovina,2,3
2016,13.10. 20:45,Italië,Noorwegen,2,1
2016,13.10. 20:45,Letland,Kazachstan,0,1
2016,13.10. 20:45,Malta,Kroatië,0,1
2016,13.10. 20:45,Nederland,Tsjechië,2,3
2016,13.10. 20:45,Turkije,IJsland,1,0
2016,13.10. 20:45,Wales,Andorra,2,0
2016,12.10. 20:45,Belarus,Noord-Macedonië,0,0
2016,12.10. 20:45,Estland,Zwitserland,0,1
2016,12.10. 20:45,Litouwen,Engeland,0,3
2016,12.10. 20:45,Luxemburg,Slowakije,2,4
2016,12.10. 20:45,Oekraïne,Spanje,0,1
2016,12.10. 20:45,San Marino,Slovenië,0,2
2016,12.10. 18:00,Oostenrijk,Liechtenstein,3,0
2016,12.10. 18:00,Rusland,Montenegro,2,0
2016,12.10. 18:00,Zweden,Moldavië,2,0
2016,11.10. 20:45,Duitsland,Georgië,2,1
2016,11.10. 20:45,Gibraltar,Schotland,0,6
2016,11.10. 20:45,Polen,Ierland,2,1
2016,11.10. 18:00,Armenië,Albanië,0,3
2016,11.10. 18:00,Faeröer Eilanden,Roemenië,0,3
2016,11.10. 18:00,Finland,Noord-Ierland,1,1
2016,11.10. 18:00,Griekenland,Hongarije,4,3
2016,11.10. 18:00,Servië,Portugal,1,2
2016,10.10. 20:45,Andorra,België,1,4
2016,10.10. 20:45,Bosnië en Herzegovina,Wales,2,0
2016,10.10. 20:45,Israël,Cyprus,1,2
2016,10.10. 20:45,Kroatië,Bulgarije,3,0
2016,10.10. 20:45,Tsjechië,Turkije,0,2
2016,10.10. 18:00,Azerbeidzjan,Italië,1,3
2016,10.10. 18:00,IJsland,Letland,2,2
2016,10.10. 18:00,Kazachstan,Nederland,1,2
2016,10.10. 18:00,Noorwegen,Malta,2,0
2016,09.10. 20:45,Engeland,Estland,2,0
2016,09.10. 20:45,Liechtenstein,Zweden,0,2
2016,09.10. 20:45,Moldavië,Rusland,1,2
2016,09.10. 20:45,Montenegro,Oostenrijk,2,3
2016,09.10. 20:45,Noord-Macedonië,Oekraïne,0,2
2016,09.10. 20:45,Slovenië,Litouwen,1,1
2016,09.10. 20:45,Slowakije,Belarus,0,1
2016,09.10. 20:45,Spanje,Luxemburg,4,0
2016,09.10. 20:45,Zwitserland,San Marino,7,0
2016,08.10. 20:45,Albanië,Servië,0,2
2016,08.10. 20:45,Hongarije,Faeröer Eilanden,2,1
2016,08.10. 20:45,Ierland,Duitsland,1,0
2016,08.10. 20:45,Noord-Ierland,Griekenland,3,1
2016,08.10. 20:45,Portugal,Denemarken,1,0
2016,08.10. 20:45,Roemenië,Finland,1,1
2016,08.10. 20:45,Schotland,Polen,2,2
2016,08.10. 18:00,Georgië,Gibraltar,4,0
2020,11.07. 21:00,Italië,Engeland,2,1
2020,07.07. 21:00,Engeland,Denemarken,2,1
2020,06.07. 21:00,Italië,Spanje,2,1
2020,03.07. 21:00,Oekraïne,Engeland,0,4
2020,03.07. 18:00,Tsjechië,Denemarken,1,2
2020,02.07. 21:00,België,Italië,1,2
2020,02.07. 18:00,Zwitserland,Spanje,1,2
2020,29.06. 21:00,Zweden,Oekraïne,1,2
2020,29.06. 18:00,Engeland,Duitsland,2,0
2020,28.06. 21:00,Frankrijk,Zwitserland,3,4
2020,28.06. 18:00,Kroatië,Spanje,3,5
2020,27.06. 21:00,België,Portugal,1,0
2020,27.06. 18:00,Nederland,Tsjechië,0,2
2020,26.06. 21:00,Italië,Oostenrijk,2,1
2020,26.06. 18:00,Wales,Denemarken,0,4
2020,23.06. 21:00,Duitsland,Hongarije,2,2
2020,23.06. 21:00,Portugal,Frankrijk,2,2
2020,23.06. 18:00,Slowakije,Spanje,0,5
2020,23.06. 18:00,Zweden,Polen,3,2
2020,22.06. 21:00,Kroatië,Schotland,3,1
2020,22.06. 21:00,Tsjechië,Engeland,0,1
2020,21.06. 21:00,Finland,België,0,2
2020,21.06. 21:00,Rusland,Denemarken,1,4
2020,21.06. 18:00,Noord-Macedonië,Nederland,0,3
2020,21.06. 18:00,Oekraïne,Oostenrijk,0,1
2020,20.06. 18:00,Italië,Wales,1,0
2020,20.06. 18:00,Zwitserland,Turkije,3,1
2020,19.06. 21:00,Spanje,Polen,1,1
2020,19.06. 18:00,Portugal,Duitsland,2,4
2020,19.06. 15:00,Hongarije,Frankrijk,1,1
2020,18.06. 21:00,Engeland,Schotland,0,0
2020,18.06. 18:00,Kroatië,Tsjechië,1,1
2020,18.06. 15:00,Zweden,Slowakije,1,0
2020,17.06. 21:00,Nederland,Oostenrijk,2,0
2020,17.06. 18:00,Denemarken,België,1,2
2020,17.06. 15:00,Oekraïne,Noord-Macedonië,2,1
2020,16.06. 21:00,Italië,Zwitserland,3,0
2020,16.06. 18:00,Turkije,Wales,0,2
2020,16.06. 15:00,Finland,Rusland,0,1
2020,15.06. 21:00,Frankrijk,Duitsland,1,0
2020,15.06. 18:00,Hongarije,Portugal,0,3
2020,14.06. 21:00,Spanje,Zweden,0,0
2020,14.06. 18:00,Polen,Slowakije,1,2
2020,14.06. 15:00,Schotland,Tsjechië,0,2
2020,13.06. 21:00,Nederland,Oekraïne,3,2
2020,13.06. 18:00,Oostenrijk,Noord-Macedonië,3,1
2020,13.06. 15:00,Engeland,Kroatië,1,0
2020,12.06. 21:00,België,Rusland,3,0
2020,12.06. 18:00,Denemarken,Finland,0,1
2020,12.06. 15:00,Wales,Zwitserland,1,1
2020,11.06. 21:00,Turkije,Italië,0,3
2020,12.11. 20:45,Hongarije,IJsland,2,1
2020,12.11. 20:45,Noord-Ierland,Slowakije,1,2
2020,12.11. 20:45,Servië,Schotland,1,2
2020,12.11. 18:00,Georgië,Noord-Macedonië,0,1
2020,08.10. 20:45,Bosnië en Herzegovina,Noord-Ierland,1,2
2020,08.10. 20:45,Bulgarije,Hongarije,1,3
2020,08.10. 20:45,IJsland,Roemenië,2,1
2020,08.10. 20:45,Noord-Macedonië,Kosovo,2,1
2020,08.10. 20:45,Noorwegen,Servië,1,2
2020,08.10. 20:45,Schotland,Israël,1,0
2020,08.10. 20:45,Slowakije,Ierland,1,0
2020,08.10. 18:00,Georgië,Belarus,1,0
2020,19.11. 20:45,België,Cyprus,6,1
2020,19.11. 20:45,Duitsland,Noord-Ierland,6,1
2020,19.11. 20:45,Letland,Oostenrijk,1,0
2020,19.11. 20:45,Nederland,Estland,5,0
2020,19.11. 20:45,Noord-Macedonië,Israël,1,0
2020,19.11. 20:45,Polen,Slovenië,3,2
2020,19.11. 20:45,San Marino,Rusland,0,5
2020,19.11. 20:45,Schotland,Kazachstan,3,1
2020,19.11. 20:45,Slowakije,Azerbeidzjan,2,0
2020,19.11. 20:45,Wales,Hongarije,2,0
2020,18.11. 20:45,Gibraltar,Zwitserland,1,6
2020,18.11. 20:45,Griekenland,Finland,2,1
2020,18.11. 20:45,Ierland,Denemarken,1,1
2020,18.11. 20:45,Italië,Armenië,9,1
2020,18.11. 20:45,Liechtenstein,Bosnië en Herzegovina,0,3
2020,18.11. 20:45,Malta,Noorwegen,1,2
2020,18.11. 20:45,Spanje,Roemenië,5,0
2020,18.11. 20:45,Zweden,Faeröer Eilanden,3,0
2020,17.11. 20:45,Albanië,Frankrijk,0,2
2020,17.11. 20:45,Andorra,Turkije,0,2
2020,17.11. 20:45,Moldavië,IJsland,1,2
2020,17.11. 18:00,Bulgarije,Tsjechië,1,0
2020,17.11. 18:00,Kosovo,Engeland,0,4
2020,17.11. 15:00,Luxemburg,Portugal,0,2
2020,17.11. 15:00,Servië,Oekraïne,2,2
2020,16.11. 20:45,Duitsland,Belarus,4,0
2020,16.11. 20:45,Israël,Polen,1,2
2020,16.11. 20:45,Kroatië,Slowakije,3,1
2020,16.11. 20:45,Noord-Ierland,Nederland,0,0
2020,16.11. 20:45,Oostenrijk,Noord-Macedonië,2,1
2020,16.11. 18:00,Azerbeidzjan,Wales,0,2
2020,16.11. 18:00,Rusland,België,1,4
2020,16.11. 18:00,San Marino,Kazachstan,1,3
2020,16.11. 18:00,Slovenië,Letland,1,0
2020,16.11. 15:00,Cyprus,Schotland,1,2
2020,15.11. 20:45,Bosnië en Herzegovina,Italië,0,3
2020,15.11. 20:45,Denemarken,Gibraltar,6,0
2020,15.11. 20:45,Roemenië,Zweden,0,2
2020,15.11. 20:45,Spanje,Malta,7,0
2020,15.11. 20:45,Zwitserland,Georgië,1,0
2020,15.11. 18:00,Armenië,Griekenland,0,1
2020,15.11. 18:00,Finland,Liechtenstein,3,0
2020,15.11. 18:00,Noorwegen,Faeröer Eilanden,4,0
2020,14.11. 20:45,Albanië,Andorra,2,2
2020,14.11. 20:45,Engeland,Montenegro,7,0
2020,14.11. 20:45,Frankrijk,Moldavië,2,1
2020,14.11. 20:45,Portugal,Litouwen,6,0
2020,14.11. 20:45,Servië,Luxemburg,3,2
2020,14.11. 20:45,Tsjechië,Kosovo,2,1
2020,14.11. 18:00,Turkije,IJsland,0,0
2024,20.06. 21:00,Spanje,Italië,1,0
2024,20.06. 18:00,Denemarken,Engeland,1,1
2024,20.06. 15:00,Slovenië,Servië,1,1
2024,19.06. 21:00,Schotland,Zwitserland,1,1
2024,19.06. 18:00,Duitsland,Hongarije,2,0
2024,19.06. 15:00,Kroatië,Albanië,2,2
2024,18.06. 21:00,Portugal,Tsjechië,2,1
2024,18.06. 18:00,Turkije,Georgië,3,1
2024,17.06. 21:00,Oostenrijk,Frankrijk,0,1
2024,17.06. 18:00,België,Slowakije,0,1
2024,17.06. 15:00,Roemenië,Oekraïne,3,0
2024,16.06. 21:00,Servië,Engeland,0,1
2024,16.06. 18:00,Slovenië,Denemarken,1,1
2024,16.06. 15:00,Polen,Nederland,1,2
2024,15.06. 21:00,Italië,Albanië,2,1
2024,15.06. 18:00,Spanje,Kroatië,3,0
2024,15.06. 15:00,Hongarije,Zwitserland,1,3
2024,14.06. 21:00,Duitsland,Schotland,5,1
2024,26.03. 20:45,Oekraïne,IJsland,2,1
2024,26.03. 20:45,Wales,Polen,0,1
2024,26.03. 18:00,Georgië,Griekenland,1,0
2024,21.03. 20:45,Bosnië en Herzegovina,Oekraïne,1,2
2024,21.03. 20:45,Griekenland,Kazachstan,5,0
2024,21.03. 20:45,Israël,IJsland,1,4
2024,21.03. 20:45,Polen,Estland,5,1
2024,21.03. 20:45,Wales,Finland,4,1
2024,21.03. 18:00,Georgië,Luxemburg,2,0
2024,21.11. 20:45,Andorra,Israël,0,2
2024,21.11. 20:45,Gibraltar,Nederland,0,6
2024,21.11. 20:45,Griekenland,Frankrijk,2,2
2024,21.11. 20:45,Kosovo,Belarus,0,1
2024,21.11. 20:45,Kroatië,Armenië,1,0
2024,21.11. 20:45,Roemenië,Zwitserland,1,0
2024,21.11. 20:45,Wales,Turkije,1,1
2024,20.11. 20:45,Albanië,Faeröer Eilanden,0,0
2024,20.11. 20:45,Noord-Ierland,Denemarken,2,0
2024,20.11. 20:45,Noord-Macedonië,Engeland,1,1
2024,20.11. 20:45,Oekraïne,Italië,0,0
2024,20.11. 20:45,San Marino,Finland,1,2
2024,20.11. 20:45,Slovenië,Kazachstan,2,1
2024,20.11. 20:45,Tsjechië,Moldavië,3,0
2024,19.11. 20:45,Bosnië en Herzegovina,Slowakije,1,2
2024,19.11. 20:45,Liechtenstein,Luxemburg,0,1
2024,19.11. 20:45,Portugal,IJsland,2,0
2024,19.11. 20:45,Schotland,Noorwegen,3,3
2024,19.11. 20:45,Spanje,Georgië,3,1
2024,19.11. 18:00,België,Azerbeidzjan,5,0
2024,19.11. 18:00,Zweden,Estland,2,0
2024,19.11. 15:00,Hongarije,Montenegro,3,1
2024,19.11. 15:00,Servië,Bulgarije,2,2
2024,18.11. 20:45,Frankrijk,Gibraltar,14,0
2024,18.11. 20:45,Israël,Roemenië,1,2
2024,18.11. 20:45,Nederland,Ierland,1,0
2024,18.11. 20:45,Zwitserland,Kosovo,1,1
2024,18.11. 18:00,Belarus,Andorra,1,0
2024,18.11. 18:00,Letland,Kroatië,0,2
2024,18.11. 15:00,Armenië,Wales,1,1
2024,17.11. 20:45,Denemarken,Slovenië,2,1
2024,17.11. 20:45,Engeland,Malta,2,0
2024,17.11. 20:45,Italië,Noord-Macedonië,5,2
2024,17.11. 20:45,Polen,Tsjechië,1,1
2024,17.11. 18:00,Finland,Noord-Ierland,4,0
2024,17.11. 18:00,Moldavië,Albanië,1,1
2024,17.11. 16:00,Kazachstan,San Marino,3,1
2024,16.11. 20:45,Liechtenstein,Portugal,0,2
2024,16.11. 20:45,Luxemburg,Bosnië en Herzegovina,4,1
2024,16.11. 20:45,Montenegro,Litouwen,2,0
2024,16.11. 20:45,Slowakije,IJsland,4,2
2024,16.11. 18:00,Azerbeidzjan,Zweden,3,0
2024,16.11. 18:00,Bulgarije,Hongarije,2,2
2024,16.11. 18:00,Cyprus,Spanje,1,3
2024,16.11. 18:00,Estland,Oostenrijk,0,2
2024,16.11. 18:00,Georgië,Schotland,2,2
2024,15.11. 20:45,Israël,Zwitserland,1,1
2024,12.11. 20:45,Kosovo,Israël,1,0
2024,17.10. 20:45,Engeland,Italië,3,1
2024,17.10. 20:45,Litouwen,Hongarije,2,2
2024,17.10. 20:45,Malta,Oekraïne,1,3
2024,17.10. 20:45,Noord-Ierland,Slovenië,0,1
2024,17.10. 20:45,San Marino,Denemarken,1,2
2024,17.10. 20:45,Servië,Montenegro,3,1
2024,17.10. 18:00,Finland,Kazachstan,1,2
2024,16.10. 20:45,België,Zweden,1,1
2024,16.10. 20:45,Bosnië en Herzegovina,Portugal,0,5
2024,16.10. 20:45,Gibraltar,Ierland,0,4
2024,16.10. 20:45,Griekenland,Nederland,0,1
2024,16.10. 20:45,IJsland,Liechtenstein,4,0
2024,16.10. 20:45,Luxemburg,Slowakije,0,1
2024,16.10. 18:00,Azerbeidzjan,Oostenrijk,0,1
2024,15.10. 20:45,Noorwegen,Spanje,0,1
2024,15.10. 20:45,Polen,Moldavië,1,1
2024,15.10. 20:45,Roemenië,Andorra,4,0
2024,15.10. 20:45,Turkije,Letland,4,0
2024,15.10. 20:45,Wales,Kroatië,2,1
2024,15.10. 18:00,Tsjechië,Faeröer Eilanden,1,0
2024,15.10. 18:00,Zwitserland,Belarus,3,3
2024,15.10. 15:00,Georgië,Cyprus,4,0
2024,14.10. 20:45,Denemarken,Kazachstan,3,1
2024,14.10. 20:45,Hongarije,Servië,2,1
2024,14.10. 20:45,Italië,Malta,4,0
2024,14.10. 18:00,Bulgarije,Litouwen,0,2
2024,14.10. 18:00,Slovenië,Finland,3,0
2024,14.10. 15:00,Noord-Ierland,San Marino,3,0
2024,14.10. 15:00,Oekraïne,Noord-Macedonië,2,0
2024,13.10. 20:45,Ierland,Griekenland,0,2
2024,13.10. 20:45,IJsland,Luxemburg,1,1
2024,13.10. 20:45,Liechtenstein,Bosnië en Herzegovina,0,2
2024,13.10. 20:45,Nederland,Frankrijk,1,2
2024,13.10. 20:45,Oostenrijk,België,2,3
2024,13.10. 20:45,Portugal,Slowakije,3,2
2024,13.10. 18:00,Estland,Azerbeidzjan,0,2
