2024,6,14,EK,groepfase,Duitsland,Schotland,5,1
2024,6,15,EK,groepfase,Hongarije,Zwitserland,1,3
2024,6,15,EK,groepfase,Spanje,Kroatië,3,0
2024,6,15,EK,groepfase,Italië,Albanië,2,1
2024,6,16,EK,groepfase,Polen,Nederland,1,2
2024,6,16,EK,groepfase,Slovenië,Denemarken,1,1
2024,6,16,EK,groepfase,Servië,Engeland,0,1
2024,6,17,EK,groepfase,Roemenië,Oekraïne,3,0
2024,6,17,EK,groepfase,België,Slowakije,0,1
2024,6,17,EK,groepfase,Oostenrijk,Frankrijk,0,1
2024,6,18,EK,groepfase,Turkije,Georgië,3,1
2024,6,18,EK,groepfase,Portugal,Tsjechië,2,1
2021,6,11,EK,groepfase,Turkije,Italië,0,3
2021,6,12,EK,groepfase,Wales,Zwitserland,1,1
2021,6,12,EK,groepfase,Denemarken,Finland,0,1
2021,6,12,EK,groepfase,België,Rusland,3,0
2021,6,13,EK,groepfase,Engeland,Kroatië,1,0
2021,6,13,EK,groepfase,Oostenrijk,N Macedonië,3,1
2021,6,13,EK,groepfase,Nederland,Oekraïne,3,2
2021,6,14,EK,groepfase,Schotland,Tsjechië,0,2
2021,6,14,EK,groepfase,Polen,Slowakije,1,2
2021,6,14,EK,groepfase,Spanje,Zweden,0,0
2021,6,15,EK,groepfase,Hongarije,Portugal,0,3
2021,6,15,EK,groepfase,Frankrijk,Duitsland,1,0
2021,6,16,EK,groepfase,Finland,Rusland,0,1
2021,6,16,EK,groepfase,Turkije,Wales,0,2
2021,6,16,EK,groepfase,Italië,Zwitserland,3,0
2021,6,17,EK,groepfase,Oekraïne,N Macedonië,2,1
2021,6,17,EK,groepfase,Denemarken,België,1,2
2021,6,17,EK,groepfase,Nederland,Oostenrijk,2,0
2021,6,18,EK,groepfase,Zweden,Slowakije,1,0
2021,6,18,EK,groepfase,Kroatië,Tsjechië,1,1
2021,6,18,EK,groepfase,Engeland,Schotland,0,0
2021,6,19,EK,groepfase,Hongarije,Frankrijk,1,1
2021,6,19,EK,groepfase,Portugal,Duitsland,2,4
2021,6,19,EK,groepfase,Spanje,Polen,1,1
2021,6,20,EK,groepfase,Zwitserland,Turkije,3,1
2021,6,20,EK,groepfase,Italië,Wales,1,0
2021,6,21,EK,groepfase,Oekraïne,Oostenrijk,0,1
2021,6,21,EK,groepfase,N Macedonië,Nederland,0,3
2021,6,21,EK,groepfase,Rusland,Denemarken,1,4
2021,6,21,EK,groepfase,Finland,België,0,2
2021,6,22,EK,groepfase,Tsjechië,Engeland,0,1
2021,6,22,EK,groepfase,Kroatië,Schotland,3,1
2021,6,23,EK,groepfase,Zweden,Polen,3,2
2021,6,23,EK,groepfase,Slowakije,Spanje,0,5
2021,6,23,EK,groepfase,Portugal,Frankrijk,2,2
2021,6,23,EK,groepfase,Duitsland,Hongarije,2,2
2021,6,26,EK,Achtste Finales,Wales,Denemarken,0,4
2021,6,26,EK,Achtste Finales,Italië,Oostenrijk,2,1
2021,6,27,EK,Achtste Finales,Nederland,Tsjechië,0,2
2021,6,27,EK,Achtste Finales,België,Portugal,1,0
2021,6,28,EK,Achtste Finales,Kroatië,Spanje,3,5
2021,6,28,EK,Achtste Finales,Frankrijk,Zwitserland,3,3
2021,6,29,EK,Achtste Finales,Engeland,Duitsland,2,0
2021,6,29,EK,Achtste Finales,Zweden,Oekraïne,1,2
2021,7,2,EK,Kwartfinales,Zwitserland,Spanje,1,1
2021,7,2,EK,Kwartfinales,België,Italië,1,2
2021,7,3,EK,Kwartfinales,Tsjechië,Denemarken,1,2
2021,7,3,EK,Kwartfinales,Oekraïne,Engeland,0,4
2021,7,6,EK,Kwartfinales,Italië,Spanje,1,1
2021,7,7,EK,Halve finales,Engeland,Denemarken,2,1
2021,7,11,EK,Finale,Italië,Engeland,1,1
2016,6,10,EK,groepfase,Frankrijk,Roemenië,2,1
2016,6,11,EK,groepfase,Albanië,Zwitserland,0,1
2016,6,11,EK,groepfase,Wales,Slowakije,2,1
2016,6,11,EK,groepfase,Engeland,Rusland,1,1
2016,6,12,EK,groepfase,Turkije,Kroatië,0,1
2016,6,12,EK,groepfase,Polen,Noord-Ierland,1,0
2016,6,12,EK,groepfase,Duitsland,Oekraïne,2,0
2016,6,13,EK,groepfase,Spanje,Tsjechië,1,0
2016,6,14,EK,groepfase,Oostenrijk,Hongarije,0,2
2016,6,14,EK,groepfase,Portugal,IJsland,1,1
2016,6,15,EK,groepfase,Rusland,Slowakije,1,2
2016,6,15,EK,groepfase,Roemenië,Zwitserland,1,1
2016,6,15,EK,groepfase,Frankrijk,Albanië,2,0
2016,6,16,EK,groepfase,Engeland,Wales,2,1
2016,6,16,EK,groepfase,Oekraïne,Noord-Ierland,0,2
2016,6,16,EK,groepfase,Duitsland,Polen,0,0
2016,6,17,EK,groepfase,Tsjechië,Kroatië,2,2
2016,6,17,EK,groepfase,Spanje,Turkije,3,0
2016,6,18,EK,groepfase,IJsland,Hongarije,1,1
2016,6,18,EK,groepfase,Portugal,Oostenrijk,0,0
2016,6,19,EK,groepfase,Zwitserland,Frankrijk,0,0
2016,6,19,EK,groepfase,Roemenië,Albanië,0,1
2016,6,20,EK,groepfase,Slowakije,Engeland,0,0
2016,6,20,EK,groepfase,Rusland,Wales,0,3
2016,6,21,EK,groepfase,Oekraïne,Polen,0,1
2016,6,21,EK,groepfase,Noord-Ierland,Duitsland,0,1
2016,6,21,EK,groepfase,Kroatië,Spanje,2,1
2016,6,21,EK,groepfase,Tsjechië,Turkije,0,2
2016,6,22,EK,groepfase,Hongarije,Portugal,3,3
2016,6,22,EK,groepfase,IJsland,Oostenrijk,2,1
2016,6,25,EK,Achtste Finales,Zwitserland,Polen,1,1
2016,6,25,EK,Achtste Finales,Wales,Noord-Ierland,1,0
2016,6,25,EK,Achtste Finales,Kroatië,Portugal,0,1
2016,6,26,EK,Achtste Finales,Frankrijk,Ierland,2,1
2016,6,26,EK,Achtste Finales,Duitsland,Slowakije,3,0
2016,6,26,EK,Achtste Finales,Hongarije,België,0,4
2016,6,27,EK,Achtste Finales,Italië,Spanje,2,0
2016,6,27,EK,Achtste Finales,Engeland,IJsland,1,2
2016,6,30,EK,Kwartfinales,Polen,Portugal,1,1
2016,7,1,EK,Kwartfinales,Wales,België,3,1
2016,7,2,EK,Kwartfinales,Duitsland,Italië,1,1
2016,7,3,EK,Kwartfinales,Frankrijk,IJsland,5,2
2016,7,6,EK,Halve finales,Portugal,Wales,2,0
2016,7,7,EK,Halve finales,Duitsland,Frankrijk,0,2
2016,7,10,EK,Finale,Portugal,Frankrijk,1,0
2012,6,8,EK,groepfase,Polen,Griekenland,1,1
2012,6,8,EK,groepfase,Rusland,Tsjechië,4,1
2012,6,9,EK,groepfase,Nederland,Denemarken,0,1
2012,6,9,EK,groepfase,Duitsland,Portugal,1,0
2012,6,10,EK,groepfase,Spanje,Italië,1,1
2012,6,10,EK,groepfase,Ierland,Kroatië,1,3
2012,6,11,EK,groepfase,Frankrijk,Engeland,1,1
2012,6,11,EK,groepfase,Oekraïne,Zweden,2,1
2012,6,12,EK,groepfase,Griekenland,Tsjechië,1,2
2012,6,12,EK,groepfase,Polen,Rusland,1,1
2012,6,13,EK,groepfase,Denemarken,Portugal,2,3
2012,6,13,EK,groepfase,Nederland,Duitsland,1,2
2012,6,14,EK,groepfase,Italië,Kroatië,1,1
2012,6,14,EK,groepfase,Spanje,Ierland,4,0
2012,6,15,EK,groepfase,Oekraïne,Frankrijk,0,2
2012,6,15,EK,groepfase,Zweden,Engeland,2,3
2012,6,16,EK,groepfase,Griekenland,Rusland,1,0
2012,6,16,EK,groepfase,Tsjechië,Polen,1,0
2012,6,17,EK,groepfase,Portugal,Nederland,2,1
2012,6,17,EK,groepfase,Denemarken,Duitsland,1,2
2012,6,18,EK,groepfase,Kroatië,Spanje,0,1
2012,6,18,EK,groepfase,Italië,Ierland,2,0
2012,6,19,EK,groepfase,Zweden,Frankrijk,2,0
2012,6,19,EK,groepfase,Engeland,Oekraïne,1,0
2012,6,21,EK,Kwartfinales,Tsjechië,Portugal,0,1
2012,6,22,EK,Kwartfinales,Duitsland,Griekenland,4,2
2012,6,23,EK,Kwartfinales,Spanje,Frankrijk,2,0
2012,6,24,EK,Kwartfinales,Engeland,Italië,0,0
2012,6,27,EK,Halve finales,Portugal,Spanje,0,0
2012,6,28,EK,Halve finales,Duitsland,Italië,1,2
2012,7,1,EK,Finale,Spanje,Italië,4,0
2006,11,18,EK,groepfase,Wales,Faeröer Eil.,2,1
2006,11,18,EK,groepfase,Slowakije,Luxemburg,4,0
2006,11,18,EK,groepfase,Malta,Lithuania,0,0
2006,11,19,EK,groepfase,Kroatië,Georgië,6,0
2006,11,19,EK,groepfase,Noord-Ierland,Turkije,0,1
2006,11,19,EK,groepfase,Israël,Letland,3,0
2006,11,19,EK,groepfase,Bosnië-Herzeg.,Armenië,1,1
2006,11,19,EK,groepfase,Roemenië,Azerbeidzjan,4,1
2006,11,19,EK,groepfase,Estland,Bulgarije,0,5
2006,11,19,EK,groepfase,Kazachstan,N Macedonië,1,0
2006,11,21,EK,groepfase,Kroatië,Turkije,2,1
2006,11,21,EK,groepfase,Georgië,Noord-Ierland,0,4
2006,11,21,EK,groepfase,Israël,Armenië,1,0
2006,11,21,EK,groepfase,Letland,Bosnië-Herzeg.,1,4
2006,11,21,EK,groepfase,Slowakije,Lithuania,3,0
2006,11,21,EK,groepfase,Luxemburg,Malta,4,2
2006,11,21,EK,groepfase,Roemenië,Bulgarije,1,0
2006,11,21,EK,groepfase,Azerbeidzjan,Estland,3,2
2006,11,21,EK,groepfase,Wales,N Macedonië,6,0
2006,11,21,EK,groepfase,Faeröer Eil.,Kazachstan,0,1
2006,11,24,EK,groepfase,Noord-Ierland,Kroatië,5,1
2006,11,24,EK,groepfase,Turkije,Georgië,9,0
2006,11,24,EK,groepfase,Bosnië-Herzeg.,Israël,2,5
2006,11,24,EK,groepfase,Armenië,Letland,1,0
2006,11,24,EK,groepfase,Malta,Slowakije,0,8
2006,11,24,EK,groepfase,Lithuania,Luxemburg,1,1
2006,11,24,EK,groepfase,Estland,Roemenië,0,5
2006,11,24,EK,groepfase,Bulgarije,Azerbeidzjan,3,0
2006,11,24,EK,groepfase,Kazachstan,Wales,1,2
2006,11,24,EK,groepfase,N Macedonië,Faeröer Eil.,0,7
2007,4,2,EK,groepfase,Ierland,Hongarije,2,1
2007,4,11,EK,groepfase,Frankrijk,Griekenland,6,0
2007,4,12,EK,groepfase,Duitsland,Nederland,5,1
2007,4,15,EK,groepfase,Slowakije,Portugal,2,1
2007,5,5,EK,groepfase,Italië,Zweden,0,2
2007,5,5,EK,groepfase,Slovenië,Servië,2,1
2007,5,5,EK,groepfase,Oostenrijk,Polen,0,1
2007,5,5,EK,groepfase,Hongarije,Roemenië,3,3
2007,5,5,EK,groepfase,Zwitserland,België,1,0
2007,5,6,EK,groepfase,Schotland,Portugal,0,0
2007,5,9,EK,groepfase,Slowakije,Oekraïne,0,4
2007,5,9,EK,groepfase,Zwitserland,Nederland,2,2
2007,5,10,EK,groepfase,Israël,Polen,2,2
2007,5,10,EK,groepfase,Wales,Duitsland,0,6
2007,5,13,EK,groepfase,Engeland,Noord-Ierland,4,0
2007,5,26,EK,groepfase,Noord-Ierland,Tsjechië,1,3
2007,5,30,EK,groepfase,Wit-Rusland,Spanje,0,3
2007,5,30,EK,groepfase,Israël,Rusland,0,6
2007,5,30,EK,groepfase,Oekraïne,Schotland,2,1
2007,5,30,EK,groepfase,Frankrijk,Slovenië,6,0
2007,5,30,EK,groepfase,Ierland,Italië,1,2
2007,5,31,EK,groepfase,Griekenland,IJsland,0,3
2007,6,16,EK,groepfase,IJsland,Frankrijk,1,0
2007,6,16,EK,groepfase,Roemenië,Zweden,0,7
2007,6,16,EK,groepfase,Rusland,Polen,3,1
2007,6,17,EK,groepfase,Israël,Noorwegen,0,3
2007,6,20,EK,groepfase,Zweden,Hongarije,7,0
2007,6,21,EK,groepfase,Oekraïne,Slowakije,5,0
2007,6,21,EK,groepfase,Polen,Israël,4,1
2007,6,21,EK,groepfase,Noorwegen,Oostenrijk,3,0
2007,6,21,EK,groepfase,IJsland,Servië,5,0
2007,8,1,EK,groepfase,Wit-Rusland,Noord-Ierland,5,0
2007,8,22,EK,groepfase,Duitsland,Zwitserland,7,0
2007,8,23,EK,groepfase,Oostenrijk,Rusland,1,5
2007,8,25,EK,groepfase,Roemenië,Ierland,0,2
2007,8,25,EK,groepfase,Servië,Griekenland,1,2
2007,8,26,EK,groepfase,Nederland,Wales,2,1
2007,8,26,EK,groepfase,Wit-Rusland,Tsjechië,1,4
2007,8,26,EK,groepfase,Slovenië,IJsland,2,1
2007,8,26,EK,groepfase,Oostenrijk,Israël,5,0
2007,10,27,EK,groepfase,Servië,Frankrijk,0,8
2007,10,27,EK,groepfase,Hongarije,Italië,1,3
2007,10,27,EK,groepfase,Tsjechië,Spanje,2,2
2007,10,27,EK,groepfase,Engeland,Wit-Rusland,4,0
2007,10,27,EK,groepfase,Denemarken,Portugal,5,1
2007,10,27,EK,groepfase,Slowakije,Schotland,0,3
2007,10,27,EK,groepfase,Noorwegen,Rusland,3,0
2007,10,27,EK,groepfase,Ierland,Roemenië,2,1
2007,10,28,EK,groepfase,Duitsland,België,3,0
2007,10,28,EK,groepfase,Wales,Zwitserland,0,2
2007,10,31,EK,groepfase,Slovenië,Frankrijk,0,2
2007,10,31,EK,groepfase,Italië,Roemenië,5,0
2007,10,31,EK,groepfase,België,Wales,1,0
2007,10,31,EK,groepfase,Schotland,Denemarken,0,1
2007,11,1,EK,groepfase,Nederland,Duitsland,0,1
2007,11,25,EK,groepfase,Engeland,Spanje,1,0
2008,2,16,EK,groepfase,Italië,Ierland,4,1
2008,2,16,EK,groepfase,Portugal,Slowakije,0,1
2008,2,16,EK,groepfase,Spanje,Noord-Ierland,4,0
2008,2,17,EK,groepfase,Wales,België,0,1
2008,2,20,EK,groepfase,Wales,Nederland,0,1
2008,2,21,EK,groepfase,Portugal,Oekraïne,0,1
2008,3,6,EK,groepfase,Noord-Ierland,Engeland,0,2
2008,3,20,EK,groepfase,Engeland,Tsjechië,0,0
2008,4,23,EK,groepfase,Hongarije,Ierland,0,2
2008,4,23,EK,groepfase,Griekenland,Frankrijk,0,5
2008,4,23,EK,groepfase,Slowakije,Denemarken,1,4
2008,4,23,EK,groepfase,België,Nederland,2,2
2008,4,26,EK,groepfase,Tsjechië,Noord-Ierland,4,0
2008,4,27,EK,groepfase,Denemarken,Schotland,2,1
2008,4,27,EK,groepfase,België,Zwitserland,3,1
2008,5,3,EK,groepfase,Spanje,Wit-Rusland,6,1
2008,5,3,EK,groepfase,Hongarije,Zweden,0,6
2008,5,3,EK,groepfase,Noorwegen,Israël,7,0
2008,5,3,EK,groepfase,Servië,Slovenië,0,3
2008,5,3,EK,groepfase,Portugal,Schotland,1,4
2008,5,7,EK,groepfase,België,Duitsland,0,5
2008,5,7,EK,groepfase,Zweden,Italië,1,0
2008,5,7,EK,groepfase,Noorwegen,Polen,3,0
2008,5,8,EK,groepfase,Frankrijk,Servië,2,0
2008,5,8,EK,groepfase,Wit-Rusland,Engeland,1,6
2008,5,8,EK,groepfase,Portugal,Denemarken,0,4
2008,5,8,EK,groepfase,Spanje,Tsjechië,4,1
2008,5,8,EK,groepfase,Zwitserland,Wales,2,0
2008,5,24,EK,groepfase,Roemenië,Italië,1,6
2008,5,28,EK,groepfase,Roemenië,Hongarije,3,1
2008,5,28,EK,groepfase,Polen,Oostenrijk,2,4
2008,5,28,EK,groepfase,Servië,IJsland,0,4
2008,5,28,EK,groepfase,Slovenië,Griekenland,3,1
2008,5,28,EK,groepfase,Denemarken,Slowakije,6,1
2008,5,28,EK,groepfase,Schotland,Oekraïne,0,1
2008,5,28,EK,groepfase,Noord-Ierland,Spanje,0,3
2008,5,29,EK,groepfase,Rusland,Israël,4,0
2008,5,29,EK,groepfase,Duitsland,Wales,4,0
2008,6,21,EK,groepfase,IJsland,Slovenië,5,0
2008,6,21,EK,groepfase,Oostenrijk,Noorwegen,0,4
2008,6,22,EK,groepfase,Oekraïne,Denemarken,1,0
2008,6,25,EK,groepfase,Israël,Oostenrijk,0,2
2008,6,25,EK,groepfase,Polen,Noorwegen,0,3
2008,6,25,EK,groepfase,Ierland,Zweden,0,5
2008,6,26,EK,groepfase,Tsjechië,Wit-Rusland,3,1
2008,6,26,EK,groepfase,IJsland,Griekenland,7,0
2008,7,25,EK,groepfase,Noord-Ierland,Wit-Rusland,1,1
2008,8,27,EK,groepfase,Rusland,Oostenrijk,3,1
2008,8,30,EK,groepfase,Nederland,Zwitserland,1,1
2008,9,27,EK,groepfase,Griekenland,Servië,0,5
2008,9,27,EK,groepfase,Polen,Rusland,1,4
2008,9,27,EK,groepfase,Frankrijk,IJsland,2,1
2008,9,27,EK,groepfase,Zweden,Roemenië,2,0
2008,9,27,EK,groepfase,Oekraïne,Portugal,1,1
2008,9,27,EK,groepfase,Nederland,België,3,0
2008,9,28,EK,groepfase,Tsjechië,Engeland,1,5
2008,9,28,EK,groepfase,Schotland,Slowakije,6,0
2008,10,1,EK,groepfase,Zwitserland,Duitsland,0,3
2008,10,1,EK,groepfase,Denemarken,Oekraïne,1,0
2008,10,1,EK,groepfase,Zweden,Ierland,1,0
2008,10,2,EK,groepfase,Rusland,Noorwegen,0,0
2008,10,2,EK,groepfase,Italië,Hongarije,3,0
2008,10,2,EK,groepfase,Griekenland,Slovenië,4,6
2008,10,2,EK,groepfase,Spanje,Engeland,2,2
2008,10,25,EK,groepfase,Tsjechië,Italië,0,1
2008,10,25,EK,groepfase,Spanje,Nederland,0,2
2008,10,26,EK,groepfase,Slovenië,Oekraïne,0,3
2008,10,26,EK,groepfase,Ierland,IJsland,1,1
2008,10,26,EK,groepfase,Schotland,Rusland,2,3
2008,10,29,EK,groepfase,Italië,Tsjechië,2,1
2008,10,30,EK,groepfase,Rusland,Schotland,1,2
2008,10,30,EK,groepfase,Oekraïne,Slovenië,2,0
2008,10,30,EK,groepfase,IJsland,Ierland,3,0
2008,10,30,EK,groepfase,Nederland,Spanje,2,0
2009,8,23,EK,groepfase,Oekraïne,Nederland,0,2
2009,8,23,EK,groepfase,Finland,Denemarken,1,0
2009,8,24,EK,groepfase,Duitsland,Noorwegen,4,0
2009,8,24,EK,groepfase,IJsland,Frankrijk,1,3
2009,8,25,EK,groepfase,Engeland,Italië,1,2
2009,8,25,EK,groepfase,Zweden,Rusland,3,0
2009,8,26,EK,groepfase,Oekraïne,Denemarken,1,2
2009,8,26,EK,groepfase,Nederland,Finland,1,2
2009,8,27,EK,groepfase,Frankrijk,Duitsland,1,5
2009,8,27,EK,groepfase,IJsland,Noorwegen,0,1
2009,8,28,EK,groepfase,Italië,Zweden,0,2
2009,8,28,EK,groepfase,Engeland,Rusland,3,2
2009,8,29,EK,groepfase,Finland,Oekraïne,0,1
2009,8,29,EK,groepfase,Denemarken,Nederland,1,2
2009,8,30,EK,groepfase,Noorwegen,Frankrijk,1,1
2009,8,30,EK,groepfase,Duitsland,IJsland,1,0
2009,8,31,EK,groepfase,Rusland,Italië,0,2
2009,8,31,EK,groepfase,Zweden,Engeland,1,1
2009,9,3,EK,groepfase,Finland,Engeland,2,3
2009,9,3,EK,groepfase,Nederland,Frankrijk,0,0
2009,9,4,EK,groepfase,Duitsland,Italië,2,1
2009,9,4,EK,groepfase,Zweden,Noorwegen,1,3
2009,9,6,EK,groepfase,Engeland,Nederland,2,1
2009,9,7,EK,groepfase,Duitsland,Noorwegen,3,1
2009,9,10,EK,groepfase,Engeland,Duitsland,2,6
2006,8,16,EK,groepfase,Estland,N Macedonië,0,1
2006,8,16,EK,groepfase,België,Kazachstan,0,0
2006,8,16,EK,groepfase,Faeröer Eil.,Georgië,0,6
2006,9,2,EK,groepfase,Tsjechië,Wales,2,1
2006,9,2,EK,groepfase,Duitsland,Ierland,1,0
2006,9,2,EK,groepfase,Slowakije,Cyprus,6,1
2006,9,2,EK,groepfase,Engeland,Andorra,5,0
2006,9,2,EK,groepfase,Estland,Israël,0,1
2006,9,2,EK,groepfase,Letland,Zweden,0,1
2006,9,2,EK,groepfase,Noord-Ierland,IJsland,0,3
2006,9,2,EK,groepfase,Spanje,Liechtenstein,4,0
2006,9,2,EK,groepfase,Polen,Finland,1,3
2006,9,2,EK,groepfase,Servië,Azerbeidzjan,1,0
2006,9,2,EK,groepfase,Wit-Rusland,Albanië,2,2
2006,9,2,EK,groepfase,Luxemburg,Nederland,0,1
2006,9,2,EK,groepfase,Roemenië,Bulgarije,2,2
2006,9,2,EK,groepfase,Georgië,Frankrijk,0,3
2006,9,2,EK,groepfase,Schotland,Faeröer Eil.,6,0
2006,9,2,EK,groepfase,Italië,Litouwen,1,1
2006,9,2,EK,groepfase,Hongarije,Noorwegen,1,4
2006,9,2,EK,groepfase,Malta,Bosnië-Herzeg.,2,5
2006,9,2,EK,groepfase,Moldavië,Griekenland,0,1
2006,9,6,EK,groepfase,San Marino,Duitsland,0,13
2006,9,6,EK,groepfase,Slowakije,Tsjechië,0,3
2006,9,6,EK,groepfase,Rusland,Kroatië,0,0
2006,9,6,EK,groepfase,Israël,Andorra,4,1
2006,9,6,EK,groepfase,N Macedonië,Engeland,0,1
2006,9,6,EK,groepfase,Zweden,Liechtenstein,3,1
2006,9,6,EK,groepfase,Noord-Ierland,Spanje,3,2
2006,9,6,EK,groepfase,IJsland,Denemarken,0,2
2006,9,6,EK,groepfase,Polen,Servië,1,1
2006,9,6,EK,groepfase,Finland,Portugal,1,1
2006,9,6,EK,groepfase,Azerbeidzjan,Kazachstan,1,1
2006,9,6,EK,groepfase,Armenië,België,0,1
2006,9,6,EK,groepfase,Nederland,Wit-Rusland,3,0
2006,9,6,EK,groepfase,Bulgarije,Slovenië,3,0
2006,9,6,EK,groepfase,Albanië,Roemenië,0,2
2006,9,6,EK,groepfase,Frankrijk,Italië,3,1
2006,9,6,EK,groepfase,Litouwen,Schotland,1,2
2006,9,6,EK,groepfase,Oekraïne,Georgië,3,2
2006,9,6,EK,groepfase,Turkije,Malta,2,0
2006,9,6,EK,groepfase,Noorwegen,Moldavië,2,0
2006,9,6,EK,groepfase,Bosnië-Herzeg.,Hongarije,1,3
2006,10,7,EK,groepfase,Wales,Slowakije,1,5
2006,10,7,EK,groepfase,Faeröer Eil.,Litouwen,0,1
2006,10,7,EK,groepfase,Rusland,Israël,1,1
2006,10,7,EK,groepfase,Kazachstan,Polen,0,1
2006,10,7,EK,groepfase,Tsjechië,San Marino,7,0
2006,10,7,EK,groepfase,Engeland,N Macedonië,0,0
2006,10,7,EK,groepfase,Armenië,Finland,0,0
2006,10,7,EK,groepfase,Schotland,Frankrijk,1,0
2006,10,7,EK,groepfase,Moldavië,Bosnië-Herzeg.,2,2
2006,10,7,EK,groepfase,Cyprus,Ierland,5,2
2006,10,7,EK,groepfase,Roemenië,Wit-Rusland,3,1
2006,10,7,EK,groepfase,Hongarije,Turkije,0,1
2006,10,7,EK,groepfase,Denemarken,Noord-Ierland,0,0
2006,10,7,EK,groepfase,Letland,IJsland,4,0
2006,10,7,EK,groepfase,Zweden,Spanje,2,0
2006,10,7,EK,groepfase,Bulgarije,Nederland,1,1
2006,10,7,EK,groepfase,Kroatië,Andorra,7,0
2006,10,7,EK,groepfase,Servië,België,1,0
2006,10,7,EK,groepfase,Griekenland,Noorwegen,1,0
2006,10,7,EK,groepfase,Slovenië,Luxemburg,2,0
2006,10,7,EK,groepfase,Italië,Oekraïne,2,0
2006,10,7,EK,groepfase,Portugal,Azerbeidzjan,3,0
2006,10,11,EK,groepfase,Andorra,N Macedonië,0,3
2006,10,11,EK,groepfase,Rusland,Estland,2,0
2006,10,11,EK,groepfase,Kazachstan,Finland,0,2
2006,10,11,EK,groepfase,Wit-Rusland,Slovenië,4,2
2006,10,11,EK,groepfase,Kroatië,Engeland,2,0
2006,10,11,EK,groepfase,Oekraïne,Schotland,2,0
2006,10,11,EK,groepfase,Malta,Hongarije,2,1
2006,10,11,EK,groepfase,Turkije,Moldavië,5,0
2006,10,11,EK,groepfase,Georgië,Italië,1,3
2006,10,11,EK,groepfase,IJsland,Zweden,1,2
2006,10,11,EK,groepfase,Bosnië-Herzeg.,Griekenland,0,4
2006,10,11,EK,groepfase,Liechtenstein,Denemarken,0,4
2006,10,11,EK,groepfase,Servië,Armenië,3,0
2006,10,11,EK,groepfase,Luxemburg,Bulgarije,0,1
2006,10,11,EK,groepfase,Ierland,Tsjechië,1,1
2006,10,11,EK,groepfase,Polen,Portugal,2,1
2006,10,11,EK,groepfase,Nederland,Albanië,2,1
2006,10,11,EK,groepfase,Slowakije,Duitsland,1,4
2006,10,11,EK,groepfase,België,Azerbeidzjan,3,0
2006,10,11,EK,groepfase,Wales,Cyprus,3,1
2006,10,11,EK,groepfase,Noord-Ierland,Letland,1,0
2006,10,11,EK,groepfase,Frankrijk,Faeröer Eil.,5,0
2006,11,15,EK,groepfase,N Macedonië,Rusland,0,2
2006,11,15,EK,groepfase,Israël,Kroatië,3,4
2006,11,15,EK,groepfase,Finland,Armenië,1,0
2006,11,15,EK,groepfase,Cyprus,Duitsland,1,1
2006,11,15,EK,groepfase,Ierland,San Marino,5,0
2006,11,15,EK,groepfase,België,Polen,0,1
2006,11,15,EK,groepfase,Portugal,Kazachstan,3,0
2007,2,7,EK,groepfase,San Marino,Ierland,1,2
2007,3,24,EK,groepfase,Kazachstan,Servië,2,1
2007,3,24,EK,groepfase,Ierland,Wales,1,0
2007,3,24,EK,groepfase,Faeröer Eil.,Oekraïne,0,2
2007,3,24,EK,groepfase,Schotland,Georgië,2,1
2007,3,24,EK,groepfase,Albanië,Slovenië,0,0
2007,3,24,EK,groepfase,Luxemburg,Wit-Rusland,1,2
2007,3,24,EK,groepfase,Moldavië,Malta,1,1
2007,3,24,EK,groepfase,Polen,Azerbeidzjan,5,0
2007,3,24,EK,groepfase,Litouwen,Frankrijk,0,1
2007,3,24,EK,groepfase,Cyprus,Slowakije,1,3
2007,3,24,EK,groepfase,Estland,Rusland,0,2
2007,3,24,EK,groepfase,Israël,Engeland,0,0
2007,3,24,EK,groepfase,Noorwegen,Bosnië-Herzeg.,1,2
2007,3,24,EK,groepfase,Kroatië,N Macedonië,2,1
2007,3,24,EK,groepfase,Liechtenstein,Noord-Ierland,1,4
2007,3,24,EK,groepfase,Griekenland,Turkije,1,4
2007,3,24,EK,groepfase,Nederland,Roemenië,0,0
2007,3,24,EK,groepfase,Tsjechië,Duitsland,1,2
2007,3,24,EK,groepfase,Spanje,Denemarken,2,1
2007,3,24,EK,groepfase,Portugal,België,4,0
2007,3,28,EK,groepfase,Azerbeidzjan,Finland,1,0
2007,3,28,EK,groepfase,Bulgarije,Albanië,0,0
2007,3,28,EK,groepfase,Oekraïne,Litouwen,1,0
2007,3,28,EK,groepfase,Tsjechië,Cyprus,1,0
2007,3,28,EK,groepfase,Roemenië,Luxemburg,3,0
2007,3,28,EK,groepfase,Hongarije,Moldavië,2,0
2007,3,28,EK,groepfase,Georgië,Faeröer Eil.,3,1
2007,3,28,EK,groepfase,Israël,Estland,4,0
2007,3,28,EK,groepfase,Malta,Griekenland,0,1
2007,3,28,EK,groepfase,Liechtenstein,Letland,1,0
2007,3,28,EK,groepfase,Turkije,Noorwegen,2,2
2007,3,28,EK,groepfase,Ierland,Slowakije,1,0
2007,3,28,EK,groepfase,Polen,Armenië,1,0
2007,3,28,EK,groepfase,Servië,Portugal,1,1
2007,3,28,EK,groepfase,Noord-Ierland,Zweden,2,1
2007,3,28,EK,groepfase,Slovenië,Nederland,0,1
2007,3,28,EK,groepfase,Italië,Schotland,2,0
2007,3,28,EK,groepfase,Wales,San Marino,3,0
2007,3,28,EK,groepfase,Andorra,Engeland,0,3
2007,3,28,EK,groepfase,Spanje,IJsland,1,0
2007,6,2,EK,groepfase,Kazachstan,Armenië,1,2
2007,6,2,EK,groepfase,Wales,Tsjechië,0,0
2007,6,2,EK,groepfase,Rusland,Andorra,4,0
2007,6,2,EK,groepfase,IJsland,Liechtenstein,1,1
2007,6,2,EK,groepfase,Azerbeidzjan,Polen,1,3
2007,6,2,EK,groepfase,Finland,Servië,0,2
2007,6,2,EK,groepfase,Duitsland,San Marino,6,0
2007,6,2,EK,groepfase,N Macedonië,Israël,1,2
2007,6,2,EK,groepfase,Bosnië-Herzeg.,Turkije,3,2
2007,6,2,EK,groepfase,Denemarken,Zweden,0,3
2007,6,2,EK,groepfase,Wit-Rusland,Bulgarije,0,2
2007,6,2,EK,groepfase,Litouwen,Georgië,1,0
2007,6,2,EK,groepfase,Noorwegen,Malta,4,0
2007,6,2,EK,groepfase,Griekenland,Hongarije,2,0
2007,6,2,EK,groepfase,Estland,Kroatië,0,1
2007,6,2,EK,groepfase,Letland,Spanje,0,2
2007,6,2,EK,groepfase,Albanië,Luxemburg,2,0
2007,6,2,EK,groepfase,België,Portugal,1,2
2007,6,2,EK,groepfase,Slovenië,Roemenië,1,2
2007,6,2,EK,groepfase,Faeröer Eil.,Italië,1,2
2007,6,2,EK,groepfase,Frankrijk,Oekraïne,2,0
2007,6,6,EK,groepfase,Kazachstan,Azerbeidzjan,1,1
2007,6,6,EK,groepfase,Armenië,Polen,1,0
2007,6,6,EK,groepfase,Andorra,Israël,0,2
2007,6,6,EK,groepfase,Faeröer Eil.,Schotland,0,2
2007,6,6,EK,groepfase,Noorwegen,Hongarije,4,0
2007,6,6,EK,groepfase,Bulgarije,Wit-Rusland,2,1
2007,6,6,EK,groepfase,Finland,België,2,0
2007,6,6,EK,groepfase,Roemenië,Slovenië,2,0
2007,6,6,EK,groepfase,Bosnië-Herzeg.,Malta,1,0
2007,6,6,EK,groepfase,Zweden,IJsland,5,0
2007,6,6,EK,groepfase,Luxemburg,Albanië,0,3
2007,6,6,EK,groepfase,Griekenland,Moldavië,2,1
2007,6,6,EK,groepfase,Duitsland,Slowakije,2,1
2007,6,6,EK,groepfase,Kroatië,Rusland,0,0
2007,6,6,EK,groepfase,Estland,Engeland,0,3
2007,6,6,EK,groepfase,Liechtenstein,Spanje,0,2
2007,6,6,EK,groepfase,Letland,Denemarken,0,2
2007,6,6,EK,groepfase,Litouwen,Italië,0,2
2007,6,6,EK,groepfase,Frankrijk,Georgië,1,0
2007,8,22,EK,groepfase,Estland,Andorra,2,1
2007,8,22,EK,groepfase,Armenië,Portugal,1,1
2007,8,22,EK,groepfase,Finland,Kazachstan,2,1
2007,8,22,EK,groepfase,Noord-Ierland,Liechtenstein,3,1
2007,8,22,EK,groepfase,België,Servië,3,2
2007,8,22,EK,groepfase,San Marino,Cyprus,0,1
2007,9,8,EK,groepfase,Hongarije,Bosnië-Herzeg.,1,0
2007,9,8,EK,groepfase,Schotland,Litouwen,3,1
2007,9,8,EK,groepfase,Rusland,N Macedonië,3,0
2007,9,8,EK,groepfase,Luxemburg,Slovenië,0,3
2007,9,8,EK,groepfase,Georgië,Oekraïne,1,1
2007,9,8,EK,groepfase,Engeland,Israël,3,0
2007,9,8,EK,groepfase,Wit-Rusland,Roemenië,1,3
2007,9,8,EK,groepfase,Letland,Noord-Ierland,1,0
2007,9,8,EK,groepfase,Malta,Turkije,2,2
2007,9,8,EK,groepfase,Moldavië,Noorwegen,0,1
2007,9,8,EK,groepfase,San Marino,Tsjechië,0,3
2007,9,8,EK,groepfase,Servië,Finland,0,0
2007,9,8,EK,groepfase,Slowakije,Ierland,2,2
2007,9,8,EK,groepfase,Wales,Duitsland,0,2
2007,9,8,EK,groepfase,Kroatië,Estland,2,0
2007,9,8,EK,groepfase,Zweden,Denemarken,0,0
2007,9,8,EK,groepfase,Nederland,Bulgarije,2,0
2007,9,8,EK,groepfase,Italië,Frankrijk,0,0
2007,9,8,EK,groepfase,IJsland,Spanje,1,1
2007,9,8,EK,groepfase,Portugal,Polen,2,2
2007,9,12,EK,groepfase,Kazachstan,België,2,2
2007,9,12,EK,groepfase,Andorra,Kroatië,0,6
2007,9,12,EK,groepfase,Finland,Polen,0,0
2007,9,12,EK,groepfase,Slowakije,Wales,2,5
2007,9,12,EK,groepfase,Noorwegen,Griekenland,2,2
2007,9,12,EK,groepfase,Cyprus,San Marino,3,0
2007,9,12,EK,groepfase,Litouwen,Faeröer Eil.,2,1
2007,9,12,EK,groepfase,IJsland,Noord-Ierland,2,1
2007,9,12,EK,groepfase,Turkije,Hongarije,3,0
2007,9,12,EK,groepfase,Bulgarije,Luxemburg,3,0
2007,9,12,EK,groepfase,Bosnië-Herzeg.,Moldavië,0,1
2007,9,12,EK,groepfase,Denemarken,Liechtenstein,4,0
2007,9,12,EK,groepfase,Slovenië,Wit-Rusland,1,0
2007,9,12,EK,groepfase,Tsjechië,Ierland,1,0
2007,9,12,EK,groepfase,N Macedonië,Estland,1,1
2007,9,12,EK,groepfase,Albanië,Nederland,0,1
2007,9,12,EK,groepfase,Oekraïne,Italië,1,2
2007,9,12,EK,groepfase,Engeland,Rusland,3,0
2007,9,12,EK,groepfase,Frankrijk,Schotland,0,1
2007,9,12,EK,groepfase,Spanje,Letland,2,0
2007,9,12,EK,groepfase,Portugal,Servië,1,1
2007,10,13,EK,groepfase,Slowakije,San Marino,7,0
2007,10,13,EK,groepfase,Engeland,Estland,3,0
2007,10,13,EK,groepfase,Schotland,Oekraïne,3,1
2007,10,13,EK,groepfase,Hongarije,Malta,2,0
2007,10,13,EK,groepfase,Wit-Rusland,Luxemburg,0,1
2007,10,13,EK,groepfase,Armenië,Servië,0,0
2007,10,13,EK,groepfase,Faeröer Eil.,Frankrijk,0,6
2007,10,13,EK,groepfase,IJsland,Letland,2,4
2007,10,13,EK,groepfase,Azerbeidzjan,Portugal,0,2
2007,10,13,EK,groepfase,Cyprus,Wales,3,1
2007,10,13,EK,groepfase,Liechtenstein,Zweden,0,3
2007,10,13,EK,groepfase,Roemenië,Nederland,1,0
2007,10,13,EK,groepfase,Moldavië,Turkije,1,1
2007,10,13,EK,groepfase,Denemarken,Spanje,1,3
2007,10,13,EK,groepfase,Kroatië,Israël,1,0
2007,10,13,EK,groepfase,Griekenland,Bosnië-Herzeg.,3,2
2007,10,13,EK,groepfase,Slovenië,Albanië,0,0
2007,10,13,EK,groepfase,Polen,Kazachstan,3,1
2007,10,13,EK,groepfase,Ierland,Duitsland,0,0
2007,10,13,EK,groepfase,België,Finland,0,0
2007,10,13,EK,groepfase,Italië,Georgië,2,0
2007,10,17,EK,groepfase,Kazachstan,Portugal,1,2
2007,10,17,EK,groepfase,Rusland,Engeland,2,1
2007,10,17,EK,groepfase,Azerbeidzjan,Servië,1,6
2007,10,17,EK,groepfase,Oekraïne,Faeröer Eil.,5,0
2007,10,17,EK,groepfase,Georgië,Schotland,2,0
2007,10,17,EK,groepfase,Malta,Moldavië,2,3
2007,10,17,EK,groepfase,Turkije,Griekenland,0,1
2007,10,17,EK,groepfase,N Macedonië,Andorra,3,0
2007,10,17,EK,groepfase,Denemarken,Letland,3,1
2007,10,17,EK,groepfase,Liechtenstein,IJsland,3,0
2007,10,17,EK,groepfase,San Marino,Wales,1,2
2007,10,17,EK,groepfase,Luxemburg,Roemenië,0,2
2007,10,17,EK,groepfase,Bosnië-Herzeg.,Noorwegen,0,2
2007,10,17,EK,groepfase,Ierland,Cyprus,1,1
2007,10,17,EK,groepfase,Zweden,Noord-Ierland,1,1
2007,10,17,EK,groepfase,Nederland,Slovenië,2,0
2007,10,17,EK,groepfase,Duitsland,Tsjechië,0,3
2007,10,17,EK,groepfase,Albanië,Bulgarije,1,1
2007,10,17,EK,groepfase,België,Armenië,3,0
2007,10,17,EK,groepfase,Frankrijk,Litouwen,2,0
2007,11,17,EK,groepfase,Finland,Azerbeidzjan,2,1
2007,11,17,EK,groepfase,Wales,Ierland,2,2
2007,11,17,EK,groepfase,Letland,Liechtenstein,4,1
2007,11,17,EK,groepfase,Bulgarije,Roemenië,1,0
2007,11,17,EK,groepfase,Moldavië,Hongarije,3,0
2007,11,17,EK,groepfase,Andorra,Estland,0,2
2007,11,17,EK,groepfase,Schotland,Italië,1,2
2007,11,17,EK,groepfase,Noorwegen,Turkije,1,2
2007,11,17,EK,groepfase,Israël,Rusland,2,1
2007,11,17,EK,groepfase,Litouwen,Oekraïne,2,0
2007,11,17,EK,groepfase,Duitsland,Cyprus,4,0
2007,11,17,EK,groepfase,N Macedonië,Kroatië,2,0
2007,11,17,EK,groepfase,Albanië,Wit-Rusland,2,4
2007,11,17,EK,groepfase,Griekenland,Malta,5,0
2007,11,17,EK,groepfase,Tsjechië,Slowakije,3,1
2007,11,17,EK,groepfase,Nederland,Luxemburg,1,0
2007,11,17,EK,groepfase,Polen,België,2,0
2007,11,17,EK,groepfase,Noord-Ierland,Denemarken,2,1
2007,11,17,EK,groepfase,Spanje,Zweden,3,0
2007,11,17,EK,groepfase,Portugal,Armenië,1,0
2007,11,21,EK,groepfase,Armenië,Kazachstan,0,1
2007,11,21,EK,groepfase,Georgië,Litouwen,0,2
2007,11,21,EK,groepfase,Roemenië,Albanië,6,1
2007,11,21,EK,groepfase,Cyprus,Tsjechië,0,2
2007,11,21,EK,groepfase,Israël,N Macedonië,1,0
2007,11,21,EK,groepfase,Wit-Rusland,Nederland,2,1
2007,11,21,EK,groepfase,Slovenië,Bulgarije,0,2
2007,11,21,EK,groepfase,Azerbeidzjan,België,0,1
2007,11,21,EK,groepfase,Malta,Noorwegen,1,4
2007,11,21,EK,groepfase,Turkije,Bosnië-Herzeg.,1,0
2007,11,21,EK,groepfase,Denemarken,IJsland,3,0
2007,11,21,EK,groepfase,Spanje,Noord-Ierland,1,0
2007,11,21,EK,groepfase,Zweden,Letland,2,1
2007,11,21,EK,groepfase,Hongarije,Griekenland,1,2
2007,11,21,EK,groepfase,Duitsland,Wales,0,0
2007,11,21,EK,groepfase,San Marino,Slowakije,0,5
2007,11,21,EK,groepfase,Italië,Faeröer Eil.,3,1
2007,11,21,EK,groepfase,Oekraïne,Frankrijk,2,2
2007,11,21,EK,groepfase,Portugal,Finland,0,0
2007,11,21,EK,groepfase,Servië,Polen,2,2
2007,11,21,EK,groepfase,Andorra,Rusland,0,1
2007,11,21,EK,groepfase,Engeland,Kroatië,2,3
2007,11,24,EK,groepfase,Servië,Kazachstan,1,0
2008,6,7,EK,groepfase,Zwitserland,Tsjechië,0,1
2008,6,7,EK,groepfase,Portugal,Turkije,2,0
2008,6,8,EK,groepfase,Oostenrijk,Kroatië,0,1
2008,6,8,EK,groepfase,Duitsland,Polen,2,0
2008,6,9,EK,groepfase,Roemenië,Frankrijk,0,0
2008,6,9,EK,groepfase,Nederland,Italië,3,0
2008,6,10,EK,groepfase,Spanje,Rusland,4,1
2008,6,10,EK,groepfase,Griekenland,Zweden,0,2
2008,6,11,EK,groepfase,Tsjechië,Portugal,1,3
2008,6,11,EK,groepfase,Zwitserland,Turkije,1,2
2008,6,12,EK,groepfase,Kroatië,Duitsland,2,1
2008,6,12,EK,groepfase,Oostenrijk,Polen,1,1
2008,6,13,EK,groepfase,Italië,Roemenië,1,1
2008,6,13,EK,groepfase,Nederland,Frankrijk,4,1
2008,6,14,EK,groepfase,Zweden,Spanje,1,2
2008,6,14,EK,groepfase,Griekenland,Rusland,0,1
2008,6,15,EK,groepfase,Zwitserland,Portugal,2,0
2008,6,15,EK,groepfase,Turkije,Tsjechië,3,2
2008,6,16,EK,groepfase,Oostenrijk,Duitsland,0,1
2008,6,16,EK,groepfase,Polen,Kroatië,0,1
2008,6,17,EK,groepfase,Nederland,Roemenië,2,0
2008,6,17,EK,groepfase,Frankrijk,Italië,0,2
2008,6,18,EK,groepfase,Griekenland,Spanje,1,2
2008,6,18,EK,groepfase,Rusland,Zweden,2,0
2008,6,19,EK,groepfase,Portugal,Duitsland,2,3
2008,6,20,EK,groepfase,Kroatië,Turkije,1,1
2008,6,21,EK,groepfase,Nederland,Rusland,1,3
2008,6,22,EK,groepfase,Spanje,Italië,0,0
2008,6,25,EK,groepfase,Duitsland,Turkije,3,2
2008,6,26,EK,groepfase,Rusland,Spanje,0,3
2008,6,29,EK,Finale,Duitsland,Spanje,0,1
1998,6,3,EK,groepfase,Estland,Faeröer Eil.,5,0
1998,8,18,EK,groepfase,Bosnië-Herzeg.,Faeröer Eil.,1,0
1998,9,1,EK,groepfase,Roemenië,Liechtenstein,7,0
1998,9,4,EK,groepfase,Wales,Italië,0,2
1998,9,4,EK,groepfase,Wit-Rusland,Denemarken,0,0
1998,9,4,EK,groepfase,Georgië,Albanië,1,0
1998,9,4,EK,groepfase,Turkije,Noord-Ierland,3,0
1998,9,4,EK,groepfase,Finland,Moldavië,3,2
1998,9,4,EK,groepfase,Armenië,Andorra,3,1
1998,9,4,EK,groepfase,Oekraïne,Rusland,3,2
1998,9,4,EK,groepfase,IJsland,Frankrijk,1,1
1998,9,4,EK,groepfase,Zweden,Engeland,2,1
1998,9,4,EK,groepfase,Cyprus,Spanje,3,2
1998,9,4,EK,groepfase,Oostenrijk,Israël,1,1
1998,9,4,EK,groepfase,Slowakije,Azerbeidzjan,3,0
1998,9,4,EK,groepfase,Ierland,Kroatië,2,0
1998,9,4,EK,groepfase,Litouwen,Schotland,0,0
1998,9,4,EK,groepfase,Bosnië-Herzeg.,Estland,1,1
1998,9,5,EK,groepfase,Noorwegen,Letland,1,3
1998,9,5,EK,groepfase,Griekenland,Slovenië,2,2
1998,9,5,EK,groepfase,Bulgarije,Polen,0,3
1998,9,5,EK,groepfase,Hongarije,Portugal,1,3
1998,9,5,EK,groepfase,N Macedonië,Malta,4,0
1998,9,5,EK,groepfase,Faeröer Eil.,Tsjechië,0,1
1998,10,9,EK,groepfase,Italië,Zwitserland,2,0
1998,10,9,EK,groepfase,Denemarken,Wales,1,2
1998,10,9,EK,groepfase,Slovenië,Noorwegen,1,2
1998,10,9,EK,groepfase,Letland,Georgië,1,0
1998,10,9,EK,groepfase,Turkije,Duitsland,1,0
1998,10,9,EK,groepfase,Noord-Ierland,Finland,1,0
1998,10,9,EK,groepfase,Rusland,Frankrijk,2,3
1998,10,9,EK,groepfase,Armenië,IJsland,0,0
1998,10,9,EK,groepfase,Andorra,Oekraïne,0,2
1998,10,9,EK,groepfase,Engeland,Bulgarije,0,0
1998,10,9,EK,groepfase,Polen,Luxemburg,3,0
1998,10,9,EK,groepfase,Cyprus,Oostenrijk,0,3
1998,10,9,EK,groepfase,San Marino,Israël,0,5
1998,10,9,EK,groepfase,Azerbeidzjan,Hongarije,0,4
1998,10,9,EK,groepfase,Liechtenstein,Slowakije,0,4
1998,10,9,EK,groepfase,Portugal,Roemenië,0,1
1998,10,9,EK,groepfase,Malta,Kroatië,1,4
1998,10,9,EK,groepfase,Schotland,Estland,3,2
1998,10,9,EK,groepfase,Bosnië-Herzeg.,Tsjechië,1,3
1998,10,9,EK,groepfase,Litouwen,Faeröer Eil.,0,0
1998,10,13,EK,groepfase,Wales,Wit-Rusland,3,2
1998,10,13,EK,groepfase,Zwitserland,Denemarken,1,1
1998,10,13,EK,groepfase,Slovenië,Letland,1,0
1998,10,13,EK,groepfase,Noorwegen,Albanië,2,2
1998,10,13,EK,groepfase,Griekenland,Georgië,3,0
1998,10,13,EK,groepfase,Moldavië,Duitsland,1,3
1998,10,13,EK,groepfase,Turkije,Finland,1,3
1998,10,13,EK,groepfase,Frankrijk,Andorra,2,0
1998,10,13,EK,groepfase,Oekraïne,Armenië,2,0
1998,10,13,EK,groepfase,IJsland,Rusland,1,0
1998,10,13,EK,groepfase,Bulgarije,Zweden,0,1
1998,10,13,EK,groepfase,Luxemburg,Engeland,0,3
1998,10,13,EK,groepfase,Israël,Spanje,1,2
1998,10,13,EK,groepfase,San Marino,Oostenrijk,1,4
1998,10,13,EK,groepfase,Liechtenstein,Azerbeidzjan,2,1
1998,10,13,EK,groepfase,Hongarije,Roemenië,1,1
1998,10,13,EK,groepfase,Slowakije,Portugal,0,3
1998,10,13,EK,groepfase,Ierland,Malta,5,0
1998,10,13,EK,groepfase,Kroatië,N Macedonië,3,2
1998,10,13,EK,groepfase,Schotland,Faeröer Eil.,2,1
1998,10,13,EK,groepfase,Litouwen,Bosnië-Herzeg.,4,2
1998,10,13,EK,groepfase,Tsjechië,Estland,4,1
1998,11,17,EK,groepfase,Albanië,Griekenland,0,0
1998,11,17,EK,groepfase,Noord-Ierland,Moldavië,2,2
1998,11,17,EK,groepfase,San Marino,Cyprus,0,1
1998,11,17,EK,groepfase,Yugoslavia,Ierland,1,0
1998,11,17,EK,groepfase,Malta,N Macedonië,1,2
1999,2,9,EK,groepfase,Cyprus,San Marino,4,0
1999,2,9,EK,groepfase,Malta,Yugoslavia,0,3
1999,3,25,EK,groepfase,Portugal,Azerbeidzjan,7,0
1999,3,26,EK,groepfase,Wit-Rusland,Zwitserland,0,1
1999,3,26,EK,groepfase,Denemarken,Italië,1,2
1999,3,26,EK,groepfase,Georgië,Slovenië,1,1
1999,3,26,EK,groepfase,Griekenland,Noorwegen,0,2
1999,3,26,EK,groepfase,Noord-Ierland,Duitsland,0,3
1999,3,26,EK,groepfase,Turkije,Moldavië,2,0
1999,3,26,EK,groepfase,Andorra,IJsland,0,2
1999,3,26,EK,groepfase,Frankrijk,Oekraïne,0,0
1999,3,26,EK,groepfase,Armenië,Rusland,0,3
1999,3,26,EK,groepfase,Engeland,Polen,3,1
1999,3,26,EK,groepfase,Zweden,Luxemburg,2,0
1999,3,26,EK,groepfase,Spanje,Oostenrijk,9,0
1999,3,26,EK,groepfase,Hongarije,Liechtenstein,5,0
1999,3,26,EK,groepfase,Roemenië,Slowakije,0,0
1999,3,26,EK,groepfase,Tsjechië,Litouwen,2,0
1999,3,27,EK,groepfase,Israël,Cyprus,3,0
1999,3,30,EK,groepfase,Italië,Wit-Rusland,1,1
1999,3,30,EK,groepfase,Zwitserland,Wales,2,0
1999,3,30,EK,groepfase,Letland,Griekenland,0,0
1999,3,30,EK,groepfase,Duitsland,Finland,2,0
1999,3,30,EK,groepfase,Moldavië,Noord-Ierland,0,0
1999,3,30,EK,groepfase,Oekraïne,IJsland,1,1
1999,3,30,EK,groepfase,Rusland,Andorra,6,1
1999,3,30,EK,groepfase,Frankrijk,Armenië,2,0
1999,3,30,EK,groepfase,Luxemburg,Bulgarije,0,2
1999,3,30,EK,groepfase,Polen,Zweden,0,1
1999,3,30,EK,groepfase,San Marino,Spanje,0,6
1999,3,30,EK,groepfase,Azerbeidzjan,Roemenië,0,1
1999,3,30,EK,groepfase,Slowakije,Hongarije,0,0
1999,3,30,EK,groepfase,Liechtenstein,Portugal,0,5
1999,3,30,EK,groepfase,Litouwen,Estland,1,2
1999,3,30,EK,groepfase,Schotland,Tsjechië,1,2
1999,4,27,EK,groepfase,Georgië,Noorwegen,1,4
1999,4,27,EK,groepfase,Letland,Albanië,0,0
1999,4,27,EK,groepfase,Oostenrijk,San Marino,7,0
1999,5,29,EK,groepfase,Noorwegen,Georgië,1,0
1999,6,3,EK,groepfase,Duitsland,Moldavië,6,1
1999,6,3,EK,groepfase,Polen,Bulgarije,2,0
1999,6,4,EK,groepfase,Denemarken,Wit-Rusland,1,0
1999,6,4,EK,groepfase,Italië,Wales,4,0
1999,6,4,EK,groepfase,Albanië,Noorwegen,1,2
1999,6,4,EK,groepfase,Georgië,Griekenland,1,2
1999,6,4,EK,groepfase,Letland,Slovenië,1,2
1999,6,4,EK,groepfase,Finland,Turkije,2,4
1999,6,4,EK,groepfase,Frankrijk,Rusland,2,3
1999,6,4,EK,groepfase,Oekraïne,Andorra,4,0
1999,6,4,EK,groepfase,IJsland,Armenië,2,0
1999,6,4,EK,groepfase,Engeland,Zweden,0,0
1999,6,4,EK,groepfase,Spanje,San Marino,9,0
1999,6,4,EK,groepfase,Roemenië,Hongarije,2,0
1999,6,4,EK,groepfase,Azerbeidzjan,Liechtenstein,4,0
1999,6,4,EK,groepfase,Portugal,Slowakije,1,0
1999,6,4,EK,groepfase,N Macedonië,Kroatië,1,1
1999,6,4,EK,groepfase,Bosnië-Herzeg.,Litouwen,2,0
1999,6,4,EK,groepfase,Estland,Tsjechië,0,2
1999,6,4,EK,groepfase,Faeröer Eil.,Schotland,1,1
1999,6,5,EK,groepfase,Israël,Oostenrijk,5,0
1999,6,7,EK,groepfase,Yugoslavia,Malta,4,1
1999,6,8,EK,groepfase,Wales,Denemarken,0,2
1999,6,8,EK,groepfase,Zwitserland,Italië,0,0
1999,6,8,EK,groepfase,Albanië,Slovenië,0,1
1999,6,8,EK,groepfase,Griekenland,Letland,1,2
1999,6,8,EK,groepfase,Moldavië,Finland,0,0
1999,6,8,EK,groepfase,Rusland,IJsland,1,0
1999,6,8,EK,groepfase,Armenië,Oekraïne,0,0
1999,6,8,EK,groepfase,Andorra,Frankrijk,0,1
1999,6,8,EK,groepfase,Bulgarije,Engeland,1,1
1999,6,8,EK,groepfase,Luxemburg,Polen,2,3
1999,6,8,EK,groepfase,Hongarije,Slowakije,0,1
1999,6,8,EK,groepfase,Portugal,Liechtenstein,8,0
1999,6,8,EK,groepfase,Roemenië,Azerbeidzjan,4,0
1999,6,8,EK,groepfase,Ierland,N Macedonië,1,0
1999,6,8,EK,groepfase,Faeröer Eil.,Bosnië-Herzeg.,2,2
1999,6,8,EK,groepfase,Tsjechië,Schotland,3,2
1999,6,8,EK,groepfase,Estland,Litouwen,1,2
1999,8,17,EK,groepfase,Slovenië,Albanië,2,0
1999,8,17,EK,groepfase,Yugoslavia,Kroatië,0,0
1999,8,20,EK,groepfase,Kroatië,Malta,2,1
1999,8,31,EK,groepfase,Ierland,Yugoslavia,2,1
1999,9,3,EK,groepfase,Faeröer Eil.,Estland,0,2
1999,9,3,EK,groepfase,Bosnië-Herzeg.,Schotland,1,2
1999,9,3,EK,groepfase,Denemarken,Zwitserland,2,1
1999,9,3,EK,groepfase,Wit-Rusland,Wales,1,2
1999,9,3,EK,groepfase,Albanië,Letland,3,3
1999,9,3,EK,groepfase,Noorwegen,Griekenland,1,0
1999,9,3,EK,groepfase,Slovenië,Georgië,2,1
1999,9,3,EK,groepfase,Noord-Ierland,Turkije,0,3
1999,9,3,EK,groepfase,Finland,Duitsland,1,2
1999,9,3,EK,groepfase,IJsland,Andorra,3,0
1999,9,3,EK,groepfase,Oekraïne,Frankrijk,0,0
1999,9,3,EK,groepfase,Rusland,Armenië,2,0
1999,9,3,EK,groepfase,Engeland,Luxemburg,6,0
1999,9,3,EK,groepfase,Zweden,Bulgarije,1,0
1999,9,3,EK,groepfase,Oostenrijk,Spanje,1,3
1999,9,3,EK,groepfase,Slowakije,Roemenië,1,5
1999,9,3,EK,groepfase,Liechtenstein,Hongarije,0,0
1999,9,3,EK,groepfase,Azerbeidzjan,Portugal,1,1
1999,9,3,EK,groepfase,Kroatië,Ierland,1,0
1999,9,3,EK,groepfase,Litouwen,Tsjechië,0,4
1999,9,4,EK,groepfase,Cyprus,Israël,3,2
1999,9,4,EK,groepfase,Yugoslavia,N Macedonië,3,1
1999,9,7,EK,groepfase,Faeröer Eil.,Litouwen,0,1
1999,9,7,EK,groepfase,Estland,Schotland,0,0
1999,9,7,EK,groepfase,Tsjechië,Bosnië-Herzeg.,3,0
1999,9,7,EK,groepfase,Italië,Denemarken,2,3
1999,9,7,EK,groepfase,Zwitserland,Wit-Rusland,2,0
1999,9,7,EK,groepfase,Noorwegen,Slovenië,4,0
1999,9,7,EK,groepfase,Georgië,Letland,2,2
1999,9,7,EK,groepfase,Moldavië,Turkije,1,1
1999,9,7,EK,groepfase,Duitsland,Noord-Ierland,4,0
1999,9,7,EK,groepfase,Andorra,Rusland,1,2
1999,9,7,EK,groepfase,Armenië,Frankrijk,2,3
1999,9,7,EK,groepfase,IJsland,Oekraïne,0,1
1999,9,7,EK,groepfase,Luxemburg,Zweden,0,1
1999,9,7,EK,groepfase,Polen,Engeland,0,0
1999,9,7,EK,groepfase,Spanje,Cyprus,8,0
1999,9,7,EK,groepfase,Israël,San Marino,8,0
1999,9,7,EK,groepfase,Hongarije,Azerbeidzjan,3,0
1999,9,7,EK,groepfase,Roemenië,Portugal,1,1
1999,9,7,EK,groepfase,Slowakije,Liechtenstein,2,0
1999,9,7,EK,groepfase,N Macedonië,Yugoslavia,2,4
1999,9,7,EK,groepfase,Malta,Ierland,2,3
1999,10,4,EK,groepfase,Schotland,Bosnië-Herzeg.,1,0
1999,10,5,EK,groepfase,Griekenland,Albanië,2,0
1999,10,8,EK,groepfase,Tsjechië,Faeröer Eil.,2,0
1999,10,8,EK,groepfase,Estland,Bosnië-Herzeg.,1,4
1999,10,8,EK,groepfase,Schotland,Litouwen,3,0
1999,10,8,EK,groepfase,Wit-Rusland,Italië,0,0
1999,10,8,EK,groepfase,Wales,Zwitserland,0,2
1999,10,8,EK,groepfase,Slovenië,Griekenland,0,3
1999,10,8,EK,groepfase,Albanië,Georgië,2,1
1999,10,8,EK,groepfase,Letland,Noorwegen,1,2
1999,10,8,EK,groepfase,Finland,Noord-Ierland,4,1
1999,10,8,EK,groepfase,Duitsland,Turkije,0,0
1999,10,8,EK,groepfase,Andorra,Armenië,0,3
1999,10,8,EK,groepfase,Rusland,Oekraïne,1,1
1999,10,8,EK,groepfase,Frankrijk,IJsland,3,2
1999,10,8,EK,groepfase,Zweden,Polen,2,0
1999,10,8,EK,groepfase,Azerbeidzjan,Slowakije,0,1
1999,10,8,EK,groepfase,Portugal,Hongarije,3,0
1999,10,8,EK,groepfase,Liechtenstein,Roemenië,0,3
1999,10,8,EK,groepfase,Kroatië,Yugoslavia,2,2
1999,10,8,EK,groepfase,N Macedonië,Ierland,1,1
1999,10,9,EK,groepfase,Bulgarije,Luxemburg,3,0
1999,10,9,EK,groepfase,Spanje,Israël,3,0
1999,10,9,EK,groepfase,Oostenrijk,Cyprus,3,1
1999,11,12,EK,groepfase,Ierland,Turkije,1,1
1999,11,12,EK,groepfase,Slovenië,Oekraïne,2,1
1999,11,12,EK,groepfase,Schotland,Engeland,0,2
1999,11,13,EK,groepfase,Israël,Denemarken,0,5
1999,11,16,EK,groepfase,Turkije,Ierland,0,0
1999,11,16,EK,groepfase,Oekraïne,Slovenië,1,1
1999,11,16,EK,groepfase,Denemarken,Israël,3,0
1999,11,16,EK,groepfase,Engeland,Schotland,0,1
2000,6,10,EK,groepfase,Frankrijk,Denemarken,3,0
2000,6,10,EK,groepfase,Nederland,Tsjechië,1,0
2000,6,12,EK,groepfase,Spanje,Noorwegen,0,1
2000,6,12,EK,groepfase,Yugoslavia,Slovenië,3,3
2000,6,15,EK,groepfase,Tsjechië,Frankrijk,1,2
2000,6,15,EK,groepfase,Denemarken,Nederland,0,3
2000,6,17,EK,groepfase,Slovenië,Spanje,1,2
2000,6,17,EK,groepfase,Noorwegen,Yugoslavia,0,1
2000,6,20,EK,groepfase,Yugoslavia,Spanje,3,4
2000,6,20,EK,groepfase,Slovenië,Noorwegen,0,0
2000,6,20,EK,groepfase,Denemarken,Tsjechië,0,2
2000,6,20,EK,groepfase,Frankrijk,Nederland,2,3
2000,6,23,EK,Kwartfinales,Turkije,Portugal,0,2
2000,6,23,EK,Kwartfinales,Italië,Roemenië,2,0
2000,6,24,EK,Kwartfinales,Nederland,Yugoslavia,6,1
2000,6,24,EK,Kwartfinales,Spanje,Frankrijk,1,2
2000,6,27,EK,Halve finales,Frankrijk,Portugal,1,1
2000,6,28,EK,Halve finales,Italië,Nederland,0,0
2000,7,1,EK,Finale,Frankrijk,Italië,1,1
1994,4,20,EK,groepfase,Noord-Ierland,Liechtenstein,4,1
1994,9,4,EK,groepfase,Estland,Kroatië,0,2
1994,9,4,EK,groepfase,Israël,Polen,2,1
1994,9,6,EK,groepfase,Tsjechië,Malta,6,1
1994,9,7,EK,groepfase,België,Armenië,2,0
1994,9,7,EK,groepfase,N Macedonië,Denemarken,1,1
1994,9,7,EK,groepfase,Cyprus,Spanje,1,2
1994,9,7,EK,groepfase,IJsland,Zweden,0,1
1994,9,7,EK,groepfase,Hongarije,Turkije,2,2
1994,9,7,EK,groepfase,Slovenië,Italië,1,1
1994,9,7,EK,groepfase,Oekraïne,Litouwen,0,2
1994,9,7,EK,groepfase,Luxemburg,Nederland,0,4
1994,9,7,EK,groepfase,Noorwegen,Wit-Rusland,1,0
1994,9,7,EK,groepfase,Liechtenstein,Oostenrijk,0,4
1994,9,7,EK,groepfase,Letland,Ierland,0,3
1994,9,7,EK,groepfase,Noord-Ierland,Portugal,1,2
1994,9,7,EK,groepfase,Georgië,Moldavië,0,1
1994,9,7,EK,groepfase,Wales,Albanië,2,0
1994,9,7,EK,groepfase,Finland,Schotland,0,2
1994,9,7,EK,groepfase,Faeröer Eil.,Griekenland,1,5
1994,9,7,EK,groepfase,Roemenië,Azerbeidzjan,3,0
1994,9,7,EK,groepfase,Slowakije,Frankrijk,0,0
1994,10,8,EK,groepfase,Armenië,Cyprus,0,0
1994,10,8,EK,groepfase,Estland,Italië,0,2
1994,10,8,EK,groepfase,Frankrijk,Roemenië,0,0
1994,10,9,EK,groepfase,Kroatië,Litouwen,2,0
1994,10,9,EK,groepfase,Letland,Portugal,1,3
1994,10,12,EK,groepfase,N Macedonië,Spanje,0,2
1994,10,12,EK,groepfase,Denemarken,België,3,1
1994,10,12,EK,groepfase,Zwitserland,Zweden,4,2
1994,10,12,EK,groepfase,Turkije,IJsland,5,0
1994,10,12,EK,groepfase,Oekraïne,Slovenië,0,0
1994,10,12,EK,groepfase,Noorwegen,Nederland,1,1
1994,10,12,EK,groepfase,Malta,Tsjechië,0,0
1994,10,12,EK,groepfase,Wit-Rusland,Luxemburg,2,0
1994,10,12,EK,groepfase,Ierland,Liechtenstein,4,0
1994,10,12,EK,groepfase,Oostenrijk,Noord-Ierland,1,2
1994,10,12,EK,groepfase,Bulgarije,Georgië,2,0
1994,10,12,EK,groepfase,Moldavië,Wales,3,2
1994,10,12,EK,groepfase,Griekenland,Finland,4,0
1994,10,12,EK,groepfase,Rusland,San Marino,4,0
1994,10,12,EK,groepfase,Schotland,Faeröer Eil.,5,1
1994,10,12,EK,groepfase,Polen,Azerbeidzjan,1,0
1994,10,12,EK,groepfase,Israël,Slowakije,2,2
1994,11,12,EK,groepfase,Roemenië,Slowakije,3,2
1994,11,13,EK,groepfase,Oekraïne,Estland,3,0
1994,11,13,EK,groepfase,Portugal,Oostenrijk,1,0
1994,11,15,EK,groepfase,Liechtenstein,Letland,0,1
1994,11,16,EK,groepfase,Cyprus,Armenië,2,0
1994,11,16,EK,groepfase,België,N Macedonië,1,1
1994,11,16,EK,groepfase,Spanje,Denemarken,3,0
1994,11,16,EK,groepfase,Zwitserland,IJsland,1,0
1994,11,16,EK,groepfase,Zweden,Hongarije,2,0
1994,11,16,EK,groepfase,Slovenië,Litouwen,1,2
1994,11,16,EK,groepfase,Italië,Kroatië,1,2
1994,11,16,EK,groepfase,Nederland,Tsjechië,0,0
1994,11,16,EK,groepfase,Wit-Rusland,Noorwegen,0,4
1994,11,16,EK,groepfase,Noord-Ierland,Ierland,0,4
1994,11,16,EK,groepfase,Albanië,Duitsland,1,2
1994,11,16,EK,groepfase,Bulgarije,Moldavië,4,1
1994,11,16,EK,groepfase,Georgië,Wales,5,0
1994,11,16,EK,groepfase,Griekenland,San Marino,2,0
1994,11,16,EK,groepfase,Schotland,Rusland,1,1
1994,11,16,EK,groepfase,Finland,Faeröer Eil.,5,0
1994,11,16,EK,groepfase,Azerbeidzjan,Israël,0,2
1994,11,16,EK,groepfase,Polen,Frankrijk,0,0
1994,12,13,EK,groepfase,Azerbeidzjan,Frankrijk,0,2
1994,12,14,EK,groepfase,Turkije,Zwitserland,1,2
1994,12,14,EK,groepfase,Malta,Noorwegen,0,1
1994,12,14,EK,groepfase,Nederland,Luxemburg,5,0
1994,12,14,EK,groepfase,Moldavië,Duitsland,0,3
1994,12,14,EK,groepfase,Albanië,Georgië,0,1
1994,12,14,EK,groepfase,Wales,Bulgarije,0,3
1994,12,14,EK,groepfase,Finland,San Marino,4,1
1994,12,14,EK,groepfase,Israël,Roemenië,1,1
1994,12,17,EK,groepfase,België,Spanje,1,4
1994,12,17,EK,groepfase,N Macedonië,Cyprus,3,0
1994,12,18,EK,groepfase,Portugal,Liechtenstein,8,0
1994,12,18,EK,groepfase,Duitsland,Albanië,2,1
1994,12,18,EK,groepfase,Griekenland,Schotland,1,0
1995,2,22,EK,groepfase,Malta,Luxemburg,0,1
1995,3,25,EK,groepfase,Kroatië,Oekraïne,4,0
1995,3,25,EK,groepfase,Italië,Estland,4,1
1995,3,29,EK,groepfase,Spanje,België,1,1
1995,3,29,EK,groepfase,Cyprus,Denemarken,1,1
1995,3,29,EK,groepfase,Turkije,Zweden,2,1
1995,3,29,EK,groepfase,Hongarije,Zwitserland,2,2
1995,3,29,EK,groepfase,Slovenië,Estland,3,0
1995,3,29,EK,groepfase,Oekraïne,Italië,0,2
1995,3,29,EK,groepfase,Litouwen,Kroatië,0,0
1995,3,29,EK,groepfase,Nederland,Malta,4,0
1995,3,29,EK,groepfase,Luxemburg,Noorwegen,0,2
1995,3,29,EK,groepfase,Tsjechië,Wit-Rusland,4,2
1995,3,29,EK,groepfase,Ierland,Noord-Ierland,1,1
1995,3,29,EK,groepfase,Oostenrijk,Letland,5,0
1995,3,29,EK,groepfase,Albanië,Moldavië,3,0
1995,3,29,EK,groepfase,Bulgarije,Wales,3,1
1995,3,29,EK,groepfase,Georgië,Duitsland,0,2
1995,3,29,EK,groepfase,Rusland,Schotland,0,0
1995,3,29,EK,groepfase,San Marino,Finland,0,2
1995,3,29,EK,groepfase,Slowakije,Azerbeidzjan,4,1
1995,3,29,EK,groepfase,Roemenië,Polen,2,1
1995,3,29,EK,groepfase,Israël,Frankrijk,0,0
1995,4,25,EK,groepfase,Polen,Israël,4,3
1995,4,26,EK,groepfase,Armenië,Spanje,0,2
1995,4,26,EK,groepfase,Denemarken,N Macedonië,1,0
1995,4,26,EK,groepfase,België,Cyprus,2,0
1995,4,26,EK,groepfase,Zwitserland,Turkije,1,2
1995,4,26,EK,groepfase,Hongarije,Zweden,1,0
1995,4,26,EK,groepfase,Estland,Oekraïne,0,1
1995,4,26,EK,groepfase,Kroatië,Slovenië,2,0
1995,4,26,EK,groepfase,Litouwen,Italië,0,1
1995,4,26,EK,groepfase,Tsjechië,Nederland,3,1
1995,4,26,EK,groepfase,Noorwegen,Luxemburg,5,0
1995,4,26,EK,groepfase,Wit-Rusland,Malta,1,1
1995,4,26,EK,groepfase,Oostenrijk,Liechtenstein,7,0
1995,4,26,EK,groepfase,Ierland,Portugal,1,0
1995,4,26,EK,groepfase,Letland,Noord-Ierland,0,1
1995,4,26,EK,groepfase,Duitsland,Wales,1,1
1995,4,26,EK,groepfase,Georgië,Albanië,2,0
1995,4,26,EK,groepfase,Moldavië,Bulgarije,0,3
1995,4,26,EK,groepfase,San Marino,Schotland,0,2
1995,4,26,EK,groepfase,Faeröer Eil.,Finland,0,4
1995,4,26,EK,groepfase,Griekenland,Rusland,0,3
1995,4,26,EK,groepfase,Azerbeidzjan,Roemenië,1,4
1995,4,26,EK,groepfase,Frankrijk,Slowakije,4,0
1995,5,6,EK,groepfase,Rusland,Faeröer Eil.,3,0
1995,5,10,EK,groepfase,Armenië,N Macedonië,2,2
1995,5,25,EK,groepfase,Faeröer Eil.,San Marino,3,0
1995,6,1,EK,groepfase,Zweden,IJsland,1,1
1995,6,3,EK,groepfase,Portugal,Letland,3,2
1995,6,3,EK,groepfase,Liechtenstein,Ierland,0,0
1995,6,7,EK,groepfase,Denemarken,Cyprus,4,0
1995,6,7,EK,groepfase,N Macedonië,België,0,5
1995,6,7,EK,groepfase,Spanje,Armenië,1,0
1995,6,7,EK,groepfase,Litouwen,Slovenië,2,1
1995,6,7,EK,groepfase,Wit-Rusland,Nederland,1,0
1995,6,7,EK,groepfase,Noorwegen,Malta,2,0
1995,6,7,EK,groepfase,Luxemburg,Tsjechië,1,0
1995,6,7,EK,groepfase,Noord-Ierland,Letland,1,2
1995,6,7,EK,groepfase,Moldavië,Albanië,2,3
1995,6,7,EK,groepfase,Wales,Georgië,0,1
1995,6,7,EK,groepfase,Bulgarije,Duitsland,3,2
1995,6,7,EK,groepfase,Faeröer Eil.,Schotland,0,2
1995,6,7,EK,groepfase,San Marino,Rusland,0,7
1995,6,7,EK,groepfase,Polen,Slowakije,5,0
1995,6,7,EK,groepfase,Roemenië,Israël,2,1
1995,6,11,EK,groepfase,IJsland,Hongarije,2,1
1995,6,11,EK,groepfase,Estland,Slovenië,1,3
1995,6,11,EK,groepfase,Oekraïne,Kroatië,1,0
1995,6,11,EK,groepfase,Ierland,Oostenrijk,1,3
1995,6,11,EK,groepfase,Finland,Griekenland,2,1
1995,8,15,EK,groepfase,Liechtenstein,Portugal,0,7
1995,8,16,EK,groepfase,Armenië,Denemarken,0,2
1995,8,16,EK,groepfase,IJsland,Zwitserland,0,2
1995,8,16,EK,groepfase,Estland,Litouwen,0,1
1995,8,16,EK,groepfase,Noorwegen,Tsjechië,1,1
1995,8,16,EK,groepfase,Letland,Oostenrijk,3,2
1995,8,16,EK,groepfase,Finland,Rusland,0,6
1995,8,16,EK,groepfase,Schotland,Griekenland,1,0
1995,8,16,EK,groepfase,Azerbeidzjan,Slowakije,0,1
1995,8,16,EK,groepfase,Frankrijk,Polen,1,1
1995,9,3,EK,groepfase,Kroatië,Estland,7,1
1995,9,3,EK,groepfase,Portugal,Noord-Ierland,1,1
1995,9,6,EK,groepfase,Polen,Roemenië,0,0
1995,9,6,EK,groepfase,Frankrijk,Azerbeidzjan,10,0
1995,9,6,EK,groepfase,Slowakije,Israël,1,0
1995,9,6,EK,groepfase,België,Denemarken,1,3
1995,9,6,EK,groepfase,N Macedonië,Armenië,1,2
1995,9,6,EK,groepfase,Spanje,Cyprus,6,0
1995,9,6,EK,groepfase,Turkije,Hongarije,2,0
1995,9,6,EK,groepfase,Zweden,Zwitserland,0,0
1995,9,6,EK,groepfase,Litouwen,Oekraïne,1,3
1995,9,6,EK,groepfase,Italië,Slovenië,1,0
1995,9,6,EK,groepfase,Luxemburg,Malta,1,0
1995,9,6,EK,groepfase,Tsjechië,Noorwegen,2,0
1995,9,6,EK,groepfase,Nederland,Wit-Rusland,1,0
1995,9,6,EK,groepfase,Letland,Liechtenstein,1,0
1995,9,6,EK,groepfase,Oostenrijk,Ierland,3,1
1995,9,6,EK,groepfase,Duitsland,Georgië,4,1
1995,9,6,EK,groepfase,Albanië,Bulgarije,1,1
1995,9,6,EK,groepfase,Wales,Moldavië,1,0
1995,9,6,EK,groepfase,San Marino,Griekenland,0,4
1995,9,6,EK,groepfase,Faeröer Eil.,Rusland,2,5
1995,9,6,EK,groepfase,Schotland,Finland,1,0
1995,10,7,EK,groepfase,Armenië,België,0,2
1995,10,7,EK,groepfase,Wit-Rusland,Tsjechië,0,2
1995,10,7,EK,groepfase,Bulgarije,Albanië,3,0
1995,10,8,EK,groepfase,Kroatië,Italië,1,1
1995,10,8,EK,groepfase,Duitsland,Moldavië,6,1
1995,10,11,EK,groepfase,Roemenië,Frankrijk,1,3
1995,10,11,EK,groepfase,Slowakije,Polen,4,1
1995,10,11,EK,groepfase,Israël,Azerbeidzjan,2,0
1995,10,11,EK,groepfase,Denemarken,Spanje,1,1
1995,10,11,EK,groepfase,Cyprus,N Macedonië,1,1
1995,10,11,EK,groepfase,Zwitserland,Hongarije,3,0
1995,10,11,EK,groepfase,IJsland,Turkije,0,0
1995,10,11,EK,groepfase,Slovenië,Oekraïne,3,2
1995,10,11,EK,groepfase,Litouwen,Estland,5,0
1995,10,11,EK,groepfase,Malta,Nederland,0,4
1995,10,11,EK,groepfase,Luxemburg,Wit-Rusland,0,0
1995,10,11,EK,groepfase,Oostenrijk,Portugal,1,1
1995,10,11,EK,groepfase,Ierland,Letland,2,1
1995,10,11,EK,groepfase,Liechtenstein,Noord-Ierland,0,4
1995,10,11,EK,groepfase,Georgië,Bulgarije,2,1
1995,10,11,EK,groepfase,Wales,Duitsland,1,2
1995,10,11,EK,groepfase,Rusland,Griekenland,2,1
1995,10,11,EK,groepfase,San Marino,Faeröer Eil.,1,3
1995,11,11,EK,groepfase,Hongarije,IJsland,1,0
1995,11,11,EK,groepfase,Italië,Oekraïne,3,1
1995,11,12,EK,groepfase,Malta,Wit-Rusland,0,2
1995,11,15,EK,groepfase,Slowakije,Roemenië,0,2
1995,11,15,EK,groepfase,Frankrijk,Israël,2,0
1995,11,15,EK,groepfase,Azerbeidzjan,Polen,0,0
1995,11,15,EK,groepfase,Cyprus,België,1,1
1995,11,15,EK,groepfase,Spanje,N Macedonië,3,0
1995,11,15,EK,groepfase,Denemarken,Armenië,3,1
1995,11,15,EK,groepfase,Zweden,Turkije,2,2
1995,11,15,EK,groepfase,Slovenië,Kroatië,1,2
1995,11,15,EK,groepfase,Italië,Litouwen,4,0
1995,11,15,EK,groepfase,Nederland,Noorwegen,3,0
1995,11,15,EK,groepfase,Tsjechië,Luxemburg,3,0
1995,11,15,EK,groepfase,Portugal,Ierland,3,0
1995,11,15,EK,groepfase,Noord-Ierland,Oostenrijk,5,3
1995,11,15,EK,groepfase,Moldavië,Georgië,3,2
1995,11,15,EK,groepfase,Albanië,Wales,1,1
1995,11,15,EK,groepfase,Duitsland,Bulgarije,3,1
1995,11,15,EK,groepfase,Griekenland,Faeröer Eil.,5,0
1995,11,15,EK,groepfase,Schotland,San Marino,5,0
1995,11,15,EK,groepfase,Rusland,Finland,3,1
1995,12,13,EK,groepfase,Nederland,Ierland,2,0
1996,6,8,EK,groepfase,Engeland,Zwitserland,1,1
1996,6,9,EK,groepfase,Spanje,Bulgarije,1,1
1996,6,9,EK,groepfase,Duitsland,Tsjechië,2,0
1996,6,9,EK,groepfase,Denemarken,Portugal,1,1
1996,6,10,EK,groepfase,Nederland,Schotland,0,0
1996,6,10,EK,groepfase,Roemenië,Frankrijk,0,1
1996,6,11,EK,groepfase,Italië,Rusland,2,1
1996,6,11,EK,groepfase,Turkije,Kroatië,0,1
1996,6,13,EK,groepfase,Zwitserland,Nederland,0,2
1996,6,13,EK,groepfase,Bulgarije,Roemenië,1,0
1996,6,14,EK,groepfase,Tsjechië,Italië,2,1
1996,6,14,EK,groepfase,Portugal,Turkije,1,0
1996,6,15,EK,groepfase,Schotland,Engeland,0,2
1996,6,15,EK,groepfase,Frankrijk,Spanje,1,1
1996,6,16,EK,groepfase,Rusland,Duitsland,0,3
1996,6,16,EK,groepfase,Kroatië,Denemarken,3,0
1996,6,18,EK,groepfase,Schotland,Zwitserland,1,0
1996,6,18,EK,groepfase,Nederland,Engeland,1,4
1996,6,18,EK,groepfase,Frankrijk,Bulgarije,3,1
1996,6,18,EK,groepfase,Roemenië,Spanje,1,2
1996,6,19,EK,groepfase,Rusland,Tsjechië,3,3
1996,6,19,EK,groepfase,Italië,Duitsland,0,0
1996,6,19,EK,groepfase,Kroatië,Portugal,0,3
1996,6,19,EK,groepfase,Turkije,Denemarken,0,3
1996,6,22,EK,groepfase,Spanje,Engeland,0,0
1996,6,22,EK,groepfase,Frankrijk,Nederland,0,0
1996,6,23,EK,groepfase,Duitsland,Kroatië,2,1
1996,6,23,EK,groepfase,Tsjechië,Portugal,1,0
1996,6,26,EK,groepfase,Frankrijk,Tsjechië,0,0
1996,6,26,EK,groepfase,Duitsland,Engeland,1,1
1996,6,30,EK,groepfase,Tsjechië,Duitsland,1,2
