2024,6,14,Duitsland,Schotland,5,1
2024,6,15,Hongarije,Zwitserland,1,3
2024,6,15,Spanje,Kroatië,3,0
2024,6,15,Italië,Albanië,2,1
2024,6,16,Polen,Nederland,1,2
2024,6,16,Slovenië,Denemarken,1,1
2024,6,16,Servië,Engeland,0,1
2024,6,17,Roemenië,Oekraïne,3,0
2024,6,17,België,Slowakije,0,1
2024,6,17,Oostenrijk,Frankrijk,0,1
2024,6,18,Turkije,Georgië,3,1
2021,6,11,Turkije,Italië,0,3
2021,6,12,Wales,Zwitserland,1,1
2021,6,12,Denemarken,Finland,0,1
2021,6,12,België,Rusland,3,0
2021,6,13,Engeland,Kroatië,1,0
2021,6,13,Oostenrijk,N Macedonië,3,1
2021,6,13,Nederland,Oekraïne,3,2
2021,6,14,Schotland,Tsjechië,0,2
2021,6,14,Polen,Slowakije,1,2
2021,6,14,Spanje,Zweden,0,0
2021,6,15,Hongarije,Portugal,0,3
2021,6,15,Frankrijk,Duitsland,1,0
2021,6,16,Finland,Rusland,0,1
2021,6,16,Turkije,Wales,0,2
2021,6,16,Italië,Zwitserland,3,0
2021,6,17,Oekraïne,N Macedonië,2,1
2021,6,17,Denemarken,België,1,2
2021,6,17,Nederland,Oostenrijk,2,0
2021,6,18,Zweden,Slowakije,1,0
2021,6,18,Kroatië,Tsjechië,1,1
2021,6,18,Engeland,Schotland,0,0
2021,6,19,Hongarije,Frankrijk,1,1
2021,6,19,Portugal,Duitsland,2,4
2021,6,19,Spanje,Polen,1,1
2021,6,20,Zwitserland,Turkije,3,1
2021,6,20,Italië,Wales,1,0
2021,6,21,Oekraïne,Oostenrijk,0,1
2021,6,21,N Macedonië,Nederland,0,3
2021,6,21,Rusland,Denemarken,1,4
2021,6,21,Finland,België,0,2
2021,6,22,Tsjechië,Engeland,0,1
2021,6,22,Kroatië,Schotland,3,1
2021,6,23,Zweden,Polen,3,2
2021,6,23,Slowakije,Spanje,0,5
2021,6,23,Portugal,Frankrijk,2,2
2021,6,23,Duitsland,Hongarije,2,2
2021,6,26,Wales,Denemarken,0,4
2021,6,26,Italië,Oostenrijk,2,1
2021,6,27,Nederland,Tsjechië,0,2
2021,6,27,België,Portugal,1,0
2021,6,28,Kroatië,Spanje,3,5
2021,6,28,Frankrijk,Zwitserland,3,3
2021,6,29,Engeland,Duitsland,2,0
2021,6,29,Zweden,Oekraïne,1,2
2021,7,2,Zwitserland,Spanje,1,1
2021,7,2,België,Italië,1,2
2021,7,3,Tsjechië,Denemarken,1,2
2021,7,3,Oekraïne,Engeland,0,4
2021,7,6,Italië,Spanje,1,1
2021,7,7,Engeland,Denemarken,2,1
2021,7,11,Italië,Engeland,1,1
2016,6,10,Frankrijk,Roemenië,2,1
2016,6,11,Albanië,Zwitserland,0,1
2016,6,11,Wales,Slowakije,2,1
2016,6,11,Engeland,Rusland,1,1
2016,6,12,Turkije,Kroatië,0,1
2016,6,12,Polen,Noord-Ierland,1,0
2016,6,12,Duitsland,Oekraïne,2,0
2016,6,13,Spanje,Tsjechië,1,0
2016,6,14,Oostenrijk,Hongarije,0,2
2016,6,14,Portugal,IJsland,1,1
2016,6,15,Rusland,Slowakije,1,2
2016,6,15,Roemenië,Zwitserland,1,1
2016,6,15,Frankrijk,Albanië,2,0
2016,6,16,Engeland,Wales,2,1
2016,6,16,Oekraïne,Noord-Ierland,0,2
2016,6,16,Duitsland,Polen,0,0
2016,6,17,Tsjechië,Kroatië,2,2
2016,6,17,Spanje,Turkije,3,0
2016,6,18,IJsland,Hongarije,1,1
2016,6,18,Portugal,Oostenrijk,0,0
2016,6,19,Zwitserland,Frankrijk,0,0
2016,6,19,Roemenië,Albanië,0,1
2016,6,20,Slowakije,Engeland,0,0
2016,6,20,Rusland,Wales,0,3
2016,6,21,Oekraïne,Polen,0,1
2016,6,21,Noord-Ierland,Duitsland,0,1
2016,6,21,Kroatië,Spanje,2,1
2016,6,21,Tsjechië,Turkije,0,2
2016,6,22,Hongarije,Portugal,3,3
2016,6,22,IJsland,Oostenrijk,2,1
2016,6,25,Zwitserland,Polen,1,1
2016,6,25,Wales,Noord-Ierland,1,0
2016,6,25,Kroatië,Portugal,0,1
2016,6,26,Frankrijk,Ierland,2,1
2016,6,26,Duitsland,Slowakije,3,0
2016,6,26,Hongarije,België,0,4
2016,6,27,Italië,Spanje,2,0
2016,6,27,Engeland,IJsland,1,2
2016,6,30,Polen,Portugal,1,1
2016,7,1,Wales,België,3,1
2016,7,2,Duitsland,Italië,1,1
2016,7,3,Frankrijk,IJsland,5,2
2016,7,6,Portugal,Wales,2,0
2016,7,7,Duitsland,Frankrijk,0,2
2016,7,10,Portugal,Frankrijk,1,0
2012,6,8,Polen,Griekenland,1,1
2012,6,8,Rusland,Tsjechië,4,1
2012,6,9,Nederland,Denemarken,0,1
2012,6,9,Duitsland,Portugal,1,0
2012,6,10,Spanje,Italië,1,1
2012,6,10,Ierland,Kroatië,1,3
2012,6,11,Frankrijk,Engeland,1,1
2012,6,11,Oekraïne,Zweden,2,1
2012,6,12,Griekenland,Tsjechië,1,2
2012,6,12,Polen,Rusland,1,1
2012,6,13,Denemarken,Portugal,2,3
2012,6,13,Nederland,Duitsland,1,2
2012,6,14,Italië,Kroatië,1,1
2012,6,14,Spanje,Ierland,4,0
2012,6,15,Oekraïne,Frankrijk,0,2
2012,6,15,Zweden,Engeland,2,3
2012,6,16,Griekenland,Rusland,1,0
2012,6,16,Tsjechië,Polen,1,0
2012,6,17,Portugal,Nederland,2,1
2012,6,17,Denemarken,Duitsland,1,2
2012,6,18,Kroatië,Spanje,0,1
2012,6,18,Italië,Ierland,2,0
2012,6,19,Zweden,Frankrijk,2,0
2012,6,19,Engeland,Oekraïne,1,0
2012,6,21,Tsjechië,Portugal,0,1
2012,6,22,Duitsland,Griekenland,4,2
2012,6,23,Spanje,Frankrijk,2,0
2012,6,24,Engeland,Italië,0,0
2012,6,27,Portugal,Spanje,0,0
2012,6,28,Duitsland,Italië,1,2
2012,7,1,Spanje,Italië,4,0
2006,11,18,Wales,Faeröer Eil.,2,1
2006,11,18,Slowakije,Luxemburg,4,0
2006,11,18,Malta,Lithuania,0,0
2006,11,19,Kroatië,Georgië,6,0
2006,11,19,Noord-Ierland,Turkije,0,1
2006,11,19,Israël,Letland,3,0
2006,11,19,Bosnië-Herzeg.,Armenië,1,1
2006,11,19,Roemenië,Azerbeidzjan,4,1
2006,11,19,Estland,Bulgarije,0,5
2006,11,19,Kazachstan,N Macedonië,1,0
2006,11,21,Kroatië,Turkije,2,1
2006,11,21,Georgië,Noord-Ierland,0,4
2006,11,21,Israël,Armenië,1,0
2006,11,21,Letland,Bosnië-Herzeg.,1,4
2006,11,21,Slowakije,Lithuania,3,0
2006,11,21,Luxemburg,Malta,4,2
2006,11,21,Roemenië,Bulgarije,1,0
2006,11,21,Azerbeidzjan,Estland,3,2
2006,11,21,Wales,N Macedonië,6,0
2006,11,21,Faeröer Eil.,Kazachstan,0,1
2006,11,24,Noord-Ierland,Kroatië,5,1
2006,11,24,Turkije,Georgië,9,0
2006,11,24,Bosnië-Herzeg.,Israël,2,5
2006,11,24,Armenië,Letland,1,0
2006,11,24,Malta,Slowakije,0,8
2006,11,24,Lithuania,Luxemburg,1,1
2006,11,24,Estland,Roemenië,0,5
2006,11,24,Bulgarije,Azerbeidzjan,3,0
2006,11,24,Kazachstan,Wales,1,2
2006,11,24,N Macedonië,Faeröer Eil.,0,7
2007,4,2,Ierland,Hongarije,2,1
2007,4,11,Frankrijk,Griekenland,6,0
2007,4,12,Duitsland,Nederland,5,1
2007,4,15,Slowakije,Portugal,2,1
2007,5,5,Italië,Zweden,0,2
2007,5,5,Slovenië,Servië,2,1
2007,5,5,Oostenrijk,Polen,0,1
2007,5,5,Hongarije,Roemenië,3,3
2007,5,5,Zwitserland,België,1,0
2007,5,6,Schotland,Portugal,0,0
2007,5,9,Slowakije,Oekraïne,0,4
2007,5,9,Zwitserland,Nederland,2,2
2007,5,10,Israël,Polen,2,2
2007,5,10,Wales,Duitsland,0,6
2007,5,13,Engeland,Noord-Ierland,4,0
2007,5,26,Noord-Ierland,Tsjechië,1,3
2007,5,30,Wit-Rusland,Spanje,0,3
2007,5,30,Israël,Rusland,0,6
2007,5,30,Oekraïne,Schotland,2,1
2007,5,30,Frankrijk,Slovenië,6,0
2007,5,30,Ierland,Italië,1,2
2007,5,31,Griekenland,IJsland,0,3
2007,6,16,IJsland,Frankrijk,1,0
2007,6,16,Roemenië,Zweden,0,7
2007,6,16,Rusland,Polen,3,1
2007,6,17,Israël,Noorwegen,0,3
2007,6,20,Zweden,Hongarije,7,0
2007,6,21,Oekraïne,Slowakije,5,0
2007,6,21,Polen,Israël,4,1
2007,6,21,Noorwegen,Oostenrijk,3,0
2007,6,21,IJsland,Servië,5,0
2007,8,1,Wit-Rusland,Noord-Ierland,5,0
2007,8,22,Duitsland,Zwitserland,7,0
2007,8,23,Oostenrijk,Rusland,1,5
2007,8,25,Roemenië,Ierland,0,2
2007,8,25,Servië,Griekenland,1,2
2007,8,26,Nederland,Wales,2,1
2007,8,26,Wit-Rusland,Tsjechië,1,4
2007,8,26,Slovenië,IJsland,2,1
2007,8,26,Oostenrijk,Israël,5,0
2007,10,27,Servië,Frankrijk,0,8
2007,10,27,Hongarije,Italië,1,3
2007,10,27,Tsjechië,Spanje,2,2
2007,10,27,Engeland,Wit-Rusland,4,0
2007,10,27,Denemarken,Portugal,5,1
2007,10,27,Slowakije,Schotland,0,3
2007,10,27,Noorwegen,Rusland,3,0
2007,10,27,Ierland,Roemenië,2,1
2007,10,28,Duitsland,België,3,0
2007,10,28,Wales,Zwitserland,0,2
2007,10,31,Slovenië,Frankrijk,0,2
2007,10,31,Italië,Roemenië,5,0
2007,10,31,België,Wales,1,0
2007,10,31,Schotland,Denemarken,0,1
2007,11,1,Nederland,Duitsland,0,1
2007,11,25,Engeland,Spanje,1,0
2008,2,16,Italië,Ierland,4,1
2008,2,16,Portugal,Slowakije,0,1
2008,2,16,Spanje,Noord-Ierland,4,0
2008,2,17,Wales,België,0,1
2008,2,20,Wales,Nederland,0,1
2008,2,21,Portugal,Oekraïne,0,1
2008,3,6,Noord-Ierland,Engeland,0,2
2008,3,20,Engeland,Tsjechië,0,0
2008,4,23,Hongarije,Ierland,0,2
2008,4,23,Griekenland,Frankrijk,0,5
2008,4,23,Slowakije,Denemarken,1,4
2008,4,23,België,Nederland,2,2
2008,4,26,Tsjechië,Noord-Ierland,4,0
2008,4,27,Denemarken,Schotland,2,1
2008,4,27,België,Zwitserland,3,1
2008,5,3,Spanje,Wit-Rusland,6,1
2008,5,3,Hongarije,Zweden,0,6
2008,5,3,Noorwegen,Israël,7,0
2008,5,3,Servië,Slovenië,0,3
2008,5,3,Portugal,Schotland,1,4
2008,5,7,België,Duitsland,0,5
2008,5,7,Zweden,Italië,1,0
2008,5,7,Noorwegen,Polen,3,0
2008,5,8,Frankrijk,Servië,2,0
2008,5,8,Wit-Rusland,Engeland,1,6
2008,5,8,Portugal,Denemarken,0,4
2008,5,8,Spanje,Tsjechië,4,1
2008,5,8,Zwitserland,Wales,2,0
2008,5,24,Roemenië,Italië,1,6
2008,5,28,Roemenië,Hongarije,3,1
2008,5,28,Polen,Oostenrijk,2,4
2008,5,28,Servië,IJsland,0,4
2008,5,28,Slovenië,Griekenland,3,1
2008,5,28,Denemarken,Slowakije,6,1
2008,5,28,Schotland,Oekraïne,0,1
2008,5,28,Noord-Ierland,Spanje,0,3
2008,5,29,Rusland,Israël,4,0
2008,5,29,Duitsland,Wales,4,0
2008,6,21,IJsland,Slovenië,5,0
2008,6,21,Oostenrijk,Noorwegen,0,4
2008,6,22,Oekraïne,Denemarken,1,0
2008,6,25,Israël,Oostenrijk,0,2
2008,6,25,Polen,Noorwegen,0,3
2008,6,25,Ierland,Zweden,0,5
2008,6,26,Tsjechië,Wit-Rusland,3,1
2008,6,26,IJsland,Griekenland,7,0
2008,7,25,Noord-Ierland,Wit-Rusland,1,1
2008,8,27,Rusland,Oostenrijk,3,1
2008,8,30,Nederland,Zwitserland,1,1
2008,9,27,Griekenland,Servië,0,5
2008,9,27,Polen,Rusland,1,4
2008,9,27,Frankrijk,IJsland,2,1
2008,9,27,Zweden,Roemenië,2,0
2008,9,27,Oekraïne,Portugal,1,1
2008,9,27,Nederland,België,3,0
2008,9,28,Tsjechië,Engeland,1,5
2008,9,28,Schotland,Slowakije,6,0
2008,10,1,Zwitserland,Duitsland,0,3
2008,10,1,Denemarken,Oekraïne,1,0
2008,10,1,Zweden,Ierland,1,0
2008,10,2,Rusland,Noorwegen,0,0
2008,10,2,Italië,Hongarije,3,0
2008,10,2,Griekenland,Slovenië,4,6
2008,10,2,Spanje,Engeland,2,2
2008,10,25,Tsjechië,Italië,0,1
2008,10,25,Spanje,Nederland,0,2
2008,10,26,Slovenië,Oekraïne,0,3
2008,10,26,Ierland,IJsland,1,1
2008,10,26,Schotland,Rusland,2,3
2008,10,29,Italië,Tsjechië,2,1
2008,10,30,Rusland,Schotland,1,2
2008,10,30,Oekraïne,Slovenië,2,0
2008,10,30,IJsland,Ierland,3,0
2008,10,30,Nederland,Spanje,2,0
2009,8,23,Oekraïne,Nederland,0,2
2009,8,23,Finland,Denemarken,1,0
2009,8,24,Duitsland,Noorwegen,4,0
2009,8,24,IJsland,Frankrijk,1,3
2009,8,25,Engeland,Italië,1,2
2009,8,25,Zweden,Rusland,3,0
2009,8,26,Oekraïne,Denemarken,1,2
2009,8,26,Nederland,Finland,1,2
2009,8,27,Frankrijk,Duitsland,1,5
2009,8,27,IJsland,Noorwegen,0,1
2009,8,28,Italië,Zweden,0,2
2009,8,28,Engeland,Rusland,3,2
2009,8,29,Finland,Oekraïne,0,1
2009,8,29,Denemarken,Nederland,1,2
2009,8,30,Noorwegen,Frankrijk,1,1
2009,8,30,Duitsland,IJsland,1,0
2009,8,31,Rusland,Italië,0,2
2009,8,31,Zweden,Engeland,1,1
2009,9,3,Finland,Engeland,2,3
2009,9,3,Nederland,Frankrijk,0,0
2009,9,4,Duitsland,Italië,2,1
2009,9,4,Zweden,Noorwegen,1,3
2009,9,6,Engeland,Nederland,2,1
2009,9,7,Duitsland,Noorwegen,3,1
2009,9,10,Engeland,Duitsland,2,6
2006,8,16,Estland,N Macedonië,0,1
2006,8,16,België,Kazachstan,0,0
2006,8,16,Faeröer Eil.,Georgië,0,6
2006,9,2,Tsjechië,Wales,2,1
2006,9,2,Duitsland,Ierland,1,0
2006,9,2,Slowakije,Cyprus,6,1
2006,9,2,Engeland,Andorra,5,0
2006,9,2,Estland,Israël,0,1
2006,9,2,Letland,Zweden,0,1
2006,9,2,Noord-Ierland,IJsland,0,3
2006,9,2,Spanje,Liechtenstein,4,0
2006,9,2,Polen,Finland,1,3
2006,9,2,Servië,Azerbeidzjan,1,0
2006,9,2,Wit-Rusland,Albanië,2,2
2006,9,2,Luxemburg,Nederland,0,1
2006,9,2,Roemenië,Bulgarije,2,2
2006,9,2,Georgië,Frankrijk,0,3
2006,9,2,Schotland,Faeröer Eil.,6,0
2006,9,2,Italië,Litouwen,1,1
2006,9,2,Hongarije,Noorwegen,1,4
2006,9,2,Malta,Bosnië-Herzeg.,2,5
2006,9,2,Moldavië,Griekenland,0,1
2006,9,6,San Marino,Duitsland,0,13
2006,9,6,Slowakije,Tsjechië,0,3
2006,9,6,Rusland,Kroatië,0,0
2006,9,6,Israël,Andorra,4,1
2006,9,6,N Macedonië,Engeland,0,1
2006,9,6,Zweden,Liechtenstein,3,1
2006,9,6,Noord-Ierland,Spanje,3,2
2006,9,6,IJsland,Denemarken,0,2
2006,9,6,Polen,Servië,1,1
2006,9,6,Finland,Portugal,1,1
2006,9,6,Azerbeidzjan,Kazachstan,1,1
2006,9,6,Armenië,België,0,1
2006,9,6,Nederland,Wit-Rusland,3,0
2006,9,6,Bulgarije,Slovenië,3,0
2006,9,6,Albanië,Roemenië,0,2
2006,9,6,Frankrijk,Italië,3,1
2006,9,6,Litouwen,Schotland,1,2
2006,9,6,Oekraïne,Georgië,3,2
2006,9,6,Turkije,Malta,2,0
2006,9,6,Noorwegen,Moldavië,2,0
2006,9,6,Bosnië-Herzeg.,Hongarije,1,3
2006,10,7,Wales,Slowakije,1,5
2006,10,7,Faeröer Eil.,Litouwen,0,1
2006,10,7,Rusland,Israël,1,1
2006,10,7,Kazachstan,Polen,0,1
2006,10,7,Tsjechië,San Marino,7,0
2006,10,7,Engeland,N Macedonië,0,0
2006,10,7,Armenië,Finland,0,0
2006,10,7,Schotland,Frankrijk,1,0
2006,10,7,Moldavië,Bosnië-Herzeg.,2,2
2006,10,7,Cyprus,Ierland,5,2
2006,10,7,Roemenië,Wit-Rusland,3,1
2006,10,7,Hongarije,Turkije,0,1
2006,10,7,Denemarken,Noord-Ierland,0,0
2006,10,7,Letland,IJsland,4,0
2006,10,7,Zweden,Spanje,2,0
2006,10,7,Bulgarije,Nederland,1,1
2006,10,7,Kroatië,Andorra,7,0
2006,10,7,Servië,België,1,0
2006,10,7,Griekenland,Noorwegen,1,0
2006,10,7,Slovenië,Luxemburg,2,0
2006,10,7,Italië,Oekraïne,2,0
2006,10,7,Portugal,Azerbeidzjan,3,0
2006,10,11,Andorra,N Macedonië,0,3
2006,10,11,Rusland,Estland,2,0
2006,10,11,Kazachstan,Finland,0,2
2006,10,11,Wit-Rusland,Slovenië,4,2
2006,10,11,Kroatië,Engeland,2,0
2006,10,11,Oekraïne,Schotland,2,0
2006,10,11,Malta,Hongarije,2,1
2006,10,11,Turkije,Moldavië,5,0
2006,10,11,Georgië,Italië,1,3
2006,10,11,IJsland,Zweden,1,2
2006,10,11,Bosnië-Herzeg.,Griekenland,0,4
2006,10,11,Liechtenstein,Denemarken,0,4
2006,10,11,Servië,Armenië,3,0
2006,10,11,Luxemburg,Bulgarije,0,1
2006,10,11,Ierland,Tsjechië,1,1
2006,10,11,Polen,Portugal,2,1
2006,10,11,Nederland,Albanië,2,1
2006,10,11,Slowakije,Duitsland,1,4
2006,10,11,België,Azerbeidzjan,3,0
2006,10,11,Wales,Cyprus,3,1
2006,10,11,Noord-Ierland,Letland,1,0
2006,10,11,Frankrijk,Faeröer Eil.,5,0
2006,11,15,N Macedonië,Rusland,0,2
2006,11,15,Israël,Kroatië,3,4
2006,11,15,Finland,Armenië,1,0
2006,11,15,Cyprus,Duitsland,1,1
2006,11,15,Ierland,San Marino,5,0
2006,11,15,België,Polen,0,1
2006,11,15,Portugal,Kazachstan,3,0
2007,2,7,San Marino,Ierland,1,2
2007,3,24,Kazachstan,Servië,2,1
2007,3,24,Ierland,Wales,1,0
2007,3,24,Faeröer Eil.,Oekraïne,0,2
2007,3,24,Schotland,Georgië,2,1
2007,3,24,Albanië,Slovenië,0,0
2007,3,24,Luxemburg,Wit-Rusland,1,2
2007,3,24,Moldavië,Malta,1,1
2007,3,24,Polen,Azerbeidzjan,5,0
2007,3,24,Litouwen,Frankrijk,0,1
2007,3,24,Cyprus,Slowakije,1,3
2007,3,24,Estland,Rusland,0,2
2007,3,24,Israël,Engeland,0,0
2007,3,24,Noorwegen,Bosnië-Herzeg.,1,2
2007,3,24,Kroatië,N Macedonië,2,1
2007,3,24,Liechtenstein,Noord-Ierland,1,4
2007,3,24,Griekenland,Turkije,1,4
2007,3,24,Nederland,Roemenië,0,0
2007,3,24,Tsjechië,Duitsland,1,2
2007,3,24,Spanje,Denemarken,2,1
2007,3,24,Portugal,België,4,0
2007,3,28,Azerbeidzjan,Finland,1,0
2007,3,28,Bulgarije,Albanië,0,0
2007,3,28,Oekraïne,Litouwen,1,0
2007,3,28,Tsjechië,Cyprus,1,0
2007,3,28,Roemenië,Luxemburg,3,0
2007,3,28,Hongarije,Moldavië,2,0
2007,3,28,Georgië,Faeröer Eil.,3,1
2007,3,28,Israël,Estland,4,0
2007,3,28,Malta,Griekenland,0,1
2007,3,28,Liechtenstein,Letland,1,0
2007,3,28,Turkije,Noorwegen,2,2
2007,3,28,Ierland,Slowakije,1,0
2007,3,28,Polen,Armenië,1,0
2007,3,28,Servië,Portugal,1,1
2007,3,28,Noord-Ierland,Zweden,2,1
2007,3,28,Slovenië,Nederland,0,1
2007,3,28,Italië,Schotland,2,0
2007,3,28,Wales,San Marino,3,0
2007,3,28,Andorra,Engeland,0,3
2007,3,28,Spanje,IJsland,1,0
2007,6,2,Kazachstan,Armenië,1,2
2007,6,2,Wales,Tsjechië,0,0
2007,6,2,Rusland,Andorra,4,0
2007,6,2,IJsland,Liechtenstein,1,1
2007,6,2,Azerbeidzjan,Polen,1,3
2007,6,2,Finland,Servië,0,2
2007,6,2,Duitsland,San Marino,6,0
2007,6,2,N Macedonië,Israël,1,2
2007,6,2,Bosnië-Herzeg.,Turkije,3,2
2007,6,2,Denemarken,Zweden,0,3
2007,6,2,Wit-Rusland,Bulgarije,0,2
2007,6,2,Litouwen,Georgië,1,0
2007,6,2,Noorwegen,Malta,4,0
2007,6,2,Griekenland,Hongarije,2,0
2007,6,2,Estland,Kroatië,0,1
2007,6,2,Letland,Spanje,0,2
2007,6,2,Albanië,Luxemburg,2,0
2007,6,2,België,Portugal,1,2
2007,6,2,Slovenië,Roemenië,1,2
2007,6,2,Faeröer Eil.,Italië,1,2
2007,6,2,Frankrijk,Oekraïne,2,0
2007,6,6,Kazachstan,Azerbeidzjan,1,1
2007,6,6,Armenië,Polen,1,0
2007,6,6,Andorra,Israël,0,2
2007,6,6,Faeröer Eil.,Schotland,0,2
2007,6,6,Noorwegen,Hongarije,4,0
2007,6,6,Bulgarije,Wit-Rusland,2,1
2007,6,6,Finland,België,2,0
2007,6,6,Roemenië,Slovenië,2,0
2007,6,6,Bosnië-Herzeg.,Malta,1,0
2007,6,6,Zweden,IJsland,5,0
2007,6,6,Luxemburg,Albanië,0,3
2007,6,6,Griekenland,Moldavië,2,1
2007,6,6,Duitsland,Slowakije,2,1
2007,6,6,Kroatië,Rusland,0,0
2007,6,6,Estland,Engeland,0,3
2007,6,6,Liechtenstein,Spanje,0,2
2007,6,6,Letland,Denemarken,0,2
2007,6,6,Litouwen,Italië,0,2
2007,6,6,Frankrijk,Georgië,1,0
2007,8,22,Estland,Andorra,2,1
2007,8,22,Armenië,Portugal,1,1
2007,8,22,Finland,Kazachstan,2,1
2007,8,22,Noord-Ierland,Liechtenstein,3,1
2007,8,22,België,Servië,3,2
2007,8,22,San Marino,Cyprus,0,1
2007,9,8,Hongarije,Bosnië-Herzeg.,1,0
2007,9,8,Schotland,Litouwen,3,1
2007,9,8,Rusland,N Macedonië,3,0
2007,9,8,Luxemburg,Slovenië,0,3
2007,9,8,Georgië,Oekraïne,1,1
2007,9,8,Engeland,Israël,3,0
2007,9,8,Wit-Rusland,Roemenië,1,3
2007,9,8,Letland,Noord-Ierland,1,0
2007,9,8,Malta,Turkije,2,2
2007,9,8,Moldavië,Noorwegen,0,1
2007,9,8,San Marino,Tsjechië,0,3
2007,9,8,Servië,Finland,0,0
2007,9,8,Slowakije,Ierland,2,2
2007,9,8,Wales,Duitsland,0,2
2007,9,8,Kroatië,Estland,2,0
2007,9,8,Zweden,Denemarken,0,0
2007,9,8,Nederland,Bulgarije,2,0
2007,9,8,Italië,Frankrijk,0,0
2007,9,8,IJsland,Spanje,1,1
2007,9,8,Portugal,Polen,2,2
2007,9,12,Kazachstan,België,2,2
2007,9,12,Andorra,Kroatië,0,6
2007,9,12,Finland,Polen,0,0
2007,9,12,Slowakije,Wales,2,5
2007,9,12,Noorwegen,Griekenland,2,2
2007,9,12,Cyprus,San Marino,3,0
2007,9,12,Litouwen,Faeröer Eil.,2,1
2007,9,12,IJsland,Noord-Ierland,2,1
2007,9,12,Turkije,Hongarije,3,0
2007,9,12,Bulgarije,Luxemburg,3,0
2007,9,12,Bosnië-Herzeg.,Moldavië,0,1
2007,9,12,Denemarken,Liechtenstein,4,0
2007,9,12,Slovenië,Wit-Rusland,1,0
2007,9,12,Tsjechië,Ierland,1,0
2007,9,12,N Macedonië,Estland,1,1
2007,9,12,Albanië,Nederland,0,1
2007,9,12,Oekraïne,Italië,1,2
2007,9,12,Engeland,Rusland,3,0
2007,9,12,Frankrijk,Schotland,0,1
2007,9,12,Spanje,Letland,2,0
2007,9,12,Portugal,Servië,1,1
2007,10,13,Slowakije,San Marino,7,0
2007,10,13,Engeland,Estland,3,0
2007,10,13,Schotland,Oekraïne,3,1
2007,10,13,Hongarije,Malta,2,0
2007,10,13,Wit-Rusland,Luxemburg,0,1
2007,10,13,Armenië,Servië,0,0
2007,10,13,Faeröer Eil.,Frankrijk,0,6
2007,10,13,IJsland,Letland,2,4
2007,10,13,Azerbeidzjan,Portugal,0,2
2007,10,13,Cyprus,Wales,3,1
2007,10,13,Liechtenstein,Zweden,0,3
2007,10,13,Roemenië,Nederland,1,0
2007,10,13,Moldavië,Turkije,1,1
2007,10,13,Denemarken,Spanje,1,3
2007,10,13,Kroatië,Israël,1,0
2007,10,13,Griekenland,Bosnië-Herzeg.,3,2
2007,10,13,Slovenië,Albanië,0,0
2007,10,13,Polen,Kazachstan,3,1
2007,10,13,Ierland,Duitsland,0,0
2007,10,13,België,Finland,0,0
2007,10,13,Italië,Georgië,2,0
2007,10,17,Kazachstan,Portugal,1,2
2007,10,17,Rusland,Engeland,2,1
2007,10,17,Azerbeidzjan,Servië,1,6
2007,10,17,Oekraïne,Faeröer Eil.,5,0
2007,10,17,Georgië,Schotland,2,0
2007,10,17,Malta,Moldavië,2,3
2007,10,17,Turkije,Griekenland,0,1
2007,10,17,N Macedonië,Andorra,3,0
2007,10,17,Denemarken,Letland,3,1
2007,10,17,Liechtenstein,IJsland,3,0
2007,10,17,San Marino,Wales,1,2
2007,10,17,Luxemburg,Roemenië,0,2
2007,10,17,Bosnië-Herzeg.,Noorwegen,0,2
2007,10,17,Ierland,Cyprus,1,1
2007,10,17,Zweden,Noord-Ierland,1,1
2007,10,17,Nederland,Slovenië,2,0
2007,10,17,Duitsland,Tsjechië,0,3
2007,10,17,Albanië,Bulgarije,1,1
2007,10,17,België,Armenië,3,0
2007,10,17,Frankrijk,Litouwen,2,0
2007,11,17,Finland,Azerbeidzjan,2,1
2007,11,17,Wales,Ierland,2,2
2007,11,17,Letland,Liechtenstein,4,1
2007,11,17,Bulgarije,Roemenië,1,0
2007,11,17,Moldavië,Hongarije,3,0
2007,11,17,Andorra,Estland,0,2
2007,11,17,Schotland,Italië,1,2
2007,11,17,Noorwegen,Turkije,1,2
2007,11,17,Israël,Rusland,2,1
2007,11,17,Litouwen,Oekraïne,2,0
2007,11,17,Duitsland,Cyprus,4,0
2007,11,17,N Macedonië,Kroatië,2,0
2007,11,17,Albanië,Wit-Rusland,2,4
2007,11,17,Griekenland,Malta,5,0
2007,11,17,Tsjechië,Slowakije,3,1
2007,11,17,Nederland,Luxemburg,1,0
2007,11,17,Polen,België,2,0
2007,11,17,Noord-Ierland,Denemarken,2,1
2007,11,17,Spanje,Zweden,3,0
2007,11,17,Portugal,Armenië,1,0
2007,11,21,Armenië,Kazachstan,0,1
2007,11,21,Georgië,Litouwen,0,2
2007,11,21,Roemenië,Albanië,6,1
2007,11,21,Cyprus,Tsjechië,0,2
2007,11,21,Israël,N Macedonië,1,0
2007,11,21,Wit-Rusland,Nederland,2,1
2007,11,21,Slovenië,Bulgarije,0,2
2007,11,21,Azerbeidzjan,België,0,1
2007,11,21,Malta,Noorwegen,1,4
2007,11,21,Turkije,Bosnië-Herzeg.,1,0
2007,11,21,Denemarken,IJsland,3,0
2007,11,21,Spanje,Noord-Ierland,1,0
2007,11,21,Zweden,Letland,2,1
2007,11,21,Hongarije,Griekenland,1,2
2007,11,21,Duitsland,Wales,0,0
2007,11,21,San Marino,Slowakije,0,5
2007,11,21,Italië,Faeröer Eil.,3,1
2007,11,21,Oekraïne,Frankrijk,2,2
2007,11,21,Portugal,Finland,0,0
2007,11,21,Servië,Polen,2,2
2007,11,21,Andorra,Rusland,0,1
2007,11,21,Engeland,Kroatië,2,3
2007,11,24,Servië,Kazachstan,1,0
2008,6,7,Zwitserland,Tsjechië,0,1
2008,6,7,Portugal,Turkije,2,0
2008,6,8,Oostenrijk,Kroatië,0,1
2008,6,8,Duitsland,Polen,2,0
2008,6,9,Roemenië,Frankrijk,0,0
2008,6,9,Nederland,Italië,3,0
2008,6,10,Spanje,Rusland,4,1
2008,6,10,Griekenland,Zweden,0,2
2008,6,11,Tsjechië,Portugal,1,3
2008,6,11,Zwitserland,Turkije,1,2
2008,6,12,Kroatië,Duitsland,2,1
2008,6,12,Oostenrijk,Polen,1,1
2008,6,13,Italië,Roemenië,1,1
2008,6,13,Nederland,Frankrijk,4,1
2008,6,14,Zweden,Spanje,1,2
2008,6,14,Griekenland,Rusland,0,1
2008,6,15,Zwitserland,Portugal,2,0
2008,6,15,Turkije,Tsjechië,3,2
2008,6,16,Oostenrijk,Duitsland,0,1
2008,6,16,Polen,Kroatië,0,1
2008,6,17,Nederland,Roemenië,2,0
2008,6,17,Frankrijk,Italië,0,2
2008,6,18,Griekenland,Spanje,1,2
2008,6,18,Rusland,Zweden,2,0
2008,6,19,Portugal,Duitsland,2,3
2008,6,20,Kroatië,Turkije,1,1
2008,6,21,Nederland,Rusland,1,3
2008,6,22,Spanje,Italië,0,0
2008,6,25,Duitsland,Turkije,3,2
2008,6,26,Rusland,Spanje,0,3
2008,6,29,Duitsland,Spanje,0,1
1998,6,3,Estland,Faeröer Eil.,5,0
1998,8,18,Bosnië-Herzeg.,Faeröer Eil.,1,0
1998,9,1,Roemenië,Liechtenstein,7,0
1998,9,4,Wales,Italië,0,2
1998,9,4,Wit-Rusland,Denemarken,0,0
1998,9,4,Georgië,Albanië,1,0
1998,9,4,Turkije,Noord-Ierland,3,0
1998,9,4,Finland,Moldavië,3,2
1998,9,4,Armenië,Andorra,3,1
1998,9,4,Oekraïne,Rusland,3,2
1998,9,4,IJsland,Frankrijk,1,1
1998,9,4,Zweden,Engeland,2,1
1998,9,4,Cyprus,Spanje,3,2
1998,9,4,Oostenrijk,Israël,1,1
1998,9,4,Slowakije,Azerbeidzjan,3,0
1998,9,4,Ierland,Kroatië,2,0
1998,9,4,Litouwen,Schotland,0,0
1998,9,4,Bosnië-Herzeg.,Estland,1,1
1998,9,5,Noorwegen,Letland,1,3
1998,9,5,Griekenland,Slovenië,2,2
1998,9,5,Bulgarije,Polen,0,3
1998,9,5,Hongarije,Portugal,1,3
1998,9,5,N Macedonië,Malta,4,0
1998,9,5,Faeröer Eil.,Tsjechië,0,1
1998,10,9,Italië,Zwitserland,2,0
1998,10,9,Denemarken,Wales,1,2
1998,10,9,Slovenië,Noorwegen,1,2
1998,10,9,Letland,Georgië,1,0
1998,10,9,Turkije,Duitsland,1,0
1998,10,9,Noord-Ierland,Finland,1,0
1998,10,9,Rusland,Frankrijk,2,3
1998,10,9,Armenië,IJsland,0,0
1998,10,9,Andorra,Oekraïne,0,2
1998,10,9,Engeland,Bulgarije,0,0
1998,10,9,Polen,Luxemburg,3,0
1998,10,9,Cyprus,Oostenrijk,0,3
1998,10,9,San Marino,Israël,0,5
1998,10,9,Azerbeidzjan,Hongarije,0,4
1998,10,9,Liechtenstein,Slowakije,0,4
1998,10,9,Portugal,Roemenië,0,1
1998,10,9,Malta,Kroatië,1,4
1998,10,9,Schotland,Estland,3,2
1998,10,9,Bosnië-Herzeg.,Tsjechië,1,3
1998,10,9,Litouwen,Faeröer Eil.,0,0
1998,10,13,Wales,Wit-Rusland,3,2
1998,10,13,Zwitserland,Denemarken,1,1
1998,10,13,Slovenië,Letland,1,0
1998,10,13,Noorwegen,Albanië,2,2
1998,10,13,Griekenland,Georgië,3,0
1998,10,13,Moldavië,Duitsland,1,3
1998,10,13,Turkije,Finland,1,3
1998,10,13,Frankrijk,Andorra,2,0
1998,10,13,Oekraïne,Armenië,2,0
1998,10,13,IJsland,Rusland,1,0
1998,10,13,Bulgarije,Zweden,0,1
1998,10,13,Luxemburg,Engeland,0,3
1998,10,13,Israël,Spanje,1,2
1998,10,13,San Marino,Oostenrijk,1,4
1998,10,13,Liechtenstein,Azerbeidzjan,2,1
1998,10,13,Hongarije,Roemenië,1,1
1998,10,13,Slowakije,Portugal,0,3
1998,10,13,Ierland,Malta,5,0
1998,10,13,Kroatië,N Macedonië,3,2
1998,10,13,Schotland,Faeröer Eil.,2,1
1998,10,13,Litouwen,Bosnië-Herzeg.,4,2
1998,10,13,Tsjechië,Estland,4,1
1998,11,17,Albanië,Griekenland,0,0
1998,11,17,Noord-Ierland,Moldavië,2,2
1998,11,17,San Marino,Cyprus,0,1
1998,11,17,Yugoslavia,Ierland,1,0
1998,11,17,Malta,N Macedonië,1,2
1999,2,9,Cyprus,San Marino,4,0
1999,2,9,Malta,Yugoslavia,0,3
1999,3,25,Portugal,Azerbeidzjan,7,0
1999,3,26,Wit-Rusland,Zwitserland,0,1
1999,3,26,Denemarken,Italië,1,2
1999,3,26,Georgië,Slovenië,1,1
1999,3,26,Griekenland,Noorwegen,0,2
1999,3,26,Noord-Ierland,Duitsland,0,3
1999,3,26,Turkije,Moldavië,2,0
1999,3,26,Andorra,IJsland,0,2
1999,3,26,Frankrijk,Oekraïne,0,0
1999,3,26,Armenië,Rusland,0,3
1999,3,26,Engeland,Polen,3,1
1999,3,26,Zweden,Luxemburg,2,0
1999,3,26,Spanje,Oostenrijk,9,0
1999,3,26,Hongarije,Liechtenstein,5,0
1999,3,26,Roemenië,Slowakije,0,0
1999,3,26,Tsjechië,Litouwen,2,0
1999,3,27,Israël,Cyprus,3,0
1999,3,30,Italië,Wit-Rusland,1,1
1999,3,30,Zwitserland,Wales,2,0
1999,3,30,Letland,Griekenland,0,0
1999,3,30,Duitsland,Finland,2,0
1999,3,30,Moldavië,Noord-Ierland,0,0
1999,3,30,Oekraïne,IJsland,1,1
1999,3,30,Rusland,Andorra,6,1
1999,3,30,Frankrijk,Armenië,2,0
1999,3,30,Luxemburg,Bulgarije,0,2
1999,3,30,Polen,Zweden,0,1
1999,3,30,San Marino,Spanje,0,6
1999,3,30,Azerbeidzjan,Roemenië,0,1
1999,3,30,Slowakije,Hongarije,0,0
1999,3,30,Liechtenstein,Portugal,0,5
1999,3,30,Litouwen,Estland,1,2
1999,3,30,Schotland,Tsjechië,1,2
1999,4,27,Georgië,Noorwegen,1,4
1999,4,27,Letland,Albanië,0,0
1999,4,27,Oostenrijk,San Marino,7,0
1999,5,29,Noorwegen,Georgië,1,0
1999,6,3,Duitsland,Moldavië,6,1
1999,6,3,Polen,Bulgarije,2,0
1999,6,4,Denemarken,Wit-Rusland,1,0
1999,6,4,Italië,Wales,4,0
1999,6,4,Albanië,Noorwegen,1,2
1999,6,4,Georgië,Griekenland,1,2
1999,6,4,Letland,Slovenië,1,2
1999,6,4,Finland,Turkije,2,4
1999,6,4,Frankrijk,Rusland,2,3
1999,6,4,Oekraïne,Andorra,4,0
1999,6,4,IJsland,Armenië,2,0
1999,6,4,Engeland,Zweden,0,0
1999,6,4,Spanje,San Marino,9,0
1999,6,4,Roemenië,Hongarije,2,0
1999,6,4,Azerbeidzjan,Liechtenstein,4,0
1999,6,4,Portugal,Slowakije,1,0
1999,6,4,N Macedonië,Kroatië,1,1
1999,6,4,Bosnië-Herzeg.,Litouwen,2,0
1999,6,4,Estland,Tsjechië,0,2
1999,6,4,Faeröer Eil.,Schotland,1,1
1999,6,5,Israël,Oostenrijk,5,0
1999,6,7,Yugoslavia,Malta,4,1
1999,6,8,Wales,Denemarken,0,2
1999,6,8,Zwitserland,Italië,0,0
1999,6,8,Albanië,Slovenië,0,1
1999,6,8,Griekenland,Letland,1,2
1999,6,8,Moldavië,Finland,0,0
1999,6,8,Rusland,IJsland,1,0
1999,6,8,Armenië,Oekraïne,0,0
1999,6,8,Andorra,Frankrijk,0,1
1999,6,8,Bulgarije,Engeland,1,1
1999,6,8,Luxemburg,Polen,2,3
1999,6,8,Hongarije,Slowakije,0,1
1999,6,8,Portugal,Liechtenstein,8,0
1999,6,8,Roemenië,Azerbeidzjan,4,0
1999,6,8,Ierland,N Macedonië,1,0
1999,6,8,Faeröer Eil.,Bosnië-Herzeg.,2,2
1999,6,8,Tsjechië,Schotland,3,2
1999,6,8,Estland,Litouwen,1,2
1999,8,17,Slovenië,Albanië,2,0
1999,8,17,Yugoslavia,Kroatië,0,0
1999,8,20,Kroatië,Malta,2,1
1999,8,31,Ierland,Yugoslavia,2,1
1999,9,3,Faeröer Eil.,Estland,0,2
1999,9,3,Bosnië-Herzeg.,Schotland,1,2
1999,9,3,Denemarken,Zwitserland,2,1
1999,9,3,Wit-Rusland,Wales,1,2
1999,9,3,Albanië,Letland,3,3
1999,9,3,Noorwegen,Griekenland,1,0
1999,9,3,Slovenië,Georgië,2,1
1999,9,3,Noord-Ierland,Turkije,0,3
1999,9,3,Finland,Duitsland,1,2
1999,9,3,IJsland,Andorra,3,0
1999,9,3,Oekraïne,Frankrijk,0,0
1999,9,3,Rusland,Armenië,2,0
1999,9,3,Engeland,Luxemburg,6,0
1999,9,3,Zweden,Bulgarije,1,0
1999,9,3,Oostenrijk,Spanje,1,3
1999,9,3,Slowakije,Roemenië,1,5
1999,9,3,Liechtenstein,Hongarije,0,0
1999,9,3,Azerbeidzjan,Portugal,1,1
1999,9,3,Kroatië,Ierland,1,0
1999,9,3,Litouwen,Tsjechië,0,4
1999,9,4,Cyprus,Israël,3,2
1999,9,4,Yugoslavia,N Macedonië,3,1
1999,9,7,Faeröer Eil.,Litouwen,0,1
1999,9,7,Estland,Schotland,0,0
1999,9,7,Tsjechië,Bosnië-Herzeg.,3,0
1999,9,7,Italië,Denemarken,2,3
1999,9,7,Zwitserland,Wit-Rusland,2,0
1999,9,7,Noorwegen,Slovenië,4,0
1999,9,7,Georgië,Letland,2,2
1999,9,7,Moldavië,Turkije,1,1
1999,9,7,Duitsland,Noord-Ierland,4,0
1999,9,7,Andorra,Rusland,1,2
1999,9,7,Armenië,Frankrijk,2,3
1999,9,7,IJsland,Oekraïne,0,1
1999,9,7,Luxemburg,Zweden,0,1
1999,9,7,Polen,Engeland,0,0
1999,9,7,Spanje,Cyprus,8,0
1999,9,7,Israël,San Marino,8,0
1999,9,7,Hongarije,Azerbeidzjan,3,0
1999,9,7,Roemenië,Portugal,1,1
1999,9,7,Slowakije,Liechtenstein,2,0
1999,9,7,N Macedonië,Yugoslavia,2,4
1999,9,7,Malta,Ierland,2,3
1999,10,4,Schotland,Bosnië-Herzeg.,1,0
1999,10,5,Griekenland,Albanië,2,0
1999,10,8,Tsjechië,Faeröer Eil.,2,0
1999,10,8,Estland,Bosnië-Herzeg.,1,4
1999,10,8,Schotland,Litouwen,3,0
1999,10,8,Wit-Rusland,Italië,0,0
1999,10,8,Wales,Zwitserland,0,2
1999,10,8,Slovenië,Griekenland,0,3
1999,10,8,Albanië,Georgië,2,1
1999,10,8,Letland,Noorwegen,1,2
1999,10,8,Finland,Noord-Ierland,4,1
1999,10,8,Duitsland,Turkije,0,0
1999,10,8,Andorra,Armenië,0,3
1999,10,8,Rusland,Oekraïne,1,1
1999,10,8,Frankrijk,IJsland,3,2
1999,10,8,Zweden,Polen,2,0
1999,10,8,Azerbeidzjan,Slowakije,0,1
1999,10,8,Portugal,Hongarije,3,0
1999,10,8,Liechtenstein,Roemenië,0,3
1999,10,8,Kroatië,Yugoslavia,2,2
1999,10,8,N Macedonië,Ierland,1,1
1999,10,9,Bulgarije,Luxemburg,3,0
1999,10,9,Spanje,Israël,3,0
1999,10,9,Oostenrijk,Cyprus,3,1
1999,11,12,Ierland,Turkije,1,1
1999,11,12,Slovenië,Oekraïne,2,1
1999,11,12,Schotland,Engeland,0,2
1999,11,13,Israël,Denemarken,0,5
1999,11,16,Turkije,Ierland,0,0
1999,11,16,Oekraïne,Slovenië,1,1
1999,11,16,Denemarken,Israël,3,0
1999,11,16,Engeland,Schotland,0,1
2000,6,10,Frankrijk,Denemarken,3,0
2000,6,10,Nederland,Tsjechië,1,0
2000,6,12,Spanje,Noorwegen,0,1
2000,6,12,Yugoslavia,Slovenië,3,3
2000,6,15,Tsjechië,Frankrijk,1,2
2000,6,15,Denemarken,Nederland,0,3
2000,6,17,Slovenië,Spanje,1,2
2000,6,17,Noorwegen,Yugoslavia,0,1
2000,6,20,Yugoslavia,Spanje,3,4
2000,6,20,Slovenië,Noorwegen,0,0
2000,6,20,Denemarken,Tsjechië,0,2
2000,6,20,Frankrijk,Nederland,2,3
2000,6,23,Turkije,Portugal,0,2
2000,6,23,Italië,Roemenië,2,0
2000,6,24,Nederland,Yugoslavia,6,1
2000,6,24,Spanje,Frankrijk,1,2
2000,6,27,Frankrijk,Portugal,1,1
2000,6,28,Italië,Nederland,0,0
2000,7,1,Frankrijk,Italië,1,1
1994,4,20,Noord-Ierland,Liechtenstein,4,1
1994,9,4,Estland,Kroatië,0,2
1994,9,4,Israël,Polen,2,1
1994,9,6,Tsjechië,Malta,6,1
1994,9,7,België,Armenië,2,0
1994,9,7,N Macedonië,Denemarken,1,1
1994,9,7,Cyprus,Spanje,1,2
1994,9,7,IJsland,Zweden,0,1
1994,9,7,Hongarije,Turkije,2,2
1994,9,7,Slovenië,Italië,1,1
1994,9,7,Oekraïne,Litouwen,0,2
1994,9,7,Luxemburg,Nederland,0,4
1994,9,7,Noorwegen,Wit-Rusland,1,0
1994,9,7,Liechtenstein,Oostenrijk,0,4
1994,9,7,Letland,Ierland,0,3
1994,9,7,Noord-Ierland,Portugal,1,2
1994,9,7,Georgië,Moldavië,0,1
1994,9,7,Wales,Albanië,2,0
1994,9,7,Finland,Schotland,0,2
1994,9,7,Faeröer Eil.,Griekenland,1,5
1994,9,7,Roemenië,Azerbeidzjan,3,0
1994,9,7,Slowakije,Frankrijk,0,0
1994,10,8,Armenië,Cyprus,0,0
1994,10,8,Estland,Italië,0,2
1994,10,8,Frankrijk,Roemenië,0,0
1994,10,9,Kroatië,Litouwen,2,0
1994,10,9,Letland,Portugal,1,3
1994,10,12,N Macedonië,Spanje,0,2
1994,10,12,Denemarken,België,3,1
1994,10,12,Zwitserland,Zweden,4,2
1994,10,12,Turkije,IJsland,5,0
1994,10,12,Oekraïne,Slovenië,0,0
1994,10,12,Noorwegen,Nederland,1,1
1994,10,12,Malta,Tsjechië,0,0
1994,10,12,Wit-Rusland,Luxemburg,2,0
1994,10,12,Ierland,Liechtenstein,4,0
1994,10,12,Oostenrijk,Noord-Ierland,1,2
1994,10,12,Bulgarije,Georgië,2,0
1994,10,12,Moldavië,Wales,3,2
1994,10,12,Griekenland,Finland,4,0
1994,10,12,Rusland,San Marino,4,0
1994,10,12,Schotland,Faeröer Eil.,5,1
1994,10,12,Polen,Azerbeidzjan,1,0
1994,10,12,Israël,Slowakije,2,2
1994,11,12,Roemenië,Slowakije,3,2
1994,11,13,Oekraïne,Estland,3,0
1994,11,13,Portugal,Oostenrijk,1,0
1994,11,15,Liechtenstein,Letland,0,1
1994,11,16,Cyprus,Armenië,2,0
1994,11,16,België,N Macedonië,1,1
1994,11,16,Spanje,Denemarken,3,0
1994,11,16,Zwitserland,IJsland,1,0
1994,11,16,Zweden,Hongarije,2,0
1994,11,16,Slovenië,Litouwen,1,2
1994,11,16,Italië,Kroatië,1,2
1994,11,16,Nederland,Tsjechië,0,0
1994,11,16,Wit-Rusland,Noorwegen,0,4
1994,11,16,Noord-Ierland,Ierland,0,4
1994,11,16,Albanië,Duitsland,1,2
1994,11,16,Bulgarije,Moldavië,4,1
1994,11,16,Georgië,Wales,5,0
1994,11,16,Griekenland,San Marino,2,0
1994,11,16,Schotland,Rusland,1,1
1994,11,16,Finland,Faeröer Eil.,5,0
1994,11,16,Azerbeidzjan,Israël,0,2
1994,11,16,Polen,Frankrijk,0,0
1994,12,13,Azerbeidzjan,Frankrijk,0,2
1994,12,14,Turkije,Zwitserland,1,2
1994,12,14,Malta,Noorwegen,0,1
1994,12,14,Nederland,Luxemburg,5,0
1994,12,14,Moldavië,Duitsland,0,3
1994,12,14,Albanië,Georgië,0,1
1994,12,14,Wales,Bulgarije,0,3
1994,12,14,Finland,San Marino,4,1
1994,12,14,Israël,Roemenië,1,1
1994,12,17,België,Spanje,1,4
1994,12,17,N Macedonië,Cyprus,3,0
1994,12,18,Portugal,Liechtenstein,8,0
1994,12,18,Duitsland,Albanië,2,1
1994,12,18,Griekenland,Schotland,1,0
1995,2,22,Malta,Luxemburg,0,1
1995,3,25,Kroatië,Oekraïne,4,0
1995,3,25,Italië,Estland,4,1
1995,3,29,Spanje,België,1,1
1995,3,29,Cyprus,Denemarken,1,1
1995,3,29,Turkije,Zweden,2,1
1995,3,29,Hongarije,Zwitserland,2,2
1995,3,29,Slovenië,Estland,3,0
1995,3,29,Oekraïne,Italië,0,2
1995,3,29,Litouwen,Kroatië,0,0
1995,3,29,Nederland,Malta,4,0
1995,3,29,Luxemburg,Noorwegen,0,2
1995,3,29,Tsjechië,Wit-Rusland,4,2
1995,3,29,Ierland,Noord-Ierland,1,1
1995,3,29,Oostenrijk,Letland,5,0
1995,3,29,Albanië,Moldavië,3,0
1995,3,29,Bulgarije,Wales,3,1
1995,3,29,Georgië,Duitsland,0,2
1995,3,29,Rusland,Schotland,0,0
1995,3,29,San Marino,Finland,0,2
1995,3,29,Slowakije,Azerbeidzjan,4,1
1995,3,29,Roemenië,Polen,2,1
1995,3,29,Israël,Frankrijk,0,0
1995,4,25,Polen,Israël,4,3
1995,4,26,Armenië,Spanje,0,2
1995,4,26,Denemarken,N Macedonië,1,0
1995,4,26,België,Cyprus,2,0
1995,4,26,Zwitserland,Turkije,1,2
1995,4,26,Hongarije,Zweden,1,0
1995,4,26,Estland,Oekraïne,0,1
1995,4,26,Kroatië,Slovenië,2,0
1995,4,26,Litouwen,Italië,0,1
1995,4,26,Tsjechië,Nederland,3,1
1995,4,26,Noorwegen,Luxemburg,5,0
1995,4,26,Wit-Rusland,Malta,1,1
1995,4,26,Oostenrijk,Liechtenstein,7,0
1995,4,26,Ierland,Portugal,1,0
1995,4,26,Letland,Noord-Ierland,0,1
1995,4,26,Duitsland,Wales,1,1
1995,4,26,Georgië,Albanië,2,0
1995,4,26,Moldavië,Bulgarije,0,3
1995,4,26,San Marino,Schotland,0,2
1995,4,26,Faeröer Eil.,Finland,0,4
1995,4,26,Griekenland,Rusland,0,3
1995,4,26,Azerbeidzjan,Roemenië,1,4
1995,4,26,Frankrijk,Slowakije,4,0
1995,5,6,Rusland,Faeröer Eil.,3,0
1995,5,10,Armenië,N Macedonië,2,2
1995,5,25,Faeröer Eil.,San Marino,3,0
1995,6,1,Zweden,IJsland,1,1
1995,6,3,Portugal,Letland,3,2
1995,6,3,Liechtenstein,Ierland,0,0
1995,6,7,Denemarken,Cyprus,4,0
1995,6,7,N Macedonië,België,0,5
1995,6,7,Spanje,Armenië,1,0
1995,6,7,Litouwen,Slovenië,2,1
1995,6,7,Wit-Rusland,Nederland,1,0
1995,6,7,Noorwegen,Malta,2,0
1995,6,7,Luxemburg,Tsjechië,1,0
1995,6,7,Noord-Ierland,Letland,1,2
1995,6,7,Moldavië,Albanië,2,3
1995,6,7,Wales,Georgië,0,1
1995,6,7,Bulgarije,Duitsland,3,2
1995,6,7,Faeröer Eil.,Schotland,0,2
1995,6,7,San Marino,Rusland,0,7
1995,6,7,Polen,Slowakije,5,0
1995,6,7,Roemenië,Israël,2,1
1995,6,11,IJsland,Hongarije,2,1
1995,6,11,Estland,Slovenië,1,3
1995,6,11,Oekraïne,Kroatië,1,0
1995,6,11,Ierland,Oostenrijk,1,3
1995,6,11,Finland,Griekenland,2,1
1995,8,15,Liechtenstein,Portugal,0,7
1995,8,16,Armenië,Denemarken,0,2
1995,8,16,IJsland,Zwitserland,0,2
1995,8,16,Estland,Litouwen,0,1
1995,8,16,Noorwegen,Tsjechië,1,1
1995,8,16,Letland,Oostenrijk,3,2
1995,8,16,Finland,Rusland,0,6
1995,8,16,Schotland,Griekenland,1,0
1995,8,16,Azerbeidzjan,Slowakije,0,1
1995,8,16,Frankrijk,Polen,1,1
1995,9,3,Kroatië,Estland,7,1
1995,9,3,Portugal,Noord-Ierland,1,1
1995,9,6,Polen,Roemenië,0,0
1995,9,6,Frankrijk,Azerbeidzjan,10,0
1995,9,6,Slowakije,Israël,1,0
1995,9,6,België,Denemarken,1,3
1995,9,6,N Macedonië,Armenië,1,2
1995,9,6,Spanje,Cyprus,6,0
1995,9,6,Turkije,Hongarije,2,0
1995,9,6,Zweden,Zwitserland,0,0
1995,9,6,Litouwen,Oekraïne,1,3
1995,9,6,Italië,Slovenië,1,0
1995,9,6,Luxemburg,Malta,1,0
1995,9,6,Tsjechië,Noorwegen,2,0
1995,9,6,Nederland,Wit-Rusland,1,0
1995,9,6,Letland,Liechtenstein,1,0
1995,9,6,Oostenrijk,Ierland,3,1
1995,9,6,Duitsland,Georgië,4,1
1995,9,6,Albanië,Bulgarije,1,1
1995,9,6,Wales,Moldavië,1,0
1995,9,6,San Marino,Griekenland,0,4
1995,9,6,Faeröer Eil.,Rusland,2,5
1995,9,6,Schotland,Finland,1,0
1995,10,7,Armenië,België,0,2
1995,10,7,Wit-Rusland,Tsjechië,0,2
1995,10,7,Bulgarije,Albanië,3,0
1995,10,8,Kroatië,Italië,1,1
1995,10,8,Duitsland,Moldavië,6,1
1995,10,11,Roemenië,Frankrijk,1,3
1995,10,11,Slowakije,Polen,4,1
1995,10,11,Israël,Azerbeidzjan,2,0
1995,10,11,Denemarken,Spanje,1,1
1995,10,11,Cyprus,N Macedonië,1,1
1995,10,11,Zwitserland,Hongarije,3,0
1995,10,11,IJsland,Turkije,0,0
1995,10,11,Slovenië,Oekraïne,3,2
1995,10,11,Litouwen,Estland,5,0
1995,10,11,Malta,Nederland,0,4
1995,10,11,Luxemburg,Wit-Rusland,0,0
1995,10,11,Oostenrijk,Portugal,1,1
1995,10,11,Ierland,Letland,2,1
1995,10,11,Liechtenstein,Noord-Ierland,0,4
1995,10,11,Georgië,Bulgarije,2,1
1995,10,11,Wales,Duitsland,1,2
1995,10,11,Rusland,Griekenland,2,1
1995,10,11,San Marino,Faeröer Eil.,1,3
1995,11,11,Hongarije,IJsland,1,0
1995,11,11,Italië,Oekraïne,3,1
1995,11,12,Malta,Wit-Rusland,0,2
1995,11,15,Slowakije,Roemenië,0,2
1995,11,15,Frankrijk,Israël,2,0
1995,11,15,Azerbeidzjan,Polen,0,0
1995,11,15,Cyprus,België,1,1
1995,11,15,Spanje,N Macedonië,3,0
1995,11,15,Denemarken,Armenië,3,1
1995,11,15,Zweden,Turkije,2,2
1995,11,15,Slovenië,Kroatië,1,2
1995,11,15,Italië,Litouwen,4,0
1995,11,15,Nederland,Noorwegen,3,0
1995,11,15,Tsjechië,Luxemburg,3,0
1995,11,15,Portugal,Ierland,3,0
1995,11,15,Noord-Ierland,Oostenrijk,5,3
1995,11,15,Moldavië,Georgië,3,2
1995,11,15,Albanië,Wales,1,1
1995,11,15,Duitsland,Bulgarije,3,1
1995,11,15,Griekenland,Faeröer Eil.,5,0
1995,11,15,Schotland,San Marino,5,0
1995,11,15,Rusland,Finland,3,1
1995,12,13,Nederland,Ierland,2,0
1996,6,8,Engeland,Zwitserland,1,1
1996,6,9,Spanje,Bulgarije,1,1
1996,6,9,Duitsland,Tsjechië,2,0
1996,6,9,Denemarken,Portugal,1,1
1996,6,10,Nederland,Schotland,0,0
1996,6,10,Roemenië,Frankrijk,0,1
1996,6,11,Italië,Rusland,2,1
1996,6,11,Turkije,Kroatië,0,1
1996,6,13,Zwitserland,Nederland,0,2
1996,6,13,Bulgarije,Roemenië,1,0
1996,6,14,Tsjechië,Italië,2,1
1996,6,14,Portugal,Turkije,1,0
1996,6,15,Schotland,Engeland,0,2
1996,6,15,Frankrijk,Spanje,1,1
1996,6,16,Rusland,Duitsland,0,3
1996,6,16,Kroatië,Denemarken,3,0
1996,6,18,Schotland,Zwitserland,1,0
1996,6,18,Nederland,Engeland,1,4
1996,6,18,Frankrijk,Bulgarije,3,1
1996,6,18,Roemenië,Spanje,1,2
1996,6,19,Rusland,Tsjechië,3,3
1996,6,19,Italië,Duitsland,0,0
1996,6,19,Kroatië,Portugal,0,3
1996,6,19,Turkije,Denemarken,0,3
1996,6,22,Spanje,Engeland,0,0
1996,6,22,Frankrijk,Nederland,0,0
1996,6,23,Duitsland,Kroatië,2,1
1996,6,23,Tsjechië,Portugal,1,0
1996,6,26,Frankrijk,Tsjechië,0,0
1996,6,26,Duitsland,Engeland,1,1
1996,6,30,Tsjechië,Duitsland,1,2
