1960,7,10,21,30,Sovjet-Unie,Yugoslavia,2,1,EK
1960,7,9,18,0,Czechoslovakia,Frankrijk,2,0,EK
1960,7,6,20,30,Czechoslovakia,Sovjet-Unie,0,3,EK
1960,7,6,20,0,Frankrijk,Yugoslavia,4,5,EK
1960,5,29,17,0,Czechoslovakia,Roemenië,3,0,EK-Kwalificatie
1960,5,22,17,0,Roemenië,Czechoslovakia,0,2,EK-Kwalificatie
1960,5,22,17,0,Yugoslavia,Portugal,5,1,EK-Kwalificatie
1960,5,8,17,0,Portugal,Yugoslavia,2,1,EK-Kwalificatie
1960,3,27,17,0,Oostenrijk,Frankrijk,2,4,EK-Kwalificatie
1960,12,13,17,0,Frankrijk,Oostenrijk,5,2,EK-Kwalificatie
1960,10,25,17,0,Bulgarije,Yugoslavia,1,1,EK-Kwalificatie
1960,10,18,17,0,Czechoslovakia,Denemarken,5,1,EK-Kwalificatie
1960,10,14,17,0,Spanje,Polen,3,0,EK-Kwalificatie
1960,9,27,17,0,Hongarije,Sovjet-Unie,0,1,EK-Kwalificatie
1960,9,23,17,0,Denemarken,Czechoslovakia,2,2,EK-Kwalificatie
1960,9,23,17,0,Oostenrijk,Noorwegen,5,2,EK-Kwalificatie
1960,6,28,17,0,Polen,Spanje,2,4,EK-Kwalificatie
1960,6,28,17,0,Portugal,German Democratic Republic,3,2,EK-Kwalificatie
1960,6,21,17,0,German Democratic Republic,Portugal,0,2,EK-Kwalificatie
1960,5,31,17,0,Yugoslavia,Bulgarije,2,0,EK-Kwalificatie
1960,5,20,17,0,Noorwegen,Oostenrijk,0,1,EK-Kwalificatie
1960,5,10,17,0,Czechoslovakia,Ierland,4,0,EK-Kwalificatie
1960,4,26,17,0,Turkije,Roemenië,2,0,EK-Kwalificatie
1960,4,5,17,0,Ierland,Czechoslovakia,2,0,EK-Kwalificatie
1960,12,3,17,0,Griekenland,Frankrijk,1,1,EK-Kwalificatie
1960,11,2,17,0,Roemenië,Turkije,3,0,EK-Kwalificatie
1960,10,1,17,0,Frankrijk,Griekenland,7,1,EK-Kwalificatie
1960,9,28,17,0,Sovjet-Unie,Hongarije,3,1,EK-Kwalificatie
1964,6,21,18,30,Spanje,Sovjet-Unie,2,1,EK
1964,6,20,20,0,Hongarije,Denemarken,3,1,EK
1964,6,17,22,30,Denemarken,Sovjet-Unie,0,3,EK
1964,6,17,20,0,Spanje,Hongarije,2,1,EK
1964,5,27,17,0,Sovjet-Unie,Zweden,3,1,EK-Kwalificatie
1964,5,23,17,0,Hongarije,Frankrijk,2,1,EK-Kwalificatie
1964,5,13,17,0,Zweden,Sovjet-Unie,1,1,EK-Kwalificatie
1964,4,25,17,0,Frankrijk,Hongarije,1,3,EK-Kwalificatie
1964,4,8,17,0,Ierland,Spanje,0,2,EK-Kwalificatie
1964,3,11,17,0,Spanje,Ierland,5,1,EK-Kwalificatie
1964,12,18,17,0,Denemarken,Luxemburg,1,0,EK-Kwalificatie
1964,12,10,17,0,Denemarken,Luxemburg,2,2,EK-Kwalificatie
1964,12,4,17,0,Luxemburg,Denemarken,3,3,EK-Kwalificatie
1964,11,10,17,0,Italië,Sovjet-Unie,1,1,EK-Kwalificatie
1964,11,3,17,0,Hongarije,German Democratic Republic,3,3,EK-Kwalificatie
1964,10,30,17,0,Albanië,Denemarken,1,0,EK-Kwalificatie
1964,10,30,17,0,Nederland,Luxemburg,1,2,EK-Kwalificatie
1964,10,30,17,0,Noord-Ierland,Spanje,0,1,EK-Kwalificatie
1964,10,26,17,0,Frankrijk,Bulgarije,3,1,EK-Kwalificatie
1964,10,19,17,0,German Democratic Republic,Hongarije,1,2,EK-Kwalificatie
1964,10,13,17,0,Ierland,Oostenrijk,3,2,EK-Kwalificatie
1964,10,13,17,0,Sovjet-Unie,Italië,2,0,EK-Kwalificatie
1964,9,29,17,0,Bulgarije,Frankrijk,1,0,EK-Kwalificatie
1964,9,25,17,0,Oostenrijk,Ierland,0,0,EK-Kwalificatie
1964,9,18,17,0,Zweden,Yugoslavia,3,2,EK-Kwalificatie
1964,9,11,17,0,Luxemburg,Nederland,1,1,EK-Kwalificatie
1964,6,29,17,0,Denemarken,Albanië,4,0,EK
1964,6,19,17,0,Yugoslavia,Zweden,0,0,EK
1964,5,30,17,0,Spanje,Noord-Ierland,1,1,EK-Kwalificatie
1964,3,31,17,0,België,Yugoslavia,0,1,EK-Kwalificatie
1964,3,31,17,0,Czechoslovakia,German Democratic Republic,1,1,EK-Kwalificatie
1964,3,31,17,0,Zwitserland,Nederland,1,1,EK-Kwalificatie
1964,3,27,17,0,Turkije,Italië,0,1,EK-Kwalificatie
1964,3,20,17,0,Wales,Hongarije,1,1,EK-Kwalificatie
1964,2,27,17,0,Frankrijk,Engeland,5,2,EK-Kwalificatie
1964,1,23,17,0,Bulgarije,Portugal,1,0,EK-Kwalificatie
1964,12,16,17,0,Portugal,Bulgarije,3,1,EK-Kwalificatie
1964,12,8,17,0,Malta,Denemarken,1,3,EK-Kwalificatie
1964,12,2,17,0,Italië,Turkije,6,0,EK-Kwalificatie
1964,11,28,17,0,Noord-Ierland,Polen,2,0,EK-Kwalificatie
1964,11,25,17,0,Roemenië,Spanje,3,1,EK-Kwalificatie
1964,11,21,17,0,German Democratic Republic,Czechoslovakia,2,1,EK-Kwalificatie
1964,11,11,17,0,Nederland,Zwitserland,3,1,EK-Kwalificatie
1964,11,7,17,0,Bulgarije,Portugal,3,1,EK-Kwalificatie
1964,11,7,17,0,Hongarije,Wales,3,1,EK-Kwalificatie
1964,11,4,17,0,Yugoslavia,België,3,2,EK-Kwalificatie
1964,11,4,17,0,Zweden,Noorwegen,1,1,EK-Kwalificatie
1964,11,1,17,0,Spanje,Roemenië,6,0,EK-Kwalificatie
1964,10,10,17,0,Polen,Noord-Ierland,0,2,EK-Kwalificatie
1964,10,3,17,0,Engeland,Frankrijk,1,1,EK-Kwalificatie
1964,9,2,17,0,IJsland,Ierland,1,1,EK-Kwalificatie
1964,8,12,17,0,Ierland,IJsland,4,2,EK-Kwalificatie
1964,6,28,17,0,Denemarken,Malta,6,1,EK
1964,6,21,17,0,Noorwegen,Zweden,0,2,EK
1968,6,10,21,15,Italië,Yugoslavia,2,0,EK
1968,6,8,21,15,Italië,Yugoslavia,1,1,EK
1968,6,8,16,45,Engeland,Sovjet-Unie,2,0,EK
1968,6,5,21,15,Yugoslavia,Engeland,1,0,EK
1968,6,5,18,0,Italië,Sovjet-Unie,0,0,EK
1968,5,11,17,30,Sovjet-Unie,Hongarije,3,0,EK-Kwalificatie
1968,5,8,20,30,Spanje,Engeland,1,2,EK-Kwalificatie
1968,5,4,17,0,Hongarije,Sovjet-Unie,2,0,EK-Kwalificatie
1968,4,24,16,30,Yugoslavia,Frankrijk,5,1,EK-Kwalificatie
1968,4,20,16,0,Italië,Bulgarije,2,0,EK-Kwalificatie
1968,4,6,16,0,Bulgarije,Italië,3,2,EK-Kwalificatie
1968,4,6,16,0,Frankrijk,Yugoslavia,1,1,EK-Kwalificatie
1968,4,3,20,45,Engeland,Spanje,1,0,EK-Kwalificatie
1968,2,28,17,0,Wales,Noord-Ierland,2,0,EK-Kwalificatie
1968,2,24,17,0,Schotland,Engeland,1,1,EK-Kwalificatie
1968,2,17,17,0,Cyprus,Zwitserland,2,1,EK-Kwalificatie
1968,12,23,17,0,Frankrijk,Luxemburg,3,1,EK-Kwalificatie
1968,12,23,17,0,Italië,Zwitserland,4,0,EK-Kwalificatie
1968,12,17,17,0,Albanië,Duitsland,0,0,EK-Kwalificatie
1968,12,17,17,0,Portugal,Bulgarije,0,0,EK-Kwalificatie
1968,11,26,17,0,Bulgarije,Portugal,1,0,EK-Kwalificatie
1968,11,22,17,0,België,Luxemburg,3,0,EK-Kwalificatie
1968,11,22,17,0,Czechoslovakia,Ierland,1,2,EK-Kwalificatie
1968,11,22,17,0,Engeland,Noord-Ierland,2,0,EK-Kwalificatie
1968,11,22,17,0,Schotland,Wales,3,2,EK-Kwalificatie
1968,11,18,17,0,Zwitserland,Italië,2,2,EK-Kwalificatie
1968,11,15,17,0,Turkije,Czechoslovakia,0,0,EK-Kwalificatie
1968,11,12,17,0,Bulgarije,Zweden,3,0,EK-Kwalificatie
1968,11,12,17,0,Portugal,Noorwegen,2,1,EK-Kwalificatie
1968,11,12,17,0,Yugoslavia,Albanië,4,0,EK-Kwalificatie
1968,11,8,17,0,Zwitserland,Cyprus,5,0,EK-Kwalificatie
1968,11,5,17,0,Zweden,Noorwegen,5,2,EK-Kwalificatie
1968,11,1,17,0,Italië,Cyprus,5,0,EK-Kwalificatie
1968,10,31,17,0,Griekenland,Sovjet-Unie,0,1,EK-Kwalificatie
1968,10,29,17,0,German Democratic Republic,Hongarije,1,0,EK-Kwalificatie
1968,10,28,17,0,Frankrijk,België,1,1,EK-Kwalificatie
1968,10,22,17,0,Spanje,Czechoslovakia,2,1,EK-Kwalificatie
1968,10,21,17,0,Noord-Ierland,Schotland,1,0,EK-Kwalificatie
1968,10,21,17,0,Wales,Engeland,0,3,EK-Kwalificatie
1968,10,15,17,0,Oostenrijk,Sovjet-Unie,1,0,EK-Kwalificatie
1968,10,11,17,0,German Democratic Republic,Denemarken,3,2,EK-Kwalificatie
1968,10,8,17,0,België,Polen,2,4,EK-Kwalificatie
1968,10,7,17,0,Duitsland,Yugoslavia,3,1,EK-Kwalificatie
1968,10,4,17,0,Denemarken,Nederland,3,2,EK-Kwalificatie
1968,10,4,17,0,Griekenland,Oostenrijk,4,1,EK-Kwalificatie
1968,10,1,17,0,Czechoslovakia,Spanje,1,0,EK-Kwalificatie
1968,9,27,17,0,Hongarije,German Democratic Republic,3,1,EK-Kwalificatie
1968,9,24,17,0,Oostenrijk,Finland,2,1,EK-Kwalificatie
1968,9,17,17,0,Polen,Frankrijk,1,4,EK-Kwalificatie
1968,9,13,17,0,Nederland,German Democratic Republic,1,0,EK-Kwalificatie
1968,9,6,17,0,Finland,Sovjet-Unie,2,5,EK-Kwalificatie
1968,9,3,17,0,Noorwegen,Zweden,3,1,EK-Kwalificatie
1968,8,30,17,0,Sovjet-Unie,Finland,2,0,EK-Kwalificatie
1968,7,16,17,0,Sovjet-Unie,Griekenland,4,0,EK-Kwalificatie
1968,6,29,17,0,Noorwegen,Bulgarije,0,0,EK
1968,6,25,17,0,Roemenië,Italië,0,1,EK
1968,6,18,17,0,Czechoslovakia,Turkije,3,0,EK
1968,6,11,17,0,Sovjet-Unie,Oostenrijk,4,3,EK
1968,6,11,17,0,Zweden,Bulgarije,0,2,EK
1968,6,8,17,0,Noorwegen,Portugal,1,2,EK
1968,6,4,17,0,Denemarken,German Democratic Republic,1,1,EK
1968,6,1,17,0,Zweden,Portugal,1,1,EK
1968,5,31,17,0,Spanje,Turkije,2,0,EK-Kwalificatie
1968,5,24,17,0,Denemarken,Hongarije,0,2,EK-Kwalificatie
1968,5,24,17,0,Zwitserland,Roemenië,7,1,EK-Kwalificatie
1968,5,21,17,0,Ierland,Czechoslovakia,0,2,EK-Kwalificatie
1968,5,21,17,0,Polen,België,3,1,EK-Kwalificatie
1968,5,14,17,0,Albanië,Yugoslavia,0,2,EK-Kwalificatie
1968,5,10,17,0,Finland,Griekenland,1,1,EK-Kwalificatie
1968,5,10,17,0,Hongarije,Nederland,2,1,EK-Kwalificatie
1968,5,3,17,0,Yugoslavia,Duitsland,1,0,EK-Kwalificatie
1968,4,23,17,0,Roemenië,Cyprus,7,0,EK-Kwalificatie
1968,4,16,17,0,Luxemburg,Polen,0,0,EK-Kwalificatie
1968,4,15,17,0,Engeland,Schotland,2,3,EK-Kwalificatie
1968,4,12,17,0,Noord-Ierland,Wales,0,0,EK-Kwalificatie
1968,4,8,17,0,Duitsland,Albanië,6,0,EK-Kwalificatie
1968,4,5,17,0,German Democratic Republic,Nederland,4,3,EK-Kwalificatie
1968,3,22,17,0,Cyprus,Italië,0,2,EK-Kwalificatie
1968,3,19,17,0,Luxemburg,België,0,5,EK-Kwalificatie
1968,2,22,17,0,Turkije,Ierland,2,1,EK-Kwalificatie
1968,2,1,17,0,Turkije,Spanje,0,0,EK-Kwalificatie
1968,12,7,17,0,Spanje,Ierland,2,0,EK-Kwalificatie
1968,12,3,17,0,Cyprus,Roemenië,1,5,EK-Kwalificatie
1968,11,30,17,0,Nederland,Denemarken,2,0,EK-Kwalificatie
1968,11,26,17,0,Italië,Roemenië,3,1,EK-Kwalificatie
1968,11,26,17,0,Luxemburg,Frankrijk,0,3,EK-Kwalificatie
1968,11,16,17,0,Engeland,Wales,5,1,EK-Kwalificatie
1968,11,16,17,0,Ierland,Turkije,2,1,EK-Kwalificatie
1968,11,16,17,0,Schotland,Noord-Ierland,2,1,EK-Kwalificatie
1968,11,13,17,0,Bulgarije,Noorwegen,4,2,EK-Kwalificatie
1968,11,13,17,0,Portugal,Zweden,1,2,EK-Kwalificatie
1968,11,11,17,0,België,Frankrijk,2,1,EK-Kwalificatie
1968,11,2,17,0,Roemenië,Zwitserland,4,2,EK-Kwalificatie
1968,10,23,17,0,Ierland,Spanje,0,0,EK-Kwalificatie
1968,10,22,17,0,Frankrijk,Polen,2,1,EK-Kwalificatie
1968,10,22,17,0,Noord-Ierland,Engeland,0,2,EK-Kwalificatie
1968,10,22,17,0,Wales,Schotland,1,1,EK-Kwalificatie
1968,10,16,17,0,Griekenland,Finland,2,1,EK-Kwalificatie
1968,10,2,17,0,Finland,Oostenrijk,0,0,EK-Kwalificatie
1968,10,2,17,0,Polen,Luxemburg,4,0,EK-Kwalificatie
1968,9,21,17,0,Hongarije,Denemarken,6,0,EK-Kwalificatie
1968,9,7,17,0,Nederland,Hongarije,2,2,EK-Kwalificatie
1972,6,18,16,0,Duitsland,Sovjet-Unie,3,0,EK
1972,6,17,20,0,Hongarije,België,1,2,EK
1972,6,14,20,0,België,Duitsland,1,2,EK
1972,6,14,20,0,Hongarije,Sovjet-Unie,0,1,EK
1972,5,17,20,0,Hongarije,Roemenië,2,1,EK-Kwalificatie
1972,5,14,16,0,Roemenië,Hongarije,2,2,EK-Kwalificatie
1972,5,13,20,0,België,Italië,2,1,EK-Kwalificatie
1972,5,13,16,0,Duitsland,Engeland,0,0,EK-Kwalificatie
1972,5,13,15,0,Sovjet-Unie,Yugoslavia,3,0,EK-Kwalificatie
1972,4,30,16,0,Yugoslavia,Sovjet-Unie,0,0,EK-Kwalificatie
1972,4,29,20,45,Engeland,Duitsland,1,3,EK-Kwalificatie
1972,4,29,17,0,Hongarije,Roemenië,1,1,EK-Kwalificatie
1972,4,29,15,30,Italië,België,0,0,EK-Kwalificatie
1972,2,16,16,0,Noord-Ierland,Spanje,1,1,EK-Kwalificatie
1972,12,5,13,30,Turkije,Polen,1,0,EK-Kwalificatie
1972,12,4,13,30,Bulgarije,Frankrijk,2,1,EK-Kwalificatie
1972,12,1,13,45,Griekenland,Engeland,0,2,EK-Kwalificatie
1972,11,24,20,0,Spanje,Cyprus,7,0,EK-Kwalificatie
1972,11,24,13,0,Roemenië,Wales,2,0,EK-Kwalificatie
1972,11,21,16,0,Portugal,België,1,1,EK-Kwalificatie
1972,11,20,14,30,Italië,Oostenrijk,2,2,EK-Kwalificatie
1972,11,17,20,0,Luxemburg,Nederland,0,8,EK-Kwalificatie
1972,11,17,15,0,Duitsland,Polen,0,0,EK-Kwalificatie
1972,11,14,14,0,Albanië,Turkije,3,0,EK-Kwalificatie
1972,11,14,13,0,Roemenië,Czechoslovakia,2,1,EK-Kwalificatie
1972,11,10,20,45,Engeland,Zwitserland,1,1,EK-Kwalificatie
1972,11,10,20,30,Frankrijk,Bulgarije,2,1,EK-Kwalificatie
1972,11,10,20,30,Schotland,België,1,0,EK-Kwalificatie
1972,10,27,20,30,Spanje,Sovjet-Unie,0,0,EK-Kwalificatie
1972,10,27,18,0,Czechoslovakia,Wales,1,0,EK-Kwalificatie
1972,10,27,17,30,Hongarije,Noorwegen,4,0,EK-Kwalificatie
1972,10,27,14,30,Yugoslavia,Luxemburg,0,0,EK-Kwalificatie
1972,10,16,14,30,Yugoslavia,German Democratic Republic,0,0,EK-Kwalificatie
1972,10,13,21,0,Schotland,Portugal,2,1,EK-Kwalificatie
1972,10,13,20,30,Wales,Finland,3,0,EK-Kwalificatie
1972,10,13,20,0,Zwitserland,Engeland,2,3,EK-Kwalificatie
1972,10,13,17,0,Noord-Ierland,Sovjet-Unie,1,1,EK-Kwalificatie
1972,10,10,15,0,Oostenrijk,Ierland,6,0,EK-Kwalificatie
1972,10,10,14,30,Nederland,German Democratic Republic,3,2,EK-Kwalificatie
1972,10,10,12,0,Polen,Duitsland,1,3,EK-Kwalificatie
1972,10,9,15,0,Frankrijk,Hongarije,0,2,EK-Kwalificatie
1972,10,9,14,30,Italië,Zweden,3,0,EK-Kwalificatie
1972,9,25,17,30,Hongarije,Bulgarije,2,0,EK-Kwalificatie
1972,9,22,17,30,Finland,Roemenië,0,4,EK-Kwalificatie
1972,9,22,17,30,Sovjet-Unie,Noord-Ierland,1,0,EK-Kwalificatie
1972,9,22,15,15,Polen,Turkije,5,1,EK-Kwalificatie
1972,9,8,19,0,Noorwegen,Frankrijk,1,3,EK-Kwalificatie
1972,9,4,15,0,Oostenrijk,Zweden,1,0,EK-Kwalificatie
1972,6,18,20,0,Griekenland,Malta,2,0,EK
1972,6,16,18,0,Finland,Czechoslovakia,0,4,EK
1972,6,12,15,30,Duitsland,Albanië,2,0,EK
1972,6,9,19,0,Denemarken,Schotland,1,0,EK
1972,6,9,19,0,Noorwegen,Bulgarije,1,4,EK
1972,6,9,19,0,Zweden,Italië,0,0,EK
1972,6,7,17,30,Sovjet-Unie,Cyprus,6,1,EK
1972,5,30,16,30,Ierland,Oostenrijk,1,4,EK-Kwalificatie
1972,5,30,16,30,Sovjet-Unie,Spanje,2,1,EK-Kwalificatie
1972,5,26,19,0,Denemarken,België,1,2,EK-Kwalificatie
1972,5,26,19,0,Zweden,Oostenrijk,1,0,EK-Kwalificatie
1972,5,26,18,0,Finland,Wales,0,1,EK-Kwalificatie
1972,5,19,17,30,Bulgarije,Hongarije,3,0,EK-Kwalificatie
1972,5,16,17,0,Czechoslovakia,Roemenië,1,0,EK-Kwalificatie
1972,5,12,22,30,Portugal,Denemarken,5,0,EK-Kwalificatie
1972,5,12,20,45,Engeland,Malta,5,0,EK-Kwalificatie
1972,5,12,20,0,Zwitserland,Griekenland,1,0,EK-Kwalificatie
1972,5,12,16,0,Albanië,Polen,1,1,EK-Kwalificatie
1972,5,10,20,0,Ierland,Italië,1,2,EK-Kwalificatie
1972,5,9,15,30,Cyprus,Spanje,0,2,EK-Kwalificatie
1972,5,9,15,0,German Democratic Republic,Yugoslavia,1,2,EK-Kwalificatie
1972,4,25,14,0,Turkije,Duitsland,0,3,EK-Kwalificatie
1972,4,24,16,30,Hongarije,Frankrijk,1,1,EK-Kwalificatie
1972,4,24,15,0,German Democratic Republic,Luxemburg,2,1,EK-Kwalificatie
1972,4,21,22,30,Portugal,Schotland,2,0,EK-Kwalificatie
1972,4,21,20,45,Noord-Ierland,Cyprus,5,0,EK-Kwalificatie
1972,4,21,20,30,Engeland,Griekenland,3,0,EK-Kwalificatie
1972,4,21,20,30,Wales,Czechoslovakia,1,3,EK-Kwalificatie
1972,4,21,19,45,Zwitserland,Malta,5,0,EK-Kwalificatie
1972,4,4,15,0,Yugoslavia,Nederland,2,0,EK-Kwalificatie
1972,2,24,20,30,Nederland,Luxemburg,6,0,EK-Kwalificatie
1972,2,17,20,0,België,Portugal,3,0,EK-Kwalificatie
1972,2,17,14,30,Albanië,Duitsland,0,1,EK-Kwalificatie
1972,2,3,20,0,België,Schotland,3,0,EK-Kwalificatie
1972,2,3,15,0,Malta,Engeland,0,1,EK-Kwalificatie
1972,2,3,14,0,Cyprus,Noord-Ierland,0,3,EK-Kwalificatie
1972,12,20,14,30,Malta,Zwitserland,1,2,EK-Kwalificatie
1972,12,16,13,45,Griekenland,Zwitserland,0,1,EK-Kwalificatie
1972,12,13,13,30,Turkije,Albanië,2,1,EK-Kwalificatie
1972,12,8,14,30,Italië,Ierland,3,0,EK-Kwalificatie
1972,11,25,20,0,België,Denemarken,2,0,EK-Kwalificatie
1972,11,15,14,45,Luxemburg,German Democratic Republic,0,5,EK-Kwalificatie
1972,11,15,14,30,Bulgarije,Noorwegen,1,1,EK-Kwalificatie
1972,11,15,14,0,Cyprus,Sovjet-Unie,1,3,EK-Kwalificatie
1972,11,11,21,0,Schotland,Denemarken,1,0,EK-Kwalificatie
1972,11,11,20,30,Spanje,Noord-Ierland,3,0,EK-Kwalificatie
1972,11,11,18,30,German Democratic Republic,Nederland,1,0,EK-Kwalificatie
1972,11,11,17,30,Wales,Roemenië,0,0,EK-Kwalificatie
1972,11,11,17,0,Frankrijk,Noorwegen,3,1,EK-Kwalificatie
1972,10,31,15,0,Oostenrijk,Italië,1,2,EK-Kwalificatie
1972,10,28,19,0,Zweden,Ierland,1,0,EK-Kwalificatie
1972,10,17,15,30,Duitsland,Turkije,1,1,EK-Kwalificatie
1972,10,14,21,0,Ierland,Zweden,1,1,EK-Kwalificatie
1972,10,14,19,30,Luxemburg,Yugoslavia,0,2,EK-Kwalificatie
1972,10,14,19,0,Denemarken,Portugal,0,1,EK-Kwalificatie
1972,10,14,17,30,Polen,Albanië,3,0,EK-Kwalificatie
1972,10,11,15,0,Malta,Griekenland,1,1,EK-Kwalificatie
1972,10,11,14,30,Nederland,Yugoslavia,1,1,EK-Kwalificatie
1972,10,11,14,30,Roemenië,Finland,3,0,EK-Kwalificatie
1976,6,20,20,15,Czechoslovakia,Duitsland,3,2,EK
1976,6,19,20,15,Nederland,Yugoslavia,3,2,EK
1976,6,17,20,15,Yugoslavia,Duitsland,2,4,EK
1976,6,16,20,15,Czechoslovakia,Nederland,3,1,EK
1976,5,22,20,0,België,Nederland,1,2,EK-Kwalificatie
1976,5,22,18,0,Sovjet-Unie,Czechoslovakia,2,2,EK-Kwalificatie
1976,5,22,16,0,Duitsland,Spanje,2,0,EK-Kwalificatie
1976,5,22,16,0,Wales,Yugoslavia,1,1,EK-Kwalificatie
1976,4,25,14,30,Nederland,België,5,0,EK-Kwalificatie
1976,4,24,21,0,Spanje,Duitsland,1,1,EK-Kwalificatie
1976,4,24,18,0,Czechoslovakia,Sovjet-Unie,2,0,EK-Kwalificatie
1976,4,24,17,30,Yugoslavia,Wales,2,0,EK-Kwalificatie
1976,2,28,15,30,Duitsland,Malta,8,0,EK-Kwalificatie
1976,12,21,14,30,Malta,Bulgarije,0,2,EK-Kwalificatie
1976,12,17,21,0,Schotland,Roemenië,1,1,EK-Kwalificatie
1976,12,3,22,0,Portugal,Cyprus,1,0,EK-Kwalificatie
1976,11,23,14,0,Turkije,Sovjet-Unie,1,0,EK-Kwalificatie
1976,11,23,13,45,Cyprus,Czechoslovakia,0,3,EK-Kwalificatie
1976,11,22,14,30,Italië,Nederland,1,0,EK-Kwalificatie
1976,11,19,22,0,Portugal,Engeland,1,1,EK-Kwalificatie
1976,11,19,20,30,Wales,Oostenrijk,1,0,EK-Kwalificatie
1976,11,19,18,0,Yugoslavia,Noord-Ierland,1,0,EK-Kwalificatie
1976,11,19,15,0,Duitsland,Bulgarije,1,0,EK-Kwalificatie
1976,11,16,13,0,Roemenië,Spanje,2,2,EK-Kwalificatie
1976,11,15,20,30,Frankrijk,België,0,0,EK-Kwalificatie
1976,11,12,22,30,Portugal,Czechoslovakia,1,1,EK-Kwalificatie
1976,11,12,18,0,Sovjet-Unie,Zwitserland,4,1,EK-Kwalificatie
1976,10,30,14,0,Czechoslovakia,Engeland,2,1,EK-Kwalificatie
1976,10,29,21,0,Schotland,Denemarken,3,1,EK-Kwalificatie
1976,10,29,16,0,Ierland,Turkije,4,0,EK-Kwalificatie
1976,10,29,15,30,Noord-Ierland,Noorwegen,3,0,EK-Kwalificatie
1976,10,26,14,0,Polen,Italië,0,0,EK-Kwalificatie
1976,10,19,13,30,Hongarije,Luxemburg,8,1,EK-Kwalificatie
1976,10,15,20,15,Nederland,Polen,3,0,EK-Kwalificatie
1976,10,15,19,0,Oostenrijk,Luxemburg,6,2,EK-Kwalificatie
1976,10,15,18,0,Yugoslavia,Zweden,3,0,EK-Kwalificatie
1976,10,12,20,30,Spanje,Denemarken,2,0,EK-Kwalificatie
1976,10,12,15,0,Zwitserland,Sovjet-Unie,0,1,EK-Kwalificatie
1976,10,12,14,30,German Democratic Republic,Frankrijk,2,1,EK-Kwalificatie
1976,10,11,20,30,Duitsland,Griekenland,1,1,EK-Kwalificatie
1976,9,27,20,0,België,German Democratic Republic,1,2,EK-Kwalificatie
1976,9,27,16,30,Italië,Finland,0,0,EK-Kwalificatie
1976,9,24,17,15,Hongarije,Oostenrijk,2,1,EK-Kwalificatie
1976,9,10,17,30,Polen,Nederland,4,1,EK-Kwalificatie
1976,9,6,20,0,België,IJsland,1,0,EK-Kwalificatie
1976,9,3,20,30,Frankrijk,IJsland,3,0,EK-Kwalificatie
1976,9,3,20,0,Nederland,Finland,4,1,EK-Kwalificatie
1976,9,3,19,0,Denemarken,Schotland,0,1,EK-Kwalificatie
1976,9,3,18,30,Noord-Ierland,Zweden,1,2,EK-Kwalificatie
1976,8,13,19,0,Noorwegen,Zweden,0,2,EK-Kwalificatie
1976,6,30,19,0,Zweden,Noorwegen,3,1,EK-Kwalificatie
1976,6,11,16,0,Bulgarije,Malta,5,0,EK
1976,6,9,19,0,Noorwegen,Yugoslavia,1,3,EK
1976,6,8,15,45,Cyprus,Portugal,0,2,EK
1976,6,5,21,0,IJsland,German Democratic Republic,2,1,EK
1976,6,5,18,0,Finland,Italië,0,1,EK
1976,6,4,20,0,Griekenland,Malta,4,0,EK
1976,6,4,19,0,Zweden,Yugoslavia,1,2,EK
1976,6,1,16,30,Roemenië,Schotland,1,1,EK
1976,5,25,15,0,IJsland,Frankrijk,0,0,EK-Kwalificatie
1976,5,21,20,0,Zwitserland,Ierland,1,0,EK-Kwalificatie
1976,5,18,18,30,Sovjet-Unie,Ierland,2,1,EK-Kwalificatie
1976,5,11,16,0,Roemenië,Denemarken,6,1,EK-Kwalificatie
1976,5,11,15,45,Cyprus,Engeland,0,1,EK-Kwalificatie
1976,5,10,16,30,Ierland,Zwitserland,2,1,EK-Kwalificatie
1976,5,1,16,0,Luxemburg,Wales,1,3,EK-Kwalificatie
1976,4,30,20,15,Zwitserland,Turkije,1,1,EK-Kwalificatie
1976,4,30,17,0,Czechoslovakia,Portugal,5,0,EK-Kwalificatie
1976,4,27,16,0,Bulgarije,Duitsland,1,1,EK-Kwalificatie
1976,4,20,17,0,Czechoslovakia,Cyprus,4,0,EK-Kwalificatie
1976,4,19,15,30,Italië,Polen,0,0,EK-Kwalificatie
1976,4,17,20,30,Spanje,Roemenië,1,1,EK-Kwalificatie
1976,4,16,20,45,Engeland,Cyprus,5,0,EK-Kwalificatie
1976,4,16,18,0,Noord-Ierland,Yugoslavia,1,0,EK-Kwalificatie
1976,4,16,17,30,Hongarije,Wales,1,2,EK-Kwalificatie
1976,4,2,19,30,Oostenrijk,Hongarije,0,0,EK-Kwalificatie
1976,4,2,18,0,Sovjet-Unie,Turkije,3,0,EK-Kwalificatie
1976,3,16,15,30,Luxemburg,Oostenrijk,1,2,EK-Kwalificatie
1976,2,23,15,30,Malta,Griekenland,2,0,EK-Kwalificatie
1976,2,5,20,30,Spanje,Schotland,1,1,EK-Kwalificatie
1976,12,22,14,30,Malta,Duitsland,0,1,EK-Kwalificatie
1976,12,18,15,0,Griekenland,Bulgarije,2,1,EK-Kwalificatie
1976,12,7,17,30,German Democratic Republic,België,0,0,EK-Kwalificatie
1976,12,1,19,0,Turkije,Zwitserland,2,1,EK-Kwalificatie
1976,11,20,21,0,Schotland,Spanje,1,2,EK-Kwalificatie
1976,11,20,20,45,Engeland,Portugal,0,0,EK-Kwalificatie
1976,11,20,20,30,Nederland,Italië,3,1,EK-Kwalificatie
1976,11,20,20,30,Wales,Luxemburg,5,0,EK-Kwalificatie
1976,11,20,19,0,Turkije,Ierland,1,1,EK-Kwalificatie
1976,11,20,15,0,Griekenland,Duitsland,2,2,EK-Kwalificatie
1976,11,16,20,30,Frankrijk,German Democratic Republic,2,2,EK-Kwalificatie
1976,10,30,20,45,Engeland,Czechoslovakia,3,0,EK-Kwalificatie
1976,10,30,20,30,Wales,Hongarije,2,0,EK-Kwalificatie
1976,10,30,19,0,Yugoslavia,Noorwegen,3,1,EK-Kwalificatie
1976,10,30,19,0,Zweden,Noord-Ierland,0,2,EK-Kwalificatie
1976,10,30,16,0,Ierland,Sovjet-Unie,3,0,EK-Kwalificatie
1976,10,13,15,45,Luxemburg,Hongarije,2,4,EK-Kwalificatie
1976,10,13,15,0,Bulgarije,Griekenland,3,3,EK-Kwalificatie
1976,10,13,13,30,Denemarken,Roemenië,0,0,EK-Kwalificatie
1976,10,12,20,0,België,Frankrijk,2,1,EK-Kwalificatie
1976,10,12,17,0,German Democratic Republic,IJsland,1,1,EK-Kwalificatie
1976,10,9,14,30,Polen,Finland,3,0,EK-Kwalificatie
1976,9,25,19,0,Denemarken,Spanje,1,2,EK-Kwalificatie
1976,9,25,17,30,Finland,Nederland,1,3,EK-Kwalificatie
1980,6,22,20,30,België,Duitsland,1,2,EK-Play-offs
1980,6,21,20,30,Czechoslovakia,Italië,2,1,EK-Play-offs
1980,6,18,20,30,Italië,België,0,0,EK-Groepsfase
1980,6,18,17,45,Spanje,Engeland,1,2,EK-Groepsfase
1980,6,17,20,30,Griekenland,Duitsland,0,0,EK-Groepsfase
1980,6,17,17,45,Nederland,Czechoslovakia,1,1,EK-Groepsfase
1980,6,15,20,30,Engeland,Italië,0,1,EK-Groepsfase
1980,6,15,17,45,België,Spanje,2,1,EK-Groepsfase
1980,6,14,20,30,Griekenland,Czechoslovakia,1,3,EK-Groepsfase
1980,6,14,17,45,Duitsland,Nederland,3,2,EK-Groepsfase
1980,6,12,20,30,Spanje,Italië,0,0,EK-Groepsfase
1980,6,12,17,45,België,Engeland,1,1,EK-Groepsfase
1980,6,11,20,30,Nederland,Griekenland,1,0,EK-Groepsfase
1980,6,11,17,45,Czechoslovakia,Duitsland,0,1,EK-Groepsfase
1980,3,26,17,0,Schotland,Portugal,4,1,EK-Kwalificatie
1980,2,27,17,0,Duitsland,Malta,8,0,EK-Kwalificatie
1980,2,6,17,0,Engeland,Ierland,2,0,EK-Kwalificatie
1980,12,22,17,0,Duitsland,Turkije,2,0,EK-Kwalificatie
1980,12,19,17,0,Schotland,België,1,3,EK-Kwalificatie
1980,12,9,17,0,Cyprus,Spanje,1,3,EK-Kwalificatie
1980,11,24,17,0,Czechoslovakia,Luxemburg,4,0,EK-Kwalificatie
1980,11,22,17,0,Engeland,Bulgarije,2,0,EK-Kwalificatie
1980,11,21,17,0,België,Schotland,2,0,EK-Kwalificatie
1980,11,21,17,0,German Democratic Republic,Nederland,2,3,EK-Kwalificatie
1980,11,21,17,0,Noord-Ierland,Ierland,1,0,EK-Kwalificatie
1980,11,21,17,0,Portugal,Oostenrijk,1,2,EK-Kwalificatie
1980,11,21,17,0,Turkije,Wales,1,0,EK-Kwalificatie
1980,11,18,17,0,Roemenië,Cyprus,2,0,EK-Kwalificatie
1980,11,17,17,0,Frankrijk,Czechoslovakia,2,1,EK-Kwalificatie
1980,11,14,17,0,Yugoslavia,Cyprus,5,0,EK-Kwalificatie
1980,11,1,17,0,Portugal,Noorwegen,3,1,EK-Kwalificatie
1980,10,31,17,0,Bulgarije,Denemarken,3,0,EK-Kwalificatie
1980,10,31,17,0,Sovjet-Unie,Finland,2,2,EK-Kwalificatie
1980,10,31,17,0,Yugoslavia,Roemenië,2,1,EK-Kwalificatie
1980,10,28,17,0,Malta,Turkije,1,2,EK-Kwalificatie
1980,10,23,17,0,Luxemburg,Zweden,1,1,EK-Kwalificatie
1980,10,17,17,0,België,Portugal,2,0,EK-Kwalificatie
1980,10,17,17,0,Duitsland,Wales,5,1,EK-Kwalificatie
1980,10,17,17,0,Hongarije,Finland,3,1,EK-Kwalificatie
1980,10,17,17,0,Ierland,Bulgarije,3,0,EK-Kwalificatie
1980,10,17,17,0,Nederland,Polen,1,1,EK-Kwalificatie
1980,10,17,17,0,Noord-Ierland,Engeland,1,5,EK-Kwalificatie
1980,10,17,17,0,Schotland,Oostenrijk,1,1,EK-Kwalificatie
1980,10,13,17,0,German Democratic Republic,Zwitserland,5,2,EK-Kwalificatie
1980,10,10,17,0,Czechoslovakia,Zweden,4,1,EK-Kwalificatie
1980,10,10,17,0,Polen,IJsland,2,0,EK-Kwalificatie
1980,10,10,17,0,Spanje,Yugoslavia,0,1,EK-Kwalificatie
1980,9,26,17,0,Polen,German Democratic Republic,1,1,EK-Kwalificatie
1980,9,12,17,0,Engeland,Denemarken,1,0,EK-Kwalificatie
1980,9,12,17,0,Griekenland,Sovjet-Unie,1,0,EK-Kwalificatie
1980,9,12,17,0,IJsland,German Democratic Republic,0,3,EK-Kwalificatie
1980,9,12,17,0,Noorwegen,België,1,2,EK-Kwalificatie
1980,9,12,17,0,Zwitserland,Polen,0,2,EK-Kwalificatie
1980,9,5,17,0,IJsland,Nederland,0,4,EK-Kwalificatie
1980,9,5,17,0,Zweden,Frankrijk,1,3,EK-Kwalificatie
1980,8,29,17,0,Oostenrijk,Noorwegen,4,0,EK-Kwalificatie
1980,7,4,17,0,Finland,Sovjet-Unie,1,1,EK-Kwalificatie
1980,6,9,17,0,IJsland,Zwitserland,1,2,
1980,6,7,17,0,Noorwegen,Schotland,0,4,
1980,6,7,17,0,Zweden,Luxemburg,3,0,
1980,6,6,17,0,Bulgarije,Engeland,0,3,
1980,6,6,17,0,Denemarken,Noord-Ierland,4,0,
1980,6,2,17,0,Malta,Wales,0,2,
1980,5,22,17,0,Zwitserland,IJsland,2,0,EK-Kwalificatie
1980,5,19,17,0,Bulgarije,Ierland,1,0,EK-Kwalificatie
1980,5,19,17,0,Sovjet-Unie,Hongarije,2,2,EK-Kwalificatie
1980,5,13,17,0,Cyprus,Roemenië,1,1,EK-Kwalificatie
1980,5,9,17,0,Noorwegen,Portugal,0,1,EK-Kwalificatie
1980,5,5,17,0,Zwitserland,German Democratic Republic,0,2,EK-Kwalificatie
1980,5,2,17,0,Hongarije,Griekenland,0,0,EK-Kwalificatie
1980,5,2,17,0,Ierland,Denemarken,2,0,EK-Kwalificatie
1980,5,2,17,0,Noord-Ierland,Bulgarije,2,0,EK-Kwalificatie
1980,5,2,17,0,Oostenrijk,België,0,0,EK-Kwalificatie
1980,5,2,17,0,Polen,Nederland,2,0,EK-Kwalificatie
1980,5,2,17,0,Wales,Duitsland,0,2,EK-Kwalificatie
1980,5,1,17,0,Luxemburg,Czechoslovakia,0,3,EK-Kwalificatie
1980,4,18,17,0,German Democratic Republic,Polen,2,1,EK-Kwalificatie
1980,4,4,17,0,Czechoslovakia,Frankrijk,2,0,EK-Kwalificatie
1980,4,4,17,0,Roemenië,Spanje,2,2,EK-Kwalificatie
1980,4,1,17,0,Cyprus,Yugoslavia,0,3,EK-Kwalificatie
1980,4,1,17,0,Turkije,Duitsland,0,0,EK-Kwalificatie
1980,3,28,17,0,België,Oostenrijk,1,1,EK-Kwalificatie
1980,3,28,17,0,Nederland,Zwitserland,3,0,EK-Kwalificatie
1980,3,18,17,0,Turkije,Malta,2,1,EK-Kwalificatie
1980,2,25,17,0,Frankrijk,Luxemburg,3,0,EK-Kwalificatie
1980,2,25,17,0,Malta,Duitsland,0,0,EK-Kwalificatie
1980,2,7,17,0,Engeland,Noord-Ierland,4,0,EK-Kwalificatie
1980,12,13,17,0,Spanje,Cyprus,5,0,EK-Kwalificatie
1980,11,29,17,0,Bulgarije,Noord-Ierland,0,2,EK-Kwalificatie
1980,11,29,17,0,Portugal,Schotland,1,0,EK-Kwalificatie
1980,11,29,17,0,Wales,Turkije,1,0,EK-Kwalificatie
1980,11,15,17,0,Nederland,German Democratic Republic,3,0,EK-Kwalificatie
1980,11,15,17,0,Oostenrijk,Portugal,1,2,EK-Kwalificatie
1980,11,15,17,0,Polen,Zwitserland,2,0,EK-Kwalificatie
1980,11,15,17,0,Spanje,Roemenië,1,0,EK-Kwalificatie
1980,10,29,17,0,Griekenland,Hongarije,4,1,EK-Kwalificatie
1980,10,25,17,0,Ierland,Engeland,1,1,EK-Kwalificatie
1980,10,25,17,0,Noord-Ierland,Denemarken,2,1,EK-Kwalificatie
1980,10,25,17,0,Roemenië,Yugoslavia,3,2,EK-Kwalificatie
1980,10,25,17,0,Schotland,Noorwegen,3,2,EK-Kwalificatie
1980,10,25,17,0,Wales,Malta,7,0,EK-Kwalificatie
1980,10,11,17,0,Denemarken,Bulgarije,2,2,EK-Kwalificatie
1980,10,11,17,0,Griekenland,Finland,8,1,EK-Kwalificatie
1980,10,11,17,0,Hongarije,Sovjet-Unie,2,0,EK-Kwalificatie
1980,10,11,17,0,Portugal,België,1,1,EK-Kwalificatie
1980,10,11,17,0,Zwitserland,Nederland,1,3,EK-Kwalificatie
1984,6,27,20,0,Frankrijk,Spanje,2,0,EK-Play-offs
1984,6,24,20,0,Spanje,Denemarken,2,1,EK-Play-offs
1984,6,23,20,0,Frankrijk,Portugal,3,2,EK-Play-offs
1984,6,20,20,30,Duitsland,Spanje,0,1,EK-Groepsfase
1984,6,20,20,30,Portugal,Roemenië,1,0,EK-Groepsfase
1984,6,19,20,30,Denemarken,België,3,2,EK-Groepsfase
1984,6,19,20,30,Frankrijk,Yugoslavia,3,2,EK-Groepsfase
1984,6,17,20,30,Portugal,Spanje,1,1,EK-Groepsfase
1984,6,17,17,15,Duitsland,Roemenië,2,1,EK-Groepsfase
1984,6,16,20,30,Denemarken,Yugoslavia,5,0,EK-Groepsfase
1984,6,16,17,15,Frankrijk,België,5,0,EK-Groepsfase
1984,6,14,20,30,Roemenië,Spanje,1,1,EK-Groepsfase
1984,6,14,17,15,Duitsland,Portugal,0,0,EK-Groepsfase
1984,6,13,20,30,België,Yugoslavia,2,0,EK-Groepsfase
1984,6,12,20,30,Frankrijk,Denemarken,1,0,EK-Groepsfase
1984,12,22,17,0,Italië,Cyprus,3,1,EK-Kwalificatie
1984,12,21,17,0,Spanje,Malta,12,1,EK-Kwalificatie
1984,12,21,17,0,Yugoslavia,Bulgarije,3,2,EK-Kwalificatie
1984,12,17,17,0,Nederland,Malta,5,0,EK-Kwalificatie
1984,12,14,17,0,Griekenland,Luxemburg,1,0,EK-Kwalificatie
1984,12,14,17,0,Wales,Yugoslavia,1,1,EK-Kwalificatie
1984,12,3,17,0,Griekenland,Hongarije,2,2,EK-Kwalificatie
1984,11,30,17,0,Czechoslovakia,Roemenië,1,1,EK-Kwalificatie
1984,11,20,17,0,Duitsland,Albanië,2,1,EK-Kwalificatie
1984,11,16,17,0,Bulgarije,Wales,1,0,EK-Kwalificatie
1984,11,16,17,0,Czechoslovakia,Italië,2,0,EK-Kwalificatie
1984,11,16,17,0,Duitsland,Noord-Ierland,0,1,EK-Kwalificatie
1984,11,16,17,0,German Democratic Republic,Schotland,2,1,EK-Kwalificatie
1984,11,16,17,0,Griekenland,Denemarken,0,2,EK-Kwalificatie
1984,11,16,17,0,Ierland,Malta,8,0,EK-Kwalificatie
1984,11,16,17,0,Luxemburg,Engeland,0,4,EK-Kwalificatie
1984,11,16,17,0,Nederland,Spanje,2,1,EK-Kwalificatie
1984,11,16,17,0,Turkije,Oostenrijk,3,1,EK-Kwalificatie
1984,11,13,17,0,Portugal,Sovjet-Unie,1,0,EK-Kwalificatie
1984,11,12,17,0,Cyprus,Roemenië,0,1,EK-Kwalificatie
1984,11,9,17,0,Zwitserland,België,3,1,EK-Kwalificatie
1984,10,28,17,0,Polen,Portugal,0,1,EK-Kwalificatie
1984,10,26,17,0,Duitsland,Turkije,5,1,EK-Kwalificatie
1984,10,26,17,0,Hongarije,Denemarken,1,0,EK-Kwalificatie
1984,10,15,17,0,Italië,Zweden,0,3,EK-Kwalificatie
1984,10,12,17,0,Denemarken,Luxemburg,6,0,EK-Kwalificatie
1984,10,12,17,0,German Democratic Republic,Zwitserland,3,0,EK-Kwalificatie
1984,10,12,17,0,Hongarije,Engeland,0,3,EK-Kwalificatie
1984,10,12,17,0,Ierland,Nederland,2,3,EK-Kwalificatie
1984,10,12,17,0,Schotland,België,1,1,EK-Kwalificatie
1984,10,12,17,0,Turkije,Noord-Ierland,1,0,EK-Kwalificatie
1984,10,12,17,0,Yugoslavia,Noorwegen,2,1,EK-Kwalificatie
1984,10,9,17,0,Sovjet-Unie,Polen,2,0,EK-Kwalificatie
1984,10,5,17,0,Duitsland,Oostenrijk,3,0,EK-Kwalificatie
1984,9,21,17,0,Engeland,Denemarken,0,1,EK-Kwalificatie
1984,9,21,17,0,IJsland,Ierland,0,3,EK-Kwalificatie
1984,9,21,17,0,Noord-Ierland,Oostenrijk,3,1,EK-Kwalificatie
1984,9,21,17,0,Noorwegen,Wales,0,0,EK-Kwalificatie
1984,9,21,17,0,Portugal,Finland,5,0,EK-Kwalificatie
1984,9,21,17,0,Zweden,Czechoslovakia,1,0,EK-Kwalificatie
1984,9,7,17,0,Nederland,IJsland,3,0,EK-Kwalificatie
1984,9,7,17,0,Noorwegen,Bulgarije,1,2,EK-Kwalificatie
1984,6,9,17,0,Zweden,Roemenië,0,1,EK-Kwalificatie
1984,6,8,17,0,Albanië,Oostenrijk,1,2,EK-Kwalificatie
1984,6,5,17,0,IJsland,Malta,1,0,EK-Kwalificatie
1984,6,1,17,0,Denemarken,Hongarije,3,1,EK-Kwalificatie
1984,6,1,17,0,Finland,Sovjet-Unie,0,1,EK-Kwalificatie
1984,5,29,17,0,IJsland,Spanje,0,1,EK-Kwalificatie
1984,5,29,17,0,Zweden,Italië,2,0,EK-Kwalificatie
1984,5,22,17,0,Polen,Sovjet-Unie,1,1,EK-Kwalificatie
1984,5,15,17,0,Hongarije,Griekenland,2,3,EK-Kwalificatie
1984,5,15,17,0,Malta,Spanje,2,3,EK-Kwalificatie
1984,5,15,17,0,Roemenië,Czechoslovakia,0,1,EK-Kwalificatie
1984,5,15,17,0,Zweden,Cyprus,5,0,EK-Kwalificatie
1984,5,14,17,0,Zwitserland,German Democratic Republic,0,0,EK-Kwalificatie
1984,5,11,17,0,Albanië,Turkije,1,1,EK-Kwalificatie
1984,4,27,17,0,België,German Democratic Republic,2,1,EK-Kwalificatie
1984,4,27,17,0,Denemarken,Griekenland,1,0,EK-Kwalificatie
1984,4,27,17,0,Engeland,Hongarije,2,0,EK-Kwalificatie
1984,4,27,17,0,Noord-Ierland,Albanië,1,0,EK-Kwalificatie
1984,4,27,17,0,Oostenrijk,Duitsland,0,0,EK-Kwalificatie
1984,4,27,17,0,Sovjet-Unie,Portugal,5,0,EK-Kwalificatie
1984,4,27,17,0,Spanje,Ierland,2,0,EK-Kwalificatie
1984,4,27,17,0,Wales,Bulgarije,1,0,EK-Kwalificatie
1984,4,23,17,0,Turkije,Duitsland,0,3,EK-Kwalificatie
1984,4,17,17,0,Hongarije,Luxemburg,6,2,EK-Kwalificatie
1984,4,17,17,0,Polen,Finland,1,1,EK-Kwalificatie
1984,4,16,17,0,Czechoslovakia,Cyprus,6,0,EK-Kwalificatie
1984,4,16,17,0,Roemenië,Italië,1,0,EK-Kwalificatie
1984,3,30,17,0,Albanië,Duitsland,1,2,EK-Kwalificatie
1984,3,30,17,0,Engeland,Griekenland,0,0,EK-Kwalificatie
1984,3,30,17,0,German Democratic Republic,België,1,2,EK-Kwalificatie
1984,3,30,17,0,Malta,Ierland,0,1,EK-Kwalificatie
1984,3,30,17,0,Noord-Ierland,Turkije,2,1,EK-Kwalificatie
1984,3,30,17,0,Schotland,Zwitserland,2,2,EK-Kwalificatie
1984,3,27,17,0,Cyprus,Czechoslovakia,1,1,EK-Kwalificatie
1984,3,27,17,0,Luxemburg,Hongarije,2,6,EK-Kwalificatie
1984,2,16,17,0,Spanje,Nederland,1,0,EK-Kwalificatie
1984,2,12,17,0,Cyprus,Italië,1,1,EK-Kwalificatie
1984,12,19,17,0,Malta,Nederland,0,6,EK-Kwalificatie
1984,12,15,17,0,Albanië,Noord-Ierland,0,0,EK-Kwalificatie
1984,12,15,17,0,België,Schotland,3,2,EK-Kwalificatie
1984,12,15,17,0,Engeland,Luxemburg,9,0,EK-Kwalificatie
1984,12,15,17,0,Yugoslavia,Wales,4,4,EK-Kwalificatie
1984,12,4,17,0,Italië,Roemenië,0,0,EK-Kwalificatie
1984,11,17,17,0,Bulgarije,Yugoslavia,0,1,EK-Kwalificatie
1984,11,17,17,0,Griekenland,Engeland,0,3,EK-Kwalificatie
1984,11,17,17,0,Ierland,Spanje,3,3,EK-Kwalificatie
1984,11,17,17,0,Noord-Ierland,Duitsland,1,0,EK-Kwalificatie
1984,11,17,17,0,Oostenrijk,Turkije,4,0,EK-Kwalificatie
1984,11,17,17,0,Zwitserland,Schotland,2,0,EK-Kwalificatie
1984,11,13,17,0,Cyprus,Zweden,0,1,EK-Kwalificatie
1984,11,13,17,0,Italië,Czechoslovakia,2,2,EK-Kwalificatie
1988,6,25,15,30,Sovjet-Unie,Nederland,0,2,EK-Play-offs
1988,6,22,20,15,Sovjet-Unie,Italië,2,0,EK-Play-offs
1988,6,21,20,15,Duitsland,Nederland,1,2,EK-Play-offs
1988,6,18,15,30,Engeland,Sovjet-Unie,1,3,EK-Groepsfase
1988,6,18,15,30,Ierland,Nederland,0,1,EK-Groepsfase
1988,6,17,20,15,Duitsland,Spanje,2,0,EK-Groepsfase
1988,6,17,20,15,Italië,Denemarken,2,0,EK-Groepsfase
1988,6,15,20,15,Ierland,Sovjet-Unie,1,1,EK-Groepsfase
1988,6,15,17,15,Engeland,Nederland,1,3,EK-Groepsfase
1988,6,14,20,15,Italië,Spanje,1,0,EK-Groepsfase
1988,6,14,17,15,Duitsland,Denemarken,2,0,EK-Groepsfase
1988,6,12,20,15,Nederland,Sovjet-Unie,0,1,EK-Groepsfase
1988,6,12,15,30,Engeland,Ierland,0,1,EK-Groepsfase
1988,6,11,15,30,Denemarken,Spanje,2,3,EK-Groepsfase
1988,6,10,20,15,Duitsland,Italië,1,1,EK-Groepsfase
1988,12,20,17,0,Malta,Portugal,0,1,EK-Kwalificatie
1988,12,16,17,0,Griekenland,Nederland,0,3,EK-Kwalificatie
1988,12,16,17,0,Turkije,Yugoslavia,2,3,EK-Kwalificatie
1988,12,9,17,0,Nederland,Cyprus,4,0,EK-Kwalificatie
1988,12,5,17,0,Italië,Portugal,3,0,EK-Kwalificatie
1988,12,2,17,0,Hongarije,Cyprus,1,0,EK-Kwalificatie
1988,12,2,17,0,Luxemburg,Schotland,0,0,EK-Kwalificatie
1988,11,18,17,0,Frankrijk,German Democratic Republic,0,1,EK-Kwalificatie
1988,11,18,17,0,Oostenrijk,Roemenië,0,0,EK-Kwalificatie
1988,11,18,17,0,Spanje,Albanië,5,0,EK-Kwalificatie
1988,11,15,17,0,Malta,Zwitserland,1,1,EK-Kwalificatie
1988,11,14,17,0,Italië,Zweden,2,1,EK-Kwalificatie
1988,11,11,17,0,België,Luxemburg,3,0,EK-Kwalificatie
1988,11,11,17,0,Bulgarije,Schotland,0,1,EK-Kwalificatie
1988,11,11,17,0,Cyprus,Polen,0,1,EK-Kwalificatie
1988,11,11,17,0,Czechoslovakia,Wales,2,0,EK-Kwalificatie
1988,11,11,17,0,Noord-Ierland,Turkije,1,0,EK-Kwalificatie
1988,11,11,17,0,Portugal,Zwitserland,0,0,EK-Kwalificatie
1988,11,11,17,0,Yugoslavia,Engeland,1,4,EK-Kwalificatie
1988,10,28,17,0,Albanië,Roemenië,0,1,EK-Kwalificatie
1988,10,28,17,0,German Democratic Republic,Noorwegen,3,1,EK-Kwalificatie
1988,10,28,17,0,Sovjet-Unie,IJsland,2,0,EK-Kwalificatie
1988,10,17,17,0,Zwitserland,Italië,0,0,EK-Kwalificatie
1988,10,14,17,0,Denemarken,Wales,1,0,EK-Kwalificatie
1988,10,14,17,0,Engeland,Turkije,8,0,EK-Kwalificatie
1988,10,14,17,0,Frankrijk,Noorwegen,1,1,EK-Kwalificatie
1988,10,14,17,0,Hongarije,Griekenland,3,0,EK-Kwalificatie
1988,10,14,17,0,Ierland,Bulgarije,2,0,EK-Kwalificatie
1988,10,14,17,0,Polen,Nederland,0,2,EK-Kwalificatie
1988,10,14,17,0,Schotland,België,2,0,EK-Kwalificatie
1988,10,14,17,0,Spanje,Oostenrijk,2,0,EK-Kwalificatie
1988,10,14,17,0,Yugoslavia,Noord-Ierland,3,0,EK-Kwalificatie
1988,10,10,17,0,German Democratic Republic,Sovjet-Unie,1,1,EK-Kwalificatie
1988,9,23,17,0,Bulgarije,België,2,0,EK-Kwalificatie
1988,9,23,17,0,Noorwegen,IJsland,0,1,EK-Kwalificatie
1988,9,23,17,0,Polen,Hongarije,3,2,EK-Kwalificatie
1988,9,23,17,0,Zweden,Portugal,0,1,EK-Kwalificatie
1988,9,9,17,0,Finland,Czechoslovakia,3,0,EK-Kwalificatie
1988,9,9,17,0,Ierland,Luxemburg,2,1,EK-Kwalificatie
1988,9,9,17,0,IJsland,Noorwegen,2,1,EK-Kwalificatie
1988,9,9,17,0,Sovjet-Unie,Frankrijk,1,1,EK-Kwalificatie
1988,9,9,17,0,Wales,Denemarken,1,0,EK-Kwalificatie
1988,6,17,17,0,Zwitserland,Zweden,1,1,EK-Groepsfase
1988,6,16,17,0,Noorwegen,Frankrijk,2,0,EK-Groepsfase
1988,6,3,17,0,Denemarken,Czechoslovakia,1,1,EK-Kwalificatie
1988,6,3,17,0,IJsland,German Democratic Republic,0,6,EK-Kwalificatie
1988,6,3,17,0,Noorwegen,Sovjet-Unie,0,1,EK-Kwalificatie
1988,6,3,17,0,Zweden,Italië,1,0,EK-Kwalificatie
1988,5,28,17,0,Luxemburg,Ierland,0,2,EK-Kwalificatie
1988,5,23,17,0,Zweden,Malta,1,0,EK-Kwalificatie
1988,5,20,17,0,Bulgarije,Luxemburg,3,0,EK-Kwalificatie
1988,5,17,17,0,Hongarije,Polen,5,3,EK-Kwalificatie
1988,4,30,17,0,Luxemburg,Bulgarije,1,4,EK-Kwalificatie
1988,4,29,17,0,Albanië,Oostenrijk,0,1,EK-Kwalificatie
1988,4,29,17,0,Finland,Denemarken,0,1,EK-Kwalificatie
1988,4,29,17,0,Frankrijk,IJsland,2,0,EK-Kwalificatie
1988,4,29,17,0,Griekenland,Polen,1,0,EK-Kwalificatie
1988,4,29,17,0,Ierland,België,0,0,EK-Kwalificatie
1988,4,29,17,0,Nederland,Hongarije,2,0,EK-Kwalificatie
1988,4,29,17,0,Noord-Ierland,Yugoslavia,1,2,EK-Kwalificatie
1988,4,29,17,0,Roemenië,Spanje,3,1,EK-Kwalificatie
1988,4,29,17,0,Sovjet-Unie,German Democratic Republic,2,0,EK-Kwalificatie
1988,4,29,17,0,Turkije,Engeland,0,0,EK-Kwalificatie
1988,4,29,17,0,Wales,Czechoslovakia,1,1,EK-Kwalificatie
1988,4,15,17,0,Zwitserland,Malta,4,1,EK-Kwalificatie
1988,4,12,17,0,Polen,Cyprus,0,0,EK-Kwalificatie
1988,4,1,17,0,België,Schotland,4,1,EK-Kwalificatie
1988,4,1,17,0,Bulgarije,Ierland,2,1,EK-Kwalificatie
1988,4,1,17,0,Noord-Ierland,Engeland,0,2,EK-Kwalificatie
1988,4,1,17,0,Oostenrijk,Spanje,2,3,EK-Kwalificatie
1988,4,1,17,0,Wales,Finland,4,0,EK-Kwalificatie
1988,3,29,17,0,Portugal,Malta,2,2,EK-Kwalificatie
1988,3,25,17,0,Nederland,Griekenland,1,1,EK-Kwalificatie
1988,3,25,17,0,Roemenië,Albanië,5,1,EK-Kwalificatie
1988,2,18,17,0,Schotland,Ierland,0,1,EK-Kwalificatie
1988,2,14,17,0,Portugal,Italië,0,1,EK-Kwalificatie
1988,2,8,17,0,Cyprus,Hongarije,0,1,EK-Kwalificatie
1988,1,24,17,0,Italië,Malta,5,0,EK-Kwalificatie
1988,1,14,17,0,Griekenland,Cyprus,3,1,EK-Kwalificatie
1988,12,21,17,0,Cyprus,Nederland,0,2,EK-Kwalificatie
1988,12,3,17,0,Albanië,Spanje,1,2,EK-Kwalificatie
1988,12,3,17,0,Cyprus,Griekenland,2,4,EK-Kwalificatie
1988,11,19,17,0,België,Bulgarije,1,1,EK-Kwalificatie
1988,11,19,17,0,German Democratic Republic,Frankrijk,0,0,EK-Kwalificatie
1988,11,19,17,0,Nederland,Polen,0,0,EK-Kwalificatie
1988,11,16,17,0,Malta,Italië,0,2,EK-Kwalificatie
1988,11,16,17,0,Malta,Zweden,0,5,EK-Kwalificatie
1988,11,15,17,0,Italië,Zwitserland,3,2,EK-Kwalificatie
1988,11,12,17,0,Czechoslovakia,Denemarken,0,0,EK-Kwalificatie
1988,11,12,17,0,Engeland,Yugoslavia,2,0,EK-Kwalificatie
1988,11,12,17,0,Griekenland,Hongarije,2,1,EK-Kwalificatie
1988,11,12,17,0,Schotland,Luxemburg,3,0,EK-Kwalificatie
1988,11,12,17,0,Spanje,Roemenië,1,0,EK-Kwalificatie
1988,11,12,17,0,Turkije,Noord-Ierland,0,0,EK-Kwalificatie
1992,6,26,20,15,Denemarken,Duitsland,2,0,EK-Play-offs
1992,6,22,20,15,Nederland,Denemarken,2,3,EK-Play-offs
1992,6,21,20,15,Zweden,Duitsland,2,3,EK-Play-offs
1992,6,18,20,15,Nederland,Duitsland,3,1,EK-Groepsfase
1992,6,18,20,15,Schotland,Sovjet-Unie,3,0,EK-Groepsfase
1992,6,17,20,15,Frankrijk,Denemarken,1,2,EK-Groepsfase
1992,6,17,20,15,Zweden,Engeland,2,1,EK-Groepsfase
1992,6,15,20,15,Nederland,Sovjet-Unie,0,0,EK-Groepsfase
1992,6,15,17,15,Schotland,Duitsland,0,2,EK-Groepsfase
1992,6,14,20,15,Zweden,Denemarken,1,0,EK-Groepsfase
1992,6,14,17,15,Frankrijk,Engeland,0,0,EK-Groepsfase
1992,6,12,20,15,Sovjet-Unie,Duitsland,1,1,EK-Groepsfase
1992,6,12,17,15,Nederland,Schotland,1,0,EK-Groepsfase
1992,6,11,20,15,Denemarken,Engeland,0,0,EK-Groepsfase
1992,6,10,20,15,Zweden,Frankrijk,1,1,EK-Groepsfase
1992,12,22,14,30,Malta,Griekenland,1,1,EK-Kwalificatie
1992,12,21,14,30,Italië,Cyprus,2,0,EK-Kwalificatie
1992,12,18,20,15,Duitsland,Luxemburg,4,0,EK-Kwalificatie
1992,12,4,17,0,Griekenland,Nederland,0,2,EK-Kwalificatie
1992,11,20,22,30,Portugal,Griekenland,1,0,EK-Kwalificatie
1992,11,20,20,45,Frankrijk,IJsland,3,1,EK-Kwalificatie
1992,11,20,20,0,België,Duitsland,0,1,EK-Kwalificatie
1992,11,20,17,0,Bulgarije,Roemenië,1,1,EK-Kwalificatie
1992,11,13,20,30,Spanje,Czechoslovakia,2,1,EK-Kwalificatie
1992,11,13,20,30,Wales,Luxemburg,1,0,EK-Kwalificatie
1992,11,13,20,0,Schotland,San Marino,4,0,EK-Kwalificatie
1992,11,13,19,30,Denemarken,Noord-Ierland,2,1,EK-Kwalificatie
1992,11,13,19,30,Oostenrijk,Yugoslavia,0,2,EK-Kwalificatie
1992,11,13,19,15,Italië,Noorwegen,1,1,EK-Kwalificatie
1992,11,13,18,30,Polen,Engeland,1,1,EK-Kwalificatie
1992,11,13,18,30,Turkije,Ierland,1,3,EK-Kwalificatie
1992,11,13,17,0,Roemenië,Zwitserland,1,0,EK-Kwalificatie
1992,11,13,14,0,Cyprus,Sovjet-Unie,0,3,EK-Kwalificatie
1992,10,30,20,0,Hongarije,Noorwegen,0,0,EK-Kwalificatie
1992,10,30,17,0,Griekenland,Finland,2,0,EK-Kwalificatie
1992,10,16,21,0,Engeland,Turkije,1,0,EK-Kwalificatie
1992,10,16,20,30,Noord-Ierland,Oostenrijk,2,1,EK-Kwalificatie
1992,10,16,20,15,Duitsland,Wales,4,1,EK-Kwalificatie
1992,10,16,20,0,Faeröer Eilanden,Yugoslavia,0,2,EK-Kwalificatie
1992,10,16,20,0,Nederland,Portugal,1,0,EK-Kwalificatie
1992,10,16,17,0,Bulgarije,San Marino,4,0,EK-Kwalificatie
1992,10,16,17,0,Polen,Ierland,3,3,EK-Kwalificatie
1992,10,16,17,0,Roemenië,Schotland,1,0,EK-Kwalificatie
1992,10,16,15,0,Czechoslovakia,Albanië,2,1,EK-Kwalificatie
1992,10,12,20,30,Spanje,Frankrijk,1,2,EK-Kwalificatie
1992,10,12,17,0,Sovjet-Unie,Italië,0,0,EK-Kwalificatie
1992,10,9,19,30,Oostenrijk,Denemarken,0,3,EK-Kwalificatie
1992,10,9,18,0,Finland,Griekenland,1,1,EK-Kwalificatie
1992,9,25,20,0,Faeröer Eilanden,Denemarken,0,4,EK-Kwalificatie
1992,9,25,18,15,IJsland,Spanje,2,0,EK-Kwalificatie
1992,9,25,17,0,Sovjet-Unie,Hongarije,2,2,EK-Kwalificatie
1992,9,11,22,30,Portugal,Finland,1,0,EK-Kwalificatie
1992,9,11,20,15,Zwitserland,Schotland,2,2,EK-Kwalificatie
1992,9,11,20,0,Faeröer Eilanden,Noord-Ierland,0,5,EK-Kwalificatie
1992,9,4,18,30,Czechoslovakia,Frankrijk,1,2,EK-Kwalificatie
1992,8,28,19,0,Noorwegen,Sovjet-Unie,0,1,EK-Kwalificatie
1992,6,11,20,0,Luxemburg,België,0,2,EK-Groepsfase
1992,6,5,21,0,IJsland,Czechoslovakia,0,1,EK-Kwalificatie
1992,6,5,20,30,Zwitserland,San Marino,7,0,EK-Kwalificatie
1992,6,5,20,15,Wales,Duitsland,1,0,EK-Kwalificatie
1992,6,5,19,0,Noorwegen,Italië,2,1,EK-Kwalificatie
1992,6,5,18,0,Finland,Nederland,1,1,EK-Kwalificatie
1992,6,5,16,0,Denemarken,Oostenrijk,2,1,EK-Kwalificatie
1992,5,29,17,0,Sovjet-Unie,Cyprus,4,0,EK-Kwalificatie
1992,5,26,17,0,Albanië,IJsland,1,0,EK-Kwalificatie
1992,5,22,20,0,San Marino,Bulgarije,0,3,EK-Kwalificatie
1992,5,22,19,0,Oostenrijk,Faeröer Eilanden,3,0,EK-Kwalificatie
1992,5,16,20,0,Yugoslavia,Faeröer Eilanden,7,0,EK-Kwalificatie
1992,5,16,18,0,Finland,Malta,2,0,EK-Kwalificatie
1992,5,1,21,0,Noord-Ierland,Faeröer Eilanden,1,1,EK-Kwalificatie
1992,5,1,20,15,Italië,Hongarije,3,1,EK-Kwalificatie
1992,5,1,20,0,San Marino,Schotland,0,2,EK-Kwalificatie
1992,5,1,20,0,Yugoslavia,Denemarken,1,2,EK-Kwalificatie
1992,5,1,19,0,Noorwegen,Cyprus,3,0,EK-Kwalificatie
1992,5,1,18,15,Duitsland,België,1,0,EK-Kwalificatie
1992,5,1,17,0,Bulgarije,Zwitserland,2,3,EK-Kwalificatie
1992,5,1,17,0,Turkije,Engeland,0,1,EK-Kwalificatie
1992,5,1,16,30,Albanië,Czechoslovakia,0,2,EK-Kwalificatie
1992,5,1,15,0,Ierland,Polen,0,0,EK-Kwalificatie
1992,4,17,20,0,Nederland,Finland,2,0,EK-Kwalificatie
1992,4,17,20,0,Polen,Turkije,3,0,EK-Kwalificatie
1992,4,17,19,0,Hongarije,Sovjet-Unie,0,1,EK-Kwalificatie
1992,4,3,20,15,Zwitserland,Roemenië,0,0,EK-Kwalificatie
1992,4,3,14,0,Cyprus,Hongarije,0,2,EK-Kwalificatie
1992,3,30,20,45,Frankrijk,Albanië,5,0,EK-Kwalificatie
1992,3,27,21,0,Engeland,Ierland,1,1,EK-Kwalificatie
1992,3,27,21,0,Schotland,Bulgarije,1,1,EK-Kwalificatie
1992,3,27,20,15,San Marino,Roemenië,1,3,EK-Kwalificatie
1992,3,27,20,0,België,Wales,1,1,EK-Kwalificatie
1992,3,27,17,15,Yugoslavia,Noord-Ierland,4,1,EK-Kwalificatie
1992,3,13,20,0,Nederland,Malta,1,0,EK-Kwalificatie
1992,2,27,20,0,België,Luxemburg,3,0,EK-Kwalificatie
1992,2,20,22,30,Portugal,Malta,5,0,EK-Kwalificatie
1992,2,20,20,45,Frankrijk,Spanje,3,1,EK-Kwalificatie
1992,2,9,15,15,Malta,Portugal,0,1,EK-Kwalificatie
1992,1,23,17,30,Griekenland,Portugal,3,2,EK-Kwalificatie
1992,12,22,14,0,Cyprus,Italië,0,4,EK-Kwalificatie
1992,12,19,20,30,Spanje,Albanië,9,0,EK-Kwalificatie
1992,12,19,14,30,Malta,Nederland,0,8,EK-Kwalificatie
1992,12,5,17,0,Roemenië,San Marino,6,0,EK-Kwalificatie
1992,11,25,14,30,Malta,Finland,1,1,EK-Kwalificatie
1992,11,21,18,0,Nederland,Griekenland,2,0,EK-Kwalificatie
1992,11,17,14,0,Albanië,Frankrijk,0,1,EK-Kwalificatie
1996,6,30,20,0,Duitsland,Tsjechië,2,1,EK-Play-offs
1996,6,26,20,30,Duitsland,Engeland,2,1,EK-Play-offs
1996,6,26,17,0,Frankrijk,Tsjechië,0,1,EK-Play-offs
1996,6,23,19,30,Tsjechië,Portugal,1,0,EK-Play-offs
1996,6,23,16,0,Duitsland,Kroatië,2,1,EK-Play-offs
1996,6,22,19,30,Frankrijk,Nederland,1,0,EK-Play-offs
1996,6,22,16,0,Spanje,Engeland,0,1,EK-Play-offs
1996,6,19,20,30,Italië,Duitsland,0,0,EK-Groepsfase
1996,6,19,20,30,Rusland,Tsjechië,3,3,EK-Groepsfase
1996,6,19,17,30,Kroatië,Portugal,0,3,EK-Groepsfase
1996,6,19,17,30,Turkije,Denemarken,0,3,EK-Groepsfase
1996,6,18,20,30,Nederland,Engeland,1,4,EK-Groepsfase
1996,6,18,20,30,Schotland,Zwitserland,1,0,EK-Groepsfase
1996,6,18,17,30,Frankrijk,Bulgarije,3,1,EK-Groepsfase
1996,6,18,17,30,Roemenië,Spanje,1,2,EK-Groepsfase
1996,6,16,19,0,Kroatië,Denemarken,3,0,EK-Groepsfase
1996,6,16,16,0,Rusland,Duitsland,0,3,EK-Groepsfase
1996,6,15,19,0,Frankrijk,Spanje,1,1,EK-Groepsfase
1996,6,15,16,0,Schotland,Engeland,0,2,EK-Groepsfase
1996,6,14,20,30,Tsjechië,Italië,2,1,EK-Groepsfase
1996,6,14,17,30,Portugal,Turkije,1,0,EK-Groepsfase
1996,6,13,20,30,Zwitserland,Nederland,0,2,EK-Groepsfase
1996,6,13,17,30,Bulgarije,Roemenië,1,0,EK-Groepsfase
1996,6,11,20,30,Turkije,Kroatië,0,1,EK-Groepsfase
1996,6,11,17,30,Italië,Rusland,2,1,EK-Groepsfase
1996,6,10,20,30,Roemenië,Frankrijk,0,1,EK-Groepsfase
1996,6,10,17,30,Nederland,Schotland,0,0,EK-Groepsfase
1996,6,9,20,30,Denemarken,Portugal,1,1,EK-Groepsfase
1996,6,9,18,0,Duitsland,Tsjechië,2,0,EK-Groepsfase
1996,6,9,15,30,Spanje,Bulgarije,1,1,EK-Groepsfase
1996,6,8,16,0,Engeland,Zwitserland,1,1,EK-Groepsfase
1996,12,13,0,0,Nederland,Ierland,2,0,EK-Kwalificatie
1996,11,15,0,0,Albanië,Wales,1,1,EK-Kwalificatie
1996,11,15,0,0,Azerbeidzjan,Polen,0,0,EK-Kwalificatie
1996,11,15,0,0,Cyprus,België,1,1,EK-Kwalificatie
1996,11,15,0,0,Denemarken,Armenië,3,1,EK-Kwalificatie
1996,11,15,0,0,Duitsland,Bulgarije,3,1,EK-Kwalificatie
1996,11,15,0,0,Frankrijk,Israël,2,0,EK-Kwalificatie
1996,11,15,0,0,Griekenland,Faeröer Eilanden,5,0,EK-Kwalificatie
1996,11,15,0,0,Italië,Litouwen,4,0,EK-Kwalificatie
1996,11,15,0,0,Moldavië,Georgië,3,2,EK-Kwalificatie
1996,11,15,0,0,Nederland,Noorwegen,3,0,EK-Kwalificatie
1996,11,15,0,0,Noord-Ierland,Oostenrijk,5,3,EK-Kwalificatie
1996,11,15,0,0,Portugal,Ierland,3,0,EK-Kwalificatie
1996,11,15,0,0,Rusland,Finland,3,1,EK-Kwalificatie
1996,11,15,0,0,Schotland,San Marino,5,0,EK-Kwalificatie
1996,11,15,0,0,Slovenië,Kroatië,1,2,EK-Kwalificatie
1996,11,15,0,0,Slowakije,Roemenië,0,2,EK-Kwalificatie
1996,11,15,0,0,Spanje,Noord-Macedonië,3,0,EK-Kwalificatie
1996,11,15,0,0,Tsjechië,Luxemburg,3,0,EK-Kwalificatie
1996,11,15,0,0,Zweden,Turkije,2,2,EK-Kwalificatie
1996,11,12,0,0,Malta,Belarus,0,2,EK-Kwalificatie
1996,11,11,0,0,Hongarije,IJsland,1,0,EK-Kwalificatie
1996,11,11,0,0,Italië,Oekraïne,3,1,EK-Kwalificatie
1996,10,11,0,0,Cyprus,Noord-Macedonië,1,1,EK-Kwalificatie
1996,10,11,0,0,Denemarken,Spanje,1,1,EK-Kwalificatie
1996,10,11,0,0,Georgië,Bulgarije,2,1,EK-Kwalificatie
1996,10,11,0,0,Ierland,Letland,2,1,EK-Kwalificatie
1996,10,11,0,0,IJsland,Turkije,0,0,EK-Kwalificatie
1996,10,11,0,0,Israël,Azerbeidzjan,2,0,EK-Kwalificatie
1996,10,11,0,0,Liechtenstein,Noord-Ierland,0,4,EK-Kwalificatie
1996,10,11,0,0,Litouwen,Estland,5,0,EK-Kwalificatie
1996,10,11,0,0,Luxemburg,Belarus,0,0,EK-Kwalificatie
1996,10,11,0,0,Malta,Nederland,0,4,EK-Kwalificatie
1996,10,11,0,0,Oostenrijk,Portugal,1,1,EK-Kwalificatie
1996,10,11,0,0,Roemenië,Frankrijk,1,3,EK-Kwalificatie
1996,10,11,0,0,Rusland,Griekenland,2,1,EK-Kwalificatie
1996,10,11,0,0,San Marino,Faeröer Eilanden,1,3,EK-Kwalificatie
1996,10,11,0,0,Slovenië,Oekraïne,3,2,EK-Kwalificatie
1996,10,11,0,0,Slowakije,Polen,4,1,EK-Kwalificatie
1996,10,11,0,0,Wales,Duitsland,1,2,EK-Kwalificatie
1996,10,11,0,0,Zwitserland,Hongarije,3,0,EK-Kwalificatie
1996,10,8,0,0,Duitsland,Moldavië,6,1,EK-Kwalificatie
1996,10,8,0,0,Kroatië,Italië,1,1,EK-Kwalificatie
1996,10,7,0,0,Armenië,België,0,2,EK-Kwalificatie
1996,10,7,0,0,Belarus,Tsjechië,0,2,EK-Kwalificatie
1996,10,7,0,0,Bulgarije,Albanië,3,0,EK-Kwalificatie
1996,9,6,0,0,Albanië,Bulgarije,1,1,EK-Kwalificatie
1996,9,6,0,0,België,Denemarken,1,3,EK-Kwalificatie
1996,9,6,0,0,Duitsland,Georgië,4,1,EK-Kwalificatie
1996,9,6,0,0,Faeröer Eilanden,Rusland,2,5,EK-Kwalificatie
1996,9,6,0,0,Frankrijk,Azerbeidzjan,10,0,EK-Kwalificatie
1996,9,6,0,0,Italië,Slovenië,1,0,EK-Kwalificatie
1996,9,6,0,0,Letland,Liechtenstein,1,0,EK-Kwalificatie
1996,9,6,0,0,Litouwen,Oekraïne,1,3,EK-Kwalificatie
1996,9,6,0,0,Luxemburg,Malta,1,0,EK-Kwalificatie
1996,9,6,0,0,Nederland,Belarus,1,0,EK-Kwalificatie
1996,9,6,0,0,Noord-Macedonië,Armenië,1,2,EK-Kwalificatie
1996,9,6,0,0,Oostenrijk,Ierland,3,1,EK-Kwalificatie
1996,9,6,0,0,Polen,Roemenië,0,0,EK-Kwalificatie
1996,9,6,0,0,San Marino,Griekenland,0,4,EK-Kwalificatie
1996,9,6,0,0,Schotland,Finland,1,0,EK-Kwalificatie
1996,9,6,0,0,Slowakije,Israël,1,0,EK-Kwalificatie
1996,9,6,0,0,Spanje,Cyprus,6,0,EK-Kwalificatie
1996,9,6,0,0,Tsjechië,Noorwegen,2,0,EK-Kwalificatie
1996,9,6,0,0,Turkije,Hongarije,2,0,EK-Kwalificatie
1996,9,6,0,0,Wales,Moldavië,1,0,EK-Kwalificatie
1996,9,6,0,0,Zweden,Zwitserland,0,0,EK-Kwalificatie
1996,9,3,0,0,Kroatië,Estland,7,1,EK-Kwalificatie
1996,9,3,0,0,Portugal,Noord-Ierland,1,1,EK-Kwalificatie
1996,8,16,0,0,Armenië,Denemarken,0,2,EK-Kwalificatie
1996,8,16,0,0,Azerbeidzjan,Slowakije,0,1,EK-Kwalificatie
1996,8,16,0,0,Estland,Litouwen,0,1,EK-Kwalificatie
1996,8,16,0,0,Finland,Rusland,0,6,EK-Kwalificatie
1996,8,16,0,0,Frankrijk,Polen,1,1,EK-Kwalificatie
1996,8,16,0,0,IJsland,Zwitserland,0,2,EK-Kwalificatie
1996,8,16,0,0,Letland,Oostenrijk,3,2,EK-Kwalificatie
1996,8,16,0,0,Noorwegen,Tsjechië,1,1,EK-Kwalificatie
1996,8,16,0,0,Schotland,Griekenland,1,0,EK-Kwalificatie
1996,8,15,0,0,Liechtenstein,Portugal,0,7,EK-Kwalificatie
1996,6,11,0,0,Estland,Slovenië,1,3,EK-Groepsfase
1996,6,11,0,0,Finland,Griekenland,2,1,EK-Groepsfase
1996,6,11,0,0,Ierland,Oostenrijk,1,3,EK-Groepsfase
1996,6,11,0,0,IJsland,Hongarije,2,1,EK-Groepsfase
1996,6,11,0,0,Oekraïne,Kroatië,1,0,EK-Groepsfase
2000,7,2,20,0,Frankrijk,Italië,2,1,EK-Play-offs
2000,6,29,18,0,Italië,Nederland,1,0,EK-Play-offs
2000,6,28,20,45,Frankrijk,Portugal,2,1,EK-Play-offs
2000,6,25,20,45,Spanje,Frankrijk,1,2,EK-Play-offs
2000,6,25,18,0,Nederland,Yugoslavia,6,1,EK-Play-offs
2000,6,24,20,45,Italië,Roemenië,2,0,EK-Play-offs
2000,6,24,18,0,Turkije,Portugal,0,2,EK-Play-offs
2000,6,21,20,45,Denemarken,Tsjechië,0,2,EK-Play-offs
2000,6,21,20,45,Frankrijk,Nederland,2,3,EK-Play-offs
2000,6,21,18,0,Slovenië,Noorwegen,0,0,EK-Play-offs
2000,6,21,18,0,Yugoslavia,Spanje,3,4,EK-Play-offs
2000,6,20,20,45,Engeland,Roemenië,2,3,EK-Groepsfase
2000,6,20,20,45,Portugal,Duitsland,3,0,EK-Groepsfase
2000,6,19,20,45,Italië,Zweden,2,1,EK-Groepsfase
2000,6,19,20,45,Turkije,België,2,0,EK-Groepsfase
2000,6,18,20,45,Noorwegen,Yugoslavia,0,1,EK-Groepsfase
2000,6,18,18,0,Slovenië,Spanje,1,2,EK-Groepsfase
2000,6,17,20,45,Engeland,Duitsland,1,0,EK-Groepsfase
2000,6,17,18,0,Roemenië,Portugal,0,1,EK-Groepsfase
2000,6,16,20,45,Denemarken,Nederland,0,3,EK-Groepsfase
2000,6,16,18,0,Tsjechië,Frankrijk,1,2,EK-Groepsfase
2000,6,15,20,45,Zweden,Turkije,0,0,EK-Groepsfase
2000,6,14,20,45,Italië,België,2,0,EK-Groepsfase
2000,6,13,20,45,Yugoslavia,Slovenië,3,3,EK-Groepsfase
2000,6,13,18,0,Spanje,Noorwegen,0,1,EK-Groepsfase
2000,6,12,20,45,Portugal,Engeland,3,2,EK-Groepsfase
2000,6,12,18,0,Duitsland,Roemenië,1,1,EK-Groepsfase
2000,6,11,20,45,Nederland,Tsjechië,1,0,EK-Groepsfase
2000,6,11,18,0,Frankrijk,Denemarken,3,0,EK-Groepsfase
2000,6,11,14,30,Turkije,Italië,1,2,EK-Groepsfase
2000,6,10,20,45,België,Zweden,2,1,EK-Groepsfase
2000,11,17,0,0,Denemarken,Israël,3,0,EK-Kwalificatie
2000,11,17,0,0,Engeland,Schotland,0,1,EK-Kwalificatie
2000,11,17,0,0,Oekraïne,Slovenië,1,1,EK-Kwalificatie
2000,11,17,0,0,Turkije,Ierland,0,0,EK-Kwalificatie
2000,11,13,0,0,Ierland,Turkije,1,1,EK-Kwalificatie
2000,11,13,0,0,Israël,Denemarken,0,5,EK-Kwalificatie
2000,11,13,0,0,Schotland,Engeland,0,2,EK-Kwalificatie
2000,11,13,0,0,Slovenië,Oekraïne,2,1,EK-Kwalificatie
2000,10,10,12,0,Bulgarije,Luxemburg,3,0,EK-Kwalificatie
2000,10,10,12,0,Oostenrijk,Cyprus,3,1,EK-Kwalificatie
2000,10,10,12,0,Spanje,Israël,3,0,EK-Kwalificatie
2000,10,9,0,0,Albanië,Georgië,2,1,EK-Kwalificatie
2000,10,9,0,0,Andorra,Armenië,0,3,EK-Kwalificatie
2000,10,9,0,0,Azerbeidzjan,Slowakije,0,1,EK-Kwalificatie
2000,10,9,0,0,Belarus,Italië,0,0,EK-Kwalificatie
2000,10,9,0,0,Duitsland,Turkije,0,0,EK-Kwalificatie
2000,10,9,0,0,Estland,Bosnië en Herzegovina,1,4,EK-Kwalificatie
2000,10,9,0,0,Finland,Noord-Ierland,4,1,EK-Kwalificatie
2000,10,9,0,0,Frankrijk,IJsland,3,2,EK-Kwalificatie
2000,10,9,0,0,Kroatië,Yugoslavia,2,2,EK-Kwalificatie
2000,10,9,0,0,Letland,Noorwegen,1,2,EK-Kwalificatie
2000,10,9,0,0,Liechtenstein,Roemenië,0,3,EK-Kwalificatie
2000,10,9,0,0,Noord-Macedonië,Ierland,1,1,EK-Kwalificatie
2000,10,9,0,0,Portugal,Hongarije,3,0,EK-Kwalificatie
2000,10,9,0,0,Rusland,Oekraïne,1,1,EK-Kwalificatie
2000,10,9,0,0,Schotland,Litouwen,3,0,EK-Kwalificatie
2000,10,9,0,0,Slovenië,Griekenland,0,3,EK-Kwalificatie
2000,10,9,0,0,Tsjechië,Faeröer Eilanden,2,0,EK-Kwalificatie
2000,10,9,0,0,Wales,Zwitserland,0,2,EK-Kwalificatie
2000,10,9,0,0,Zweden,Polen,2,0,EK-Kwalificatie
2000,10,6,0,0,Griekenland,Albanië,2,0,EK-Kwalificatie
2000,10,5,0,0,Schotland,Bosnië en Herzegovina,1,0,EK-Kwalificatie
2000,9,8,0,0,Andorra,Rusland,1,2,EK-Kwalificatie
2000,9,8,0,0,Armenië,Frankrijk,2,3,EK-Kwalificatie
2000,9,8,0,0,Duitsland,Noord-Ierland,4,0,EK-Kwalificatie
2000,9,8,0,0,Estland,Schotland,0,0,EK-Kwalificatie
2000,9,8,0,0,Faeröer Eilanden,Litouwen,0,1,EK-Kwalificatie
2000,9,8,0,0,Georgië,Letland,2,2,EK-Kwalificatie
2000,9,8,0,0,Hongarije,Azerbeidzjan,3,0,EK-Kwalificatie
2000,9,8,0,0,IJsland,Oekraïne,0,1,EK-Kwalificatie
2000,9,8,0,0,Israël,San Marino,8,0,EK-Kwalificatie
2000,9,8,0,0,Italië,Denemarken,2,3,EK-Kwalificatie
2000,9,8,0,0,Luxemburg,Zweden,0,1,EK-Kwalificatie
2000,9,8,0,0,Malta,Ierland,2,3,EK-Kwalificatie
2000,9,8,0,0,Moldavië,Turkije,1,1,EK-Kwalificatie
2000,9,8,0,0,Noord-Macedonië,Yugoslavia,2,4,EK-Kwalificatie
2000,9,8,0,0,Noorwegen,Slovenië,4,0,EK-Kwalificatie
2000,9,8,0,0,Polen,Engeland,0,0,EK-Kwalificatie
2000,9,8,0,0,Roemenië,Portugal,1,1,EK-Kwalificatie
2000,9,8,0,0,Slowakije,Liechtenstein,2,0,EK-Kwalificatie
2000,9,8,0,0,Spanje,Cyprus,8,0,EK-Kwalificatie
2000,9,8,0,0,Tsjechië,Bosnië en Herzegovina,3,0,EK-Kwalificatie
2000,9,8,0,0,Zwitserland,Belarus,2,0,EK-Kwalificatie
2000,9,5,0,0,Cyprus,Israël,3,2,EK-Kwalificatie
2000,9,5,0,0,Yugoslavia,Noord-Macedonië,3,1,EK-Kwalificatie
2000,9,4,0,0,Albanië,Letland,3,3,EK-Kwalificatie
2000,9,4,0,0,Azerbeidzjan,Portugal,1,1,EK-Kwalificatie
2000,9,4,0,0,Belarus,Wales,1,2,EK-Kwalificatie
2000,9,4,0,0,Bosnië en Herzegovina,Schotland,1,2,EK-Kwalificatie
2000,9,4,0,0,Denemarken,Zwitserland,2,1,EK-Kwalificatie
2000,9,4,0,0,Engeland,Luxemburg,6,0,EK-Kwalificatie
2000,9,4,0,0,Faeröer Eilanden,Estland,0,2,EK-Kwalificatie
2000,9,4,0,0,Finland,Duitsland,1,2,EK-Kwalificatie
2000,9,4,0,0,IJsland,Andorra,3,0,EK-Kwalificatie
2000,9,4,0,0,Kroatië,Ierland,1,0,EK-Kwalificatie
2000,9,4,0,0,Liechtenstein,Hongarije,0,0,EK-Kwalificatie
2000,9,4,0,0,Litouwen,Tsjechië,0,4,EK-Kwalificatie
2000,9,4,0,0,Noord-Ierland,Turkije,0,3,EK-Kwalificatie
2000,9,4,0,0,Noorwegen,Griekenland,1,0,EK-Kwalificatie
2000,9,4,0,0,Oekraïne,Frankrijk,0,0,EK-Kwalificatie
2000,9,4,0,0,Oostenrijk,Spanje,1,3,EK-Kwalificatie
2000,9,4,0,0,Rusland,Armenië,2,0,EK-Kwalificatie
2000,9,4,0,0,Slovenië,Georgië,2,1,EK-Kwalificatie
2000,9,4,0,0,Slowakije,Roemenië,1,5,EK-Kwalificatie
2000,9,4,0,0,Zweden,Bulgarije,1,0,EK-Kwalificatie
2000,9,1,0,0,Ierland,Yugoslavia,2,1,EK-Kwalificatie
2000,8,21,0,0,Kroatië,Malta,2,1,EK-Kwalificatie
2004,7,4,20,45,Portugal,Griekenland,0,1,EK-Play-offs
2004,7,1,20,45,Griekenland,Tsjechië,1,0,EK-Play-offs
2004,6,30,20,45,Portugal,Nederland,2,1,EK-Play-offs
2004,6,27,20,45,Tsjechië,Denemarken,3,0,EK-Play-offs
2004,6,26,20,45,Zweden,Nederland,0,1,EK-Play-offs
2004,6,25,20,45,Frankrijk,Griekenland,0,1,EK-Play-offs
2004,6,24,20,45,Portugal,Engeland,3,2,EK-Play-offs
2004,6,23,20,45,Duitsland,Tsjechië,1,2,EK-Groepsfase
2004,6,23,20,45,Nederland,Letland,3,0,EK-Groepsfase
2004,6,22,20,45,Denemarken,Zweden,2,2,EK-Groepsfase
2004,6,22,20,45,Italië,Bulgarije,2,1,EK-Groepsfase
2004,6,21,20,45,Kroatië,Engeland,2,4,EK-Groepsfase
2004,6,21,20,45,Zwitserland,Frankrijk,1,3,EK-Groepsfase
2004,6,20,20,45,Rusland,Griekenland,2,1,EK-Groepsfase
2004,6,20,20,45,Spanje,Portugal,0,1,EK-Groepsfase
2004,6,19,20,45,Nederland,Tsjechië,2,3,EK-Groepsfase
2004,6,19,18,0,Letland,Duitsland,0,0,EK-Groepsfase
2004,6,18,20,45,Italië,Zweden,1,1,EK-Groepsfase
2004,6,18,18,0,Bulgarije,Denemarken,0,2,EK-Groepsfase
2004,6,17,20,45,Kroatië,Frankrijk,2,2,EK-Groepsfase
2004,6,17,18,0,Engeland,Zwitserland,3,0,EK-Groepsfase
2004,6,16,20,45,Rusland,Portugal,0,2,EK-Groepsfase
2004,6,16,18,0,Griekenland,Spanje,1,1,EK-Groepsfase
2004,6,15,20,45,Duitsland,Nederland,1,1,EK-Groepsfase
2004,6,15,18,0,Tsjechië,Letland,2,1,EK-Groepsfase
2004,6,14,20,45,Zweden,Bulgarije,5,0,EK-Groepsfase
2004,6,14,18,0,Denemarken,Italië,0,0,EK-Groepsfase
2004,6,13,20,45,Frankrijk,Engeland,2,1,EK-Groepsfase
2004,6,13,18,0,Zwitserland,Kroatië,0,0,EK-Groepsfase
2004,6,12,20,45,Spanje,Rusland,1,0,EK-Groepsfase
2004,6,12,18,0,Portugal,Griekenland,1,2,EK-Groepsfase
2004,11,19,20,30,Nederland,Schotland,6,0,EK-Kwalificatie
2004,11,19,20,30,Wales,Rusland,0,1,EK-Kwalificatie
2004,11,19,19,30,Noorwegen,Spanje,0,3,EK-Kwalificatie
2004,11,19,19,30,Turkije,Letland,2,2,EK-Kwalificatie
2004,11,19,17,30,Slovenië,Kroatië,0,1,EK-Kwalificatie
2004,11,15,22,0,Spanje,Noorwegen,2,1,EK-Kwalificatie
2004,11,15,19,15,Letland,Turkije,1,0,EK-Kwalificatie
2004,11,15,17,30,Kroatië,Slovenië,1,1,EK-Kwalificatie
2004,11,15,17,0,Rusland,Wales,0,0,EK-Kwalificatie
2004,11,15,16,0,Schotland,Nederland,1,0,EK-Kwalificatie
2004,10,11,20,45,Frankrijk,Israël,3,0,EK-Kwalificatie
2004,10,11,20,45,Italië,Azerbeidzjan,4,0,EK-Kwalificatie
2004,10,11,20,45,Wales,Serbia and Montenegro,2,3,EK-Kwalificatie
2004,10,11,20,30,Nederland,Moldavië,5,0,EK-Kwalificatie
2004,10,11,20,15,België,Estland,2,0,EK-Kwalificatie
2004,10,11,20,15,Kroatië,Bulgarije,1,0,EK-Kwalificatie
2004,10,11,20,0,Liechtenstein,Slowakije,0,2,EK-Kwalificatie
2004,10,11,19,0,Turkije,Engeland,0,0,EK-Kwalificatie
2004,10,11,18,30,Cyprus,Slovenië,2,2,EK-Kwalificatie
2004,10,11,18,0,Armenië,Spanje,0,4,EK-Kwalificatie
2004,10,11,18,0,Bosnië en Herzegovina,Denemarken,1,1,EK-Kwalificatie
2004,10,11,18,0,Griekenland,Noord-Ierland,1,0,EK-Kwalificatie
2004,10,11,18,0,Noorwegen,Luxemburg,1,0,EK-Kwalificatie
2004,10,11,17,30,Rusland,Georgië,3,1,EK-Kwalificatie
2004,10,11,17,30,Zwitserland,Ierland,2,0,EK-Kwalificatie
2004,10,11,17,0,Duitsland,IJsland,3,0,EK-Kwalificatie
2004,10,11,17,0,Hongarije,Polen,1,2,EK-Kwalificatie
2004,10,11,17,0,Oostenrijk,Tsjechië,2,3,EK-Kwalificatie
2004,10,11,17,0,Schotland,Litouwen,1,0,EK-Kwalificatie
2004,10,11,17,0,Zweden,Letland,0,1,EK-Kwalificatie
2004,9,10,21,45,Spanje,Oekraïne,2,1,EK-Kwalificatie
2004,9,10,21,0,Engeland,Liechtenstein,2,0,EK-Kwalificatie
2004,9,10,21,0,Noord-Ierland,Armenië,0,1,EK-Kwalificatie
2004,9,10,20,45,Duitsland,Schotland,2,1,EK-Kwalificatie
2004,9,10,20,45,Serbia and Montenegro,Italië,1,1,EK-Kwalificatie
2004,9,10,20,45,Slovenië,Frankrijk,0,2,EK-Kwalificatie
2004,9,10,20,45,Wales,Finland,1,1,EK-Kwalificatie
2004,9,10,20,15,België,Kroatië,2,1,EK-Kwalificatie
2004,9,10,20,15,Polen,Zweden,0,2,EK-Kwalificatie
2004,9,10,20,15,Slowakije,Noord-Macedonië,1,1,EK-Kwalificatie
2004,9,10,20,15,Tsjechië,Nederland,3,1,EK-Kwalificatie
2004,9,10,20,0,Albanië,Georgië,3,1,EK-Kwalificatie
2004,9,10,20,0,Letland,Hongarije,3,1,EK-Kwalificatie
2004,9,10,20,0,Luxemburg,Bosnië en Herzegovina,0,1,EK-Kwalificatie
2004,9,10,19,30,Faeröer Eilanden,Litouwen,1,3,EK-Kwalificatie
2004,9,10,19,15,Denemarken,Roemenië,2,2,EK-Kwalificatie
2004,9,10,18,0,Moldavië,Belarus,2,1,EK-Kwalificatie
2004,9,10,18,0,Rusland,Zwitserland,4,1,EK-Kwalificatie
2004,9,10,17,30,Andorra,Bulgarije,0,3,EK-Kwalificatie
2004,9,10,17,0,Israël,Malta,2,2,EK-Kwalificatie
2004,9,6,20,45,Frankrijk,Cyprus,5,0,EK-Kwalificatie
2004,9,6,20,45,Italië,Wales,4,0,EK-Kwalificatie
2004,9,6,20,30,Nederland,Oostenrijk,3,1,EK-Kwalificatie
2004,9,6,20,15,Bosnië en Herzegovina,Noorwegen,1,0,EK-Kwalificatie
2004,9,6,20,15,Slovenië,Israël,3,1,EK-Kwalificatie
2004,9,6,20,0,Liechtenstein,Turkije,0,3,EK-Kwalificatie
2004,9,6,19,30,IJsland,Duitsland,0,0,EK-Kwalificatie
2004,9,6,19,30,Letland,Polen,0,2,EK-Kwalificatie
2004,9,6,18,30,Noord-Macedonië,Engeland,1,2,EK-Kwalificatie
2004,9,6,18,30,Roemenië,Luxemburg,4,0,EK-Kwalificatie
2004,9,6,18,15,Oekraïne,Noord-Ierland,0,0,EK-Kwalificatie
2004,9,6,18,0,Armenië,Griekenland,0,1,EK-Kwalificatie
2004,9,6,17,30,Belarus,Tsjechië,1,3,EK-Kwalificatie
2004,9,6,17,0,Bulgarije,Estland,2,0,EK-Kwalificatie
2004,9,6,17,0,Georgië,Albanië,3,0,EK-Kwalificatie
2004,9,6,17,0,Ierland,Rusland,1,1,EK-Kwalificatie
2004,9,6,16,0,Andorra,Kroatië,0,3,EK-Kwalificatie
2004,9,6,16,0,Azerbeidzjan,Finland,1,2,EK-Kwalificatie
2004,9,6,16,0,Schotland,Faeröer Eilanden,3,1,EK-Kwalificatie
2004,9,6,16,0,Zweden,San Marino,5,0,EK-Kwalificatie
2004,8,20,20,15,Serbia and Montenegro,Wales,1,0,EK-Kwalificatie
2004,8,20,20,0,Faeröer Eilanden,IJsland,1,2,EK-Kwalificatie
2008,6,29,20,45,Duitsland,Spanje,0,1,EK-Play-offs
2008,6,26,20,45,Rusland,Spanje,0,3,EK-Play-offs
2008,6,25,20,45,Duitsland,Turkije,3,2,EK-Play-offs
2008,6,22,20,45,Spanje,Italië,1,0,EK-Play-offs
2008,6,21,20,45,Nederland,Rusland,1,3,EK-Play-offs
2008,6,20,20,45,Kroatië,Turkije,1,2,EK-Play-offs
2008,6,19,20,45,Portugal,Duitsland,2,3,EK-Play-offs
2008,6,18,20,45,Griekenland,Spanje,1,2,EK-Groepsfase
2008,6,18,20,45,Rusland,Zweden,2,0,EK-Groepsfase
2008,6,17,20,45,Frankrijk,Italië,0,2,EK-Groepsfase
2008,6,17,20,45,Nederland,Roemenië,2,0,EK-Groepsfase
2008,6,16,20,45,Oostenrijk,Duitsland,0,1,EK-Groepsfase
2008,6,16,20,45,Polen,Kroatië,0,1,EK-Groepsfase
2008,6,15,20,45,Turkije,Tsjechië,3,2,EK-Groepsfase
2008,6,15,20,45,Zwitserland,Portugal,2,0,EK-Groepsfase
2008,6,14,20,45,Griekenland,Rusland,0,1,EK-Groepsfase
2008,6,14,18,0,Zweden,Spanje,1,2,EK-Groepsfase
2008,6,13,20,45,Nederland,Frankrijk,4,1,EK-Groepsfase
2008,6,13,18,0,Italië,Roemenië,1,1,EK-Groepsfase
2008,6,12,20,45,Oostenrijk,Polen,1,1,EK-Groepsfase
2008,6,12,18,0,Kroatië,Duitsland,2,1,EK-Groepsfase
2008,6,11,20,45,Zwitserland,Turkije,1,2,EK-Groepsfase
2008,6,11,18,0,Tsjechië,Portugal,1,3,EK-Groepsfase
2008,6,10,20,45,Griekenland,Zweden,0,2,EK-Groepsfase
2008,6,10,18,0,Spanje,Rusland,4,1,EK-Groepsfase
2008,6,9,20,45,Nederland,Italië,3,0,EK-Groepsfase
2008,6,9,18,0,Roemenië,Frankrijk,0,0,EK-Groepsfase
2008,6,8,20,45,Duitsland,Polen,2,0,EK-Groepsfase
2008,6,8,18,0,Oostenrijk,Kroatië,0,1,EK-Groepsfase
2008,6,7,20,45,Portugal,Turkije,2,0,EK-Groepsfase
2008,6,7,18,0,Zwitserland,Tsjechië,0,1,EK-Groepsfase
2008,11,24,18,0,Servië,Kazachstan,1,0,EK-Kwalificatie
2008,11,21,21,0,Andorra,Rusland,0,1,EK-Kwalificatie
2008,11,21,21,0,Engeland,Kroatië,2,3,EK-Kwalificatie
2008,11,21,20,45,Portugal,Finland,0,0,EK-Kwalificatie
2008,11,21,20,45,Servië,Polen,2,2,EK-Kwalificatie
2008,11,21,20,35,Duitsland,Wales,0,0,EK-Kwalificatie
2008,11,21,20,35,Oekraïne,Frankrijk,2,2,EK-Kwalificatie
2008,11,21,20,30,Italië,Faeröer Eilanden,3,1,EK-Kwalificatie
2008,11,21,20,30,San Marino,Slowakije,0,5,EK-Kwalificatie
2008,11,21,20,15,Hongarije,Griekenland,1,2,EK-Kwalificatie
2008,11,21,20,0,Denemarken,IJsland,3,0,EK-Kwalificatie
2008,11,21,20,0,Malta,Noorwegen,1,4,EK-Kwalificatie
2008,11,21,20,0,Spanje,Noord-Ierland,1,0,EK-Kwalificatie
2008,11,21,20,0,Turkije,Bosnië en Herzegovina,1,0,EK-Kwalificatie
2008,11,21,20,0,Zweden,Letland,2,1,EK-Kwalificatie
2008,11,21,18,0,Azerbeidzjan,België,0,1,EK-Kwalificatie
2008,11,21,18,0,Belarus,Nederland,2,1,EK-Kwalificatie
2008,11,21,18,0,Israël,Noord-Macedonië,1,0,EK-Kwalificatie
2008,11,21,18,0,Slovenië,Bulgarije,0,2,EK-Kwalificatie
2008,11,21,17,30,Cyprus,Tsjechië,0,2,EK-Kwalificatie
2008,11,21,17,0,Roemenië,Albanië,6,1,EK-Kwalificatie
2008,11,21,16,30,Georgië,Litouwen,0,2,EK-Kwalificatie
2008,11,21,16,0,Armenië,Kazachstan,0,1,EK-Kwalificatie
2008,11,17,22,0,Portugal,Armenië,1,0,EK-Kwalificatie
2008,11,17,22,0,Spanje,Zweden,3,0,EK-Kwalificatie
2008,11,17,20,45,Noord-Ierland,Denemarken,2,1,EK-Kwalificatie
2008,11,17,20,30,Griekenland,Malta,5,0,EK-Kwalificatie
2008,11,17,20,30,Nederland,Luxemburg,1,0,EK-Kwalificatie
2008,11,17,20,30,Polen,België,2,0,EK-Kwalificatie
2008,11,17,20,30,Tsjechië,Slowakije,3,1,EK-Kwalificatie
2008,11,17,20,15,Duitsland,Cyprus,4,0,EK-Kwalificatie
2008,11,17,20,0,Albanië,Belarus,2,4,EK-Kwalificatie
2008,11,17,20,0,Noord-Macedonië,Kroatië,2,0,EK-Kwalificatie
2008,11,17,19,0,Israël,Rusland,2,1,EK-Kwalificatie
2008,11,17,19,0,Litouwen,Oekraïne,2,0,EK-Kwalificatie
2008,11,17,19,0,Noorwegen,Turkije,1,2,EK-Kwalificatie
2008,11,17,18,0,Andorra,Estland,0,2,EK-Kwalificatie
2008,11,17,18,0,Moldavië,Hongarije,3,0,EK-Kwalificatie
2008,11,17,18,0,Schotland,Italië,1,2,EK-Kwalificatie
2008,11,17,17,0,Bulgarije,Roemenië,1,0,EK-Kwalificatie
2008,11,17,17,0,Letland,Liechtenstein,4,1,EK-Kwalificatie
2008,11,17,16,0,Wales,Ierland,2,2,EK-Kwalificatie
2008,11,17,15,0,Finland,Azerbeidzjan,2,1,EK-Kwalificatie
2008,10,17,21,0,Frankrijk,Litouwen,2,0,EK-Kwalificatie
2008,10,17,20,45,Albanië,Bulgarije,1,1,EK-Kwalificatie
2008,10,17,20,45,België,Armenië,3,0,EK-Kwalificatie
2008,10,17,20,45,Duitsland,Tsjechië,0,3,EK-Kwalificatie
2008,10,17,20,30,Bosnië en Herzegovina,Noorwegen,0,2,EK-Kwalificatie
2008,10,17,20,30,Ierland,Cyprus,1,1,EK-Kwalificatie
2008,10,17,20,30,Nederland,Slovenië,2,0,EK-Kwalificatie
2008,10,17,20,30,Zweden,Noord-Ierland,1,1,EK-Kwalificatie
2008,10,17,20,15,Luxemburg,Roemenië,0,2,EK-Kwalificatie
2008,10,17,20,15,San Marino,Wales,1,2,EK-Kwalificatie
2008,10,17,20,0,Denemarken,Letland,3,1,EK-Kwalificatie
2008,10,17,20,0,Liechtenstein,IJsland,3,0,EK-Kwalificatie
2008,10,17,20,0,Noord-Macedonië,Andorra,3,0,EK-Kwalificatie
2008,10,17,19,30,Malta,Moldavië,2,3,EK-Kwalificatie
2008,10,17,19,30,Turkije,Griekenland,0,1,EK-Kwalificatie
2008,10,17,19,0,Georgië,Schotland,2,0,EK-Kwalificatie
2008,10,17,18,0,Azerbeidzjan,Servië,1,6,EK-Kwalificatie
2008,10,17,18,0,Oekraïne,Faeröer Eilanden,5,0,EK-Kwalificatie
2008,10,17,17,0,Rusland,Engeland,2,1,EK-Kwalificatie
2008,10,17,16,0,Kazachstan,Portugal,1,2,EK-Kwalificatie
2008,10,13,20,50,Italië,Georgië,2,0,EK-Kwalificatie
2008,10,13,20,45,België,Finland,0,0,EK-Kwalificatie
2008,10,13,20,45,Ierland,Duitsland,0,0,EK-Kwalificatie
2008,10,13,20,30,Griekenland,Bosnië en Herzegovina,3,2,EK-Kwalificatie
2008,10,13,20,30,Polen,Kazachstan,3,1,EK-Kwalificatie
2008,10,13,20,30,Slovenië,Albanië,0,0,EK-Kwalificatie
2008,10,13,20,15,Kroatië,Israël,1,0,EK-Kwalificatie
2008,10,13,20,0,Denemarken,Spanje,1,3,EK-Kwalificatie
2008,10,13,20,0,Moldavië,Turkije,1,1,EK-Kwalificatie
2008,10,13,19,15,Roemenië,Nederland,1,0,EK-Kwalificatie
2008,10,13,19,0,Liechtenstein,Zweden,0,3,EK-Kwalificatie
2008,10,13,18,15,Cyprus,Wales,3,1,EK-Kwalificatie
2008,10,13,18,0,Azerbeidzjan,Portugal,0,2,EK-Kwalificatie
2008,10,13,18,0,IJsland,Letland,2,4,EK-Kwalificatie
2008,10,13,17,0,Armenië,Servië,0,0,EK-Kwalificatie
2008,10,13,17,0,Belarus,Luxemburg,0,1,EK-Kwalificatie
2008,10,13,17,0,Faeröer Eilanden,Frankrijk,0,6,EK-Kwalificatie
2008,10,13,16,20,Hongarije,Malta,2,0,EK-Kwalificatie
2008,10,13,16,0,Engeland,Estland,3,0,EK-Kwalificatie
2008,10,13,16,0,Schotland,Oekraïne,3,1,EK-Kwalificatie
2008,10,13,15,0,Slowakije,San Marino,7,0,EK-Kwalificatie
2008,9,12,22,0,Portugal,Servië,1,1,EK-Kwalificatie
2008,9,12,22,0,Spanje,Letland,2,0,EK-Kwalificatie
2008,9,12,21,0,Engeland,Rusland,3,0,EK-Kwalificatie
2008,9,12,21,0,Frankrijk,Schotland,0,1,EK-Kwalificatie
2008,9,12,20,45,Albanië,Nederland,0,1,EK-Kwalificatie
2008,9,12,20,45,Oekraïne,Italië,1,2,EK-Kwalificatie
2008,9,12,20,30,Noord-Macedonië,Estland,1,1,EK-Kwalificatie
2008,9,12,20,30,Tsjechië,Ierland,1,0,EK-Kwalificatie
2008,9,12,20,5,IJsland,Noord-Ierland,2,1,EK-Kwalificatie
2008,9,12,20,0,Bosnië en Herzegovina,Moldavië,0,1,EK-Kwalificatie
2008,9,12,20,0,Denemarken,Liechtenstein,4,0,EK-Kwalificatie
2008,9,12,20,0,Slovenië,Belarus,1,0,EK-Kwalificatie
2008,9,12,19,30,Bulgarije,Luxemburg,3,0,EK-Kwalificatie
2008,9,12,19,30,Turkije,Hongarije,3,0,EK-Kwalificatie
2008,9,12,19,0,Cyprus,San Marino,3,0,EK-Kwalificatie
2008,9,12,19,0,Litouwen,Faeröer Eilanden,2,1,EK-Kwalificatie
2008,9,12,19,0,Noorwegen,Griekenland,2,2,EK-Kwalificatie
2008,9,12,18,30,Slowakije,Wales,2,5,EK-Kwalificatie
2008,9,12,18,0,Andorra,Kroatië,0,6,EK-Kwalificatie
2008,9,12,18,0,Finland,Polen,0,0,EK-Kwalificatie
2008,9,12,17,0,Kazachstan,België,2,2,EK-Kwalificatie
2012,7,1,20,45,Spanje,Italië,4,0,EK-Play-offs
2012,6,28,20,45,Duitsland,Italië,1,2,EK-Play-offs
2012,6,27,20,45,Portugal,Spanje,0,1,EK-Play-offs
2012,6,24,20,45,Engeland,Italië,0,1,EK-Play-offs
2012,6,23,20,45,Spanje,Frankrijk,2,0,EK-Play-offs
2012,6,22,20,45,Duitsland,Griekenland,4,2,EK-Play-offs
2012,6,21,20,45,Tsjechië,Portugal,0,1,EK-Play-offs
2012,6,19,20,45,Engeland,Oekraïne,1,0,EK-Groepsfase
2012,6,19,20,45,Zweden,Frankrijk,2,0,EK-Groepsfase
2012,6,18,20,45,Italië,Ierland,2,0,EK-Groepsfase
2012,6,18,20,45,Kroatië,Spanje,0,1,EK-Groepsfase
2012,6,17,20,45,Denemarken,Duitsland,1,2,EK-Groepsfase
2012,6,17,20,45,Portugal,Nederland,2,1,EK-Groepsfase
2012,6,16,20,45,Griekenland,Rusland,1,0,EK-Groepsfase
2012,6,16,20,45,Tsjechië,Polen,1,0,EK-Groepsfase
2012,6,15,21,0,Zweden,Engeland,2,3,EK-Groepsfase
2012,6,15,18,0,Oekraïne,Frankrijk,0,2,EK-Groepsfase
2012,6,14,20,45,Spanje,Ierland,4,0,EK-Groepsfase
2012,6,14,18,0,Italië,Kroatië,1,1,EK-Groepsfase
2012,6,13,20,45,Nederland,Duitsland,1,2,EK-Groepsfase
2012,6,13,18,0,Denemarken,Portugal,2,3,EK-Groepsfase
2012,6,12,20,45,Polen,Rusland,1,1,EK-Groepsfase
2012,6,12,18,0,Griekenland,Tsjechië,1,2,EK-Groepsfase
2012,6,11,20,45,Oekraïne,Zweden,2,1,EK-Groepsfase
2012,6,11,18,0,Frankrijk,Engeland,1,1,EK-Groepsfase
2012,6,10,20,45,Ierland,Kroatië,1,3,EK-Groepsfase
2012,6,10,18,0,Spanje,Italië,1,1,EK-Groepsfase
2012,6,9,20,45,Duitsland,Portugal,1,0,EK-Groepsfase
2012,6,9,18,0,Nederland,Denemarken,0,1,EK-Groepsfase
2012,6,8,20,45,Rusland,Tsjechië,4,1,EK-Groepsfase
2012,6,8,18,0,Polen,Griekenland,1,1,EK-Groepsfase
2012,11,15,22,0,Portugal,Bosnië en Herzegovina,6,2,EK-Kwalificatie
2012,11,15,20,45,Ierland,Estland,1,1,EK-Kwalificatie
2012,11,15,20,15,Montenegro,Tsjechië,0,1,EK-Kwalificatie
2012,11,15,20,5,Kroatië,Turkije,0,0,EK-Kwalificatie
2012,11,11,20,45,Estland,Ierland,0,4,EK-Kwalificatie
2012,11,11,20,15,Tsjechië,Montenegro,2,0,EK-Kwalificatie
2012,11,11,20,5,Turkije,Kroatië,0,3,EK-Kwalificatie
2012,11,11,20,0,Bosnië en Herzegovina,Portugal,0,0,EK-Kwalificatie
2012,10,11,21,0,Frankrijk,Bosnië en Herzegovina,1,1,EK-Kwalificatie
2012,10,11,20,45,Italië,Noord-Ierland,3,0,EK-Kwalificatie
2012,10,11,20,45,Litouwen,Tsjechië,1,4,EK-Kwalificatie
2012,10,11,20,45,Slovenië,Servië,1,0,EK-Kwalificatie
2012,10,11,20,45,Spanje,Schotland,3,1,EK-Kwalificatie
2012,10,11,20,15,Denemarken,Portugal,2,1,EK-Kwalificatie
2012,10,11,20,15,Noorwegen,Cyprus,3,1,EK-Kwalificatie
2012,10,11,20,15,Zweden,Nederland,3,2,EK-Kwalificatie
2012,10,11,20,15,Zwitserland,Montenegro,2,0,EK-Kwalificatie
2012,10,11,20,5,Bulgarije,Wales,0,1,EK-Kwalificatie
2012,10,11,20,0,Albanië,Roemenië,1,1,EK-Kwalificatie
2012,10,11,20,0,Hongarije,Finland,0,0,EK-Kwalificatie
2012,10,11,20,0,Moldavië,San Marino,4,0,EK-Kwalificatie
2012,10,11,19,45,Ierland,Armenië,2,1,EK-Kwalificatie
2012,10,11,19,45,Noord-Macedonië,Slowakije,1,1,EK-Kwalificatie
2012,10,11,19,45,Rusland,Andorra,6,0,EK-Kwalificatie
2012,10,11,19,0,Duitsland,België,3,1,EK-Kwalificatie
2012,10,11,19,0,Georgië,Griekenland,1,2,EK-Kwalificatie
2012,10,11,19,0,Kroatië,Letland,2,0,EK-Kwalificatie
2012,10,11,19,0,Malta,Israël,0,2,EK-Kwalificatie
2012,10,11,19,0,Turkije,Azerbeidzjan,1,0,EK-Kwalificatie
2012,10,11,18,0,Kazachstan,Oostenrijk,0,0,EK-Kwalificatie
2012,10,8,19,30,Liechtenstein,Schotland,0,1,EK-Kwalificatie
2012,10,7,22,0,Portugal,IJsland,5,3,EK-Kwalificatie
2012,10,7,21,30,Andorra,Ierland,0,2,EK-Kwalificatie
2012,10,7,21,0,Frankrijk,Albanië,3,0,EK-Kwalificatie
2012,10,7,21,0,Montenegro,Engeland,2,2,EK-Kwalificatie
2012,10,7,20,45,België,Kazachstan,4,1,EK-Kwalificatie
2012,10,7,20,45,Griekenland,Kroatië,2,0,EK-Kwalificatie
2012,10,7,20,45,Noord-Ierland,Estland,1,2,EK-Kwalificatie
2012,10,7,20,45,Servië,Italië,1,1,EK-Kwalificatie
2012,10,7,20,45,Tsjechië,Spanje,0,2,EK-Kwalificatie
2012,10,7,20,45,Wales,Zwitserland,2,0,EK-Kwalificatie
2012,10,7,20,30,Cyprus,Denemarken,1,4,EK-Kwalificatie
2012,10,7,20,30,Nederland,Moldavië,1,0,EK-Kwalificatie
2012,10,7,20,30,Roemenië,Belarus,2,2,EK-Kwalificatie
2012,10,7,20,30,Turkije,Duitsland,1,3,EK-Kwalificatie
2012,10,7,20,15,Slowakije,Rusland,0,1,EK-Kwalificatie
2012,10,7,20,0,Bosnië en Herzegovina,Luxemburg,5,0,EK-Kwalificatie
2012,10,7,19,0,Letland,Malta,2,0,EK-Kwalificatie
2012,10,7,18,15,Finland,Zweden,1,2,EK-Kwalificatie
2012,10,7,18,0,Azerbeidzjan,Oostenrijk,1,4,EK-Kwalificatie
2012,10,7,17,0,Armenië,Noord-Macedonië,4,1,EK-Kwalificatie
2012,9,6,22,0,Spanje,Liechtenstein,6,0,EK-Kwalificatie
2012,9,6,21,0,Schotland,Litouwen,1,0,EK-Kwalificatie
2012,9,6,20,45,Engeland,Wales,1,0,EK-Kwalificatie
2012,9,6,20,45,IJsland,Cyprus,1,0,EK-Kwalificatie
2012,9,6,20,45,Italië,Slovenië,1,0,EK-Kwalificatie
2012,9,6,20,30,Estland,Noord-Ierland,4,1,EK-Kwalificatie
2012,9,6,20,30,Letland,Griekenland,1,1,EK-Kwalificatie
2012,9,6,20,30,Malta,Georgië,1,1,EK-Kwalificatie
2012,9,6,20,30,Oostenrijk,Turkije,0,0,EK-Kwalificatie
2012,9,6,20,30,Roemenië,Frankrijk,0,0,EK-Kwalificatie
2012,9,6,20,30,San Marino,Zweden,0,5,EK-Kwalificatie
2012,9,6,20,30,Servië,Faeröer Eilanden,3,1,EK-Kwalificatie
2012,9,6,20,30,Zwitserland,Bulgarije,3,1,EK-Kwalificatie
2012,9,6,20,15,Bosnië en Herzegovina,Belarus,1,0,EK-Kwalificatie
2012,9,6,20,15,Denemarken,Noorwegen,2,0,EK-Kwalificatie
2012,9,6,20,15,Luxemburg,Albanië,2,1,EK-Kwalificatie
2012,9,6,20,15,Slowakije,Armenië,0,4,EK-Kwalificatie
2012,9,6,20,0,Kroatië,Israël,3,1,EK-Kwalificatie
2012,9,6,20,0,Noord-Macedonië,Andorra,1,0,EK-Kwalificatie
2012,9,6,19,45,Moldavië,Hongarije,0,2,EK-Kwalificatie
2012,9,6,19,0,Finland,Nederland,0,2,EK-Kwalificatie
2012,9,6,17,0,Azerbeidzjan,Kazachstan,3,2,EK-Kwalificatie
2012,9,6,17,0,Rusland,Ierland,0,0,EK-Kwalificatie
2012,9,3,16,0,Schotland,Tsjechië,2,2,EK-Kwalificatie
2012,9,2,21,0,Albanië,Frankrijk,1,2,EK-Kwalificatie
2012,9,2,20,45,Cyprus,Portugal,0,4,EK-Kwalificatie
2012,9,2,20,45,Duitsland,Oostenrijk,6,2,EK-Kwalificatie
2012,9,2,20,45,Faeröer Eilanden,Italië,0,1,EK-Kwalificatie
2012,9,2,20,45,Ierland,Slowakije,0,0,EK-Kwalificatie
2012,9,2,20,45,Noord-Ierland,Servië,0,1,EK-Kwalificatie
2012,9,2,20,45,Slovenië,Estland,1,2,EK-Kwalificatie
2012,9,2,20,45,Wales,Montenegro,2,1,EK-Kwalificatie
2012,9,2,20,30,Nederland,San Marino,11,0,EK-Kwalificatie
2012,9,2,20,15,Bulgarije,Engeland,0,3,EK-Kwalificatie
2012,9,2,20,0,Noorwegen,IJsland,1,0,EK-Kwalificatie
2012,9,2,19,45,Hongarije,Zweden,2,1,EK-Kwalificatie
2012,9,2,19,30,Belarus,Bosnië en Herzegovina,0,2,EK-Kwalificatie
2012,9,2,19,30,Luxemburg,Roemenië,0,2,EK-Kwalificatie
2012,9,2,19,0,Georgië,Letland,0,1,EK-Kwalificatie
2012,9,2,19,0,Malta,Kroatië,1,3,EK-Kwalificatie
2012,9,2,19,0,Turkije,Kazachstan,2,1,EK-Kwalificatie
2012,9,2,18,0,Andorra,Armenië,0,3,EK-Kwalificatie
2012,9,2,18,0,Azerbeidzjan,België,1,1,EK-Kwalificatie
2012,9,2,18,0,Rusland,Noord-Macedonië,1,0,EK-Kwalificatie
2012,9,2,17,30,Finland,Moldavië,4,1,EK-Kwalificatie
2012,9,2,17,0,Litouwen,Liechtenstein,0,0,EK-Kwalificatie
2012,9,2,15,5,Israël,Griekenland,0,1,EK-Kwalificatie
2016,7,10,21,0,Portugal,Frankrijk,1,0,EK-Play-offs
2016,7,7,21,0,Duitsland,Frankrijk,0,2,EK-Play-offs
2016,7,6,21,0,Portugal,Wales,2,0,EK-Play-offs
2016,7,3,21,0,Frankrijk,IJsland,5,2,EK-Play-offs
2016,7,2,21,0,Duitsland,Italië,2,1,EK-Play-offs
2016,7,1,21,0,Wales,België,3,1,EK-Play-offs
2016,6,30,21,0,Polen,Portugal,1,2,EK-Play-offs
2016,6,27,21,0,Engeland,IJsland,1,2,EK-Play-offs
2016,6,27,18,0,Italië,Spanje,2,0,EK-Play-offs
2016,6,26,21,0,Hongarije,België,0,4,EK-Play-offs
2016,6,26,18,0,Duitsland,Slowakije,3,0,EK-Play-offs
2016,6,26,15,0,Frankrijk,Ierland,2,1,EK-Play-offs
2016,6,25,21,0,Kroatië,Portugal,0,1,EK-Play-offs
2016,6,25,18,0,Wales,Noord-Ierland,1,0,EK-Play-offs
2016,6,25,15,0,Zwitserland,Polen,1,2,EK-Play-offs
2016,6,22,21,0,Italië,Ierland,0,1,EK-Groepsfase
2016,6,22,21,0,Zweden,België,0,1,EK-Groepsfase
2016,6,22,18,0,Hongarije,Portugal,3,3,EK-Groepsfase
2016,6,22,18,0,IJsland,Oostenrijk,2,1,EK-Groepsfase
2016,6,21,21,0,Kroatië,Spanje,2,1,EK-Groepsfase
2016,6,21,21,0,Tsjechië,Turkije,0,2,EK-Groepsfase
2016,6,21,18,0,Noord-Ierland,Duitsland,0,1,EK-Groepsfase
2016,6,21,18,0,Oekraïne,Polen,0,1,EK-Groepsfase
2016,6,20,21,0,Rusland,Wales,0,3,EK-Groepsfase
2016,6,20,21,0,Slowakije,Engeland,0,0,EK-Groepsfase
2016,6,19,21,0,Roemenië,Albanië,0,1,EK-Groepsfase
2016,6,19,21,0,Zwitserland,Frankrijk,0,0,EK-Groepsfase
2016,6,18,21,0,Portugal,Oostenrijk,0,0,EK-Groepsfase
2016,6,18,18,0,IJsland,Hongarije,1,1,EK-Groepsfase
2016,6,18,15,0,België,Ierland,3,0,EK-Groepsfase
2016,6,17,21,0,Spanje,Turkije,3,0,EK-Groepsfase
2016,6,17,18,0,Tsjechië,Kroatië,2,2,EK-Groepsfase
2016,6,17,15,0,Italië,Zweden,1,0,EK-Groepsfase
2016,6,16,21,0,Duitsland,Polen,0,0,EK-Groepsfase
2016,6,16,18,0,Oekraïne,Noord-Ierland,0,2,EK-Groepsfase
2016,6,16,15,0,Engeland,Wales,2,1,EK-Groepsfase
2016,6,15,21,0,Frankrijk,Albanië,2,0,EK-Groepsfase
2016,6,15,18,0,Roemenië,Zwitserland,1,1,EK-Groepsfase
2016,6,15,15,0,Rusland,Slowakije,1,2,EK-Groepsfase
2016,6,14,21,0,Portugal,IJsland,1,1,EK-Groepsfase
2016,6,14,18,0,Oostenrijk,Hongarije,0,2,EK-Groepsfase
2016,6,13,21,0,België,Italië,0,2,EK-Groepsfase
2016,6,13,18,0,Ierland,Zweden,1,1,EK-Groepsfase
2016,6,13,15,0,Spanje,Tsjechië,1,0,EK-Groepsfase
2016,6,12,21,0,Duitsland,Oekraïne,2,0,EK-Groepsfase
2016,6,12,18,0,Polen,Noord-Ierland,1,0,EK-Groepsfase
2016,6,12,15,0,Turkije,Kroatië,0,1,EK-Groepsfase
2016,6,11,21,0,Engeland,Rusland,1,1,EK-Groepsfase
2016,6,11,18,0,Wales,Slowakije,2,1,EK-Groepsfase
2016,6,11,15,0,Albanië,Zwitserland,0,1,EK-Groepsfase
2016,6,10,21,0,Frankrijk,Roemenië,2,1,EK-Groepsfase
2016,11,17,20,45,Denemarken,Zweden,2,2,EK-Kwalificatie
2016,11,17,20,45,Slovenië,Oekraïne,1,1,EK-Kwalificatie
2016,11,16,20,45,Ierland,Bosnië en Herzegovina,2,0,EK-Kwalificatie
2016,11,15,20,45,Hongarije,Noorwegen,2,1,EK-Kwalificatie
2016,11,14,20,45,Zweden,Denemarken,2,1,EK-Kwalificatie
2016,11,14,18,0,Oekraïne,Slovenië,2,0,EK-Kwalificatie
2016,11,13,20,45,Bosnië en Herzegovina,Ierland,1,1,EK-Kwalificatie
2016,11,12,20,45,Noorwegen,Hongarije,0,1,EK-Kwalificatie
2016,10,13,20,45,België,Israël,3,1,EK-Kwalificatie
2016,10,13,20,45,Bulgarije,Azerbeidzjan,2,0,EK-Kwalificatie
2016,10,13,20,45,Cyprus,Bosnië en Herzegovina,2,3,EK-Kwalificatie
2016,10,13,20,45,Italië,Noorwegen,2,1,EK-Kwalificatie
2016,10,13,20,45,Letland,Kazachstan,0,1,EK-Kwalificatie
2016,10,13,20,45,Malta,Kroatië,0,1,EK-Kwalificatie
2016,10,13,20,45,Nederland,Tsjechië,2,3,EK-Kwalificatie
2016,10,13,20,45,Turkije,IJsland,1,0,EK-Kwalificatie
2016,10,13,20,45,Wales,Andorra,2,0,EK-Kwalificatie
2016,10,12,20,45,Belarus,Noord-Macedonië,0,0,EK-Kwalificatie
2016,10,12,20,45,Estland,Zwitserland,0,1,EK-Kwalificatie
2016,10,12,20,45,Litouwen,Engeland,0,3,EK-Kwalificatie
2016,10,12,20,45,Luxemburg,Slowakije,2,4,EK-Kwalificatie
2016,10,12,20,45,Oekraïne,Spanje,0,1,EK-Kwalificatie
2016,10,12,20,45,San Marino,Slovenië,0,2,EK-Kwalificatie
2016,10,12,18,0,Oostenrijk,Liechtenstein,3,0,EK-Kwalificatie
2016,10,12,18,0,Rusland,Montenegro,2,0,EK-Kwalificatie
2016,10,12,18,0,Zweden,Moldavië,2,0,EK-Kwalificatie
2016,10,11,20,45,Duitsland,Georgië,2,1,EK-Kwalificatie
2016,10,11,20,45,Gibraltar,Schotland,0,6,EK-Kwalificatie
2016,10,11,20,45,Polen,Ierland,2,1,EK-Kwalificatie
2016,10,11,18,0,Armenië,Albanië,0,3,EK-Kwalificatie
2016,10,11,18,0,Faeröer Eilanden,Roemenië,0,3,EK-Kwalificatie
2016,10,11,18,0,Finland,Noord-Ierland,1,1,EK-Kwalificatie
2016,10,11,18,0,Griekenland,Hongarije,4,3,EK-Kwalificatie
2016,10,11,18,0,Servië,Portugal,1,2,EK-Kwalificatie
2016,10,10,20,45,Andorra,België,1,4,EK-Kwalificatie
2016,10,10,20,45,Bosnië en Herzegovina,Wales,2,0,EK-Kwalificatie
2016,10,10,20,45,Israël,Cyprus,1,2,EK-Kwalificatie
2016,10,10,20,45,Kroatië,Bulgarije,3,0,EK-Kwalificatie
2016,10,10,20,45,Tsjechië,Turkije,0,2,EK-Kwalificatie
2016,10,10,18,0,Azerbeidzjan,Italië,1,3,EK-Kwalificatie
2016,10,10,18,0,IJsland,Letland,2,2,EK-Kwalificatie
2016,10,10,18,0,Kazachstan,Nederland,1,2,EK-Kwalificatie
2016,10,10,18,0,Noorwegen,Malta,2,0,EK-Kwalificatie
2016,10,9,20,45,Engeland,Estland,2,0,EK-Kwalificatie
2016,10,9,20,45,Liechtenstein,Zweden,0,2,EK-Kwalificatie
2016,10,9,20,45,Moldavië,Rusland,1,2,EK-Kwalificatie
2016,10,9,20,45,Montenegro,Oostenrijk,2,3,EK-Kwalificatie
2016,10,9,20,45,Noord-Macedonië,Oekraïne,0,2,EK-Kwalificatie
2016,10,9,20,45,Slovenië,Litouwen,1,1,EK-Kwalificatie
2016,10,9,20,45,Slowakije,Belarus,0,1,EK-Kwalificatie
2016,10,9,20,45,Spanje,Luxemburg,4,0,EK-Kwalificatie
2016,10,9,20,45,Zwitserland,San Marino,7,0,EK-Kwalificatie
2016,10,8,20,45,Albanië,Servië,0,2,EK-Kwalificatie
2016,10,8,20,45,Hongarije,Faeröer Eilanden,2,1,EK-Kwalificatie
2016,10,8,20,45,Ierland,Duitsland,1,0,EK-Kwalificatie
2016,10,8,20,45,Noord-Ierland,Griekenland,3,1,EK-Kwalificatie
2016,10,8,20,45,Portugal,Denemarken,1,0,EK-Kwalificatie
2016,10,8,20,45,Roemenië,Finland,1,1,EK-Kwalificatie
2016,10,8,20,45,Schotland,Polen,2,2,EK-Kwalificatie
2016,10,8,18,0,Georgië,Gibraltar,4,0,EK-Kwalificatie
2020,7,11,21,0,Italië,Engeland,2,1,EK-Play-offs
2020,7,7,21,0,Engeland,Denemarken,2,1,EK-Play-offs
2020,7,6,21,0,Italië,Spanje,2,1,EK-Play-offs
2020,7,3,21,0,Oekraïne,Engeland,0,4,EK-Play-offs
2020,7,3,18,0,Tsjechië,Denemarken,1,2,EK-Play-offs
2020,7,2,21,0,België,Italië,1,2,EK-Play-offs
2020,7,2,18,0,Zwitserland,Spanje,1,2,EK-Play-offs
2020,6,29,21,0,Zweden,Oekraïne,1,2,EK-Play-offs
2020,6,29,18,0,Engeland,Duitsland,2,0,EK-Play-offs
2020,6,28,21,0,Frankrijk,Zwitserland,3,4,EK-Play-offs
2020,6,28,18,0,Kroatië,Spanje,3,5,EK-Play-offs
2020,6,27,21,0,België,Portugal,1,0,EK-Play-offs
2020,6,27,18,0,Nederland,Tsjechië,0,2,EK-Play-offs
2020,6,26,21,0,Italië,Oostenrijk,2,1,EK-Play-offs
2020,6,26,18,0,Wales,Denemarken,0,4,EK-Play-offs
2020,6,23,21,0,Duitsland,Hongarije,2,2,EK-Groepsfase
2020,6,23,21,0,Portugal,Frankrijk,2,2,EK-Groepsfase
2020,6,23,18,0,Slowakije,Spanje,0,5,EK-Groepsfase
2020,6,23,18,0,Zweden,Polen,3,2,EK-Groepsfase
2020,6,22,21,0,Kroatië,Schotland,3,1,EK-Groepsfase
2020,6,22,21,0,Tsjechië,Engeland,0,1,EK-Groepsfase
2020,6,21,21,0,Finland,België,0,2,EK-Groepsfase
2020,6,21,21,0,Rusland,Denemarken,1,4,EK-Groepsfase
2020,6,21,18,0,Noord-Macedonië,Nederland,0,3,EK-Groepsfase
2020,6,21,18,0,Oekraïne,Oostenrijk,0,1,EK-Groepsfase
2020,6,20,18,0,Italië,Wales,1,0,EK-Groepsfase
2020,6,20,18,0,Zwitserland,Turkije,3,1,EK-Groepsfase
2020,6,19,21,0,Spanje,Polen,1,1,EK-Groepsfase
2020,6,19,18,0,Portugal,Duitsland,2,4,EK-Groepsfase
2020,6,19,15,0,Hongarije,Frankrijk,1,1,EK-Groepsfase
2020,6,18,21,0,Engeland,Schotland,0,0,EK-Groepsfase
2020,6,18,18,0,Kroatië,Tsjechië,1,1,EK-Groepsfase
2020,6,18,15,0,Zweden,Slowakije,1,0,EK-Groepsfase
2020,6,17,21,0,Nederland,Oostenrijk,2,0,EK-Groepsfase
2020,6,17,18,0,Denemarken,België,1,2,EK-Groepsfase
2020,6,17,15,0,Oekraïne,Noord-Macedonië,2,1,EK-Groepsfase
2020,6,16,21,0,Italië,Zwitserland,3,0,EK-Groepsfase
2020,6,16,18,0,Turkije,Wales,0,2,EK-Groepsfase
2020,6,16,15,0,Finland,Rusland,0,1,EK-Groepsfase
2020,6,15,21,0,Frankrijk,Duitsland,1,0,EK-Groepsfase
2020,6,15,18,0,Hongarije,Portugal,0,3,EK-Groepsfase
2020,6,14,21,0,Spanje,Zweden,0,0,EK-Groepsfase
2020,6,14,18,0,Polen,Slowakije,1,2,EK-Groepsfase
2020,6,14,15,0,Schotland,Tsjechië,0,2,EK-Groepsfase
2020,6,13,21,0,Nederland,Oekraïne,3,2,EK-Groepsfase
2020,6,13,18,0,Oostenrijk,Noord-Macedonië,3,1,EK-Groepsfase
2020,6,13,15,0,Engeland,Kroatië,1,0,EK-Groepsfase
2020,6,12,21,0,België,Rusland,3,0,EK-Groepsfase
2020,6,12,18,0,Denemarken,Finland,0,1,EK-Groepsfase
2020,6,12,15,0,Wales,Zwitserland,1,1,EK-Groepsfase
2020,6,11,21,0,Turkije,Italië,0,3,EK-Groepsfase
2020,11,12,20,45,Hongarije,IJsland,2,1,EK-Kwalificatie
2020,11,12,20,45,Noord-Ierland,Slowakije,1,2,EK-Kwalificatie
2020,11,12,20,45,Servië,Schotland,1,2,EK-Kwalificatie
2020,11,12,18,0,Georgië,Noord-Macedonië,0,1,EK-Kwalificatie
2020,10,8,20,45,Bosnië en Herzegovina,Noord-Ierland,1,2,EK-Kwalificatie
2020,10,8,20,45,Bulgarije,Hongarije,1,3,EK-Kwalificatie
2020,10,8,20,45,IJsland,Roemenië,2,1,EK-Kwalificatie
2020,10,8,20,45,Noord-Macedonië,Kosovo,2,1,EK-Kwalificatie
2020,10,8,20,45,Noorwegen,Servië,1,2,EK-Kwalificatie
2020,10,8,20,45,Schotland,Israël,1,0,EK-Kwalificatie
2020,10,8,20,45,Slowakije,Ierland,1,0,EK-Kwalificatie
2020,10,8,18,0,Georgië,Belarus,1,0,EK-Kwalificatie
2020,11,19,20,45,België,Cyprus,6,1,EK-Kwalificatie
2020,11,19,20,45,Duitsland,Noord-Ierland,6,1,EK-Kwalificatie
2020,11,19,20,45,Letland,Oostenrijk,1,0,EK-Kwalificatie
2020,11,19,20,45,Nederland,Estland,5,0,EK-Kwalificatie
2020,11,19,20,45,Noord-Macedonië,Israël,1,0,EK-Kwalificatie
2020,11,19,20,45,Polen,Slovenië,3,2,EK-Kwalificatie
2020,11,19,20,45,San Marino,Rusland,0,5,EK-Kwalificatie
2020,11,19,20,45,Schotland,Kazachstan,3,1,EK-Kwalificatie
2020,11,19,20,45,Slowakije,Azerbeidzjan,2,0,EK-Kwalificatie
2020,11,19,20,45,Wales,Hongarije,2,0,EK-Kwalificatie
2020,11,18,20,45,Gibraltar,Zwitserland,1,6,EK-Kwalificatie
2020,11,18,20,45,Griekenland,Finland,2,1,EK-Kwalificatie
2020,11,18,20,45,Ierland,Denemarken,1,1,EK-Kwalificatie
2020,11,18,20,45,Italië,Armenië,9,1,EK-Kwalificatie
2020,11,18,20,45,Liechtenstein,Bosnië en Herzegovina,0,3,EK-Kwalificatie
2020,11,18,20,45,Malta,Noorwegen,1,2,EK-Kwalificatie
2020,11,18,20,45,Spanje,Roemenië,5,0,EK-Kwalificatie
2020,11,18,20,45,Zweden,Faeröer Eilanden,3,0,EK-Kwalificatie
2020,11,17,20,45,Albanië,Frankrijk,0,2,EK-Kwalificatie
2020,11,17,20,45,Andorra,Turkije,0,2,EK-Kwalificatie
2020,11,17,20,45,Moldavië,IJsland,1,2,EK-Kwalificatie
2020,11,17,18,0,Bulgarije,Tsjechië,1,0,EK-Kwalificatie
2020,11,17,18,0,Kosovo,Engeland,0,4,EK-Kwalificatie
2020,11,17,15,0,Luxemburg,Portugal,0,2,EK-Kwalificatie
2020,11,17,15,0,Servië,Oekraïne,2,2,EK-Kwalificatie
2020,11,16,20,45,Duitsland,Belarus,4,0,EK-Kwalificatie
2020,11,16,20,45,Israël,Polen,1,2,EK-Kwalificatie
2020,11,16,20,45,Kroatië,Slowakije,3,1,EK-Kwalificatie
2020,11,16,20,45,Noord-Ierland,Nederland,0,0,EK-Kwalificatie
2020,11,16,20,45,Oostenrijk,Noord-Macedonië,2,1,EK-Kwalificatie
2020,11,16,18,0,Azerbeidzjan,Wales,0,2,EK-Kwalificatie
2020,11,16,18,0,Rusland,België,1,4,EK-Kwalificatie
2020,11,16,18,0,San Marino,Kazachstan,1,3,EK-Kwalificatie
2020,11,16,18,0,Slovenië,Letland,1,0,EK-Kwalificatie
2020,11,16,15,0,Cyprus,Schotland,1,2,EK-Kwalificatie
2020,11,15,20,45,Bosnië en Herzegovina,Italië,0,3,EK-Kwalificatie
2020,11,15,20,45,Denemarken,Gibraltar,6,0,EK-Kwalificatie
2020,11,15,20,45,Roemenië,Zweden,0,2,EK-Kwalificatie
2020,11,15,20,45,Spanje,Malta,7,0,EK-Kwalificatie
2020,11,15,20,45,Zwitserland,Georgië,1,0,EK-Kwalificatie
2020,11,15,18,0,Armenië,Griekenland,0,1,EK-Kwalificatie
2020,11,15,18,0,Finland,Liechtenstein,3,0,EK-Kwalificatie
2020,11,15,18,0,Noorwegen,Faeröer Eilanden,4,0,EK-Kwalificatie
2020,11,14,20,45,Albanië,Andorra,2,2,EK-Kwalificatie
2020,11,14,20,45,Engeland,Montenegro,7,0,EK-Kwalificatie
2020,11,14,20,45,Frankrijk,Moldavië,2,1,EK-Kwalificatie
2020,11,14,20,45,Portugal,Litouwen,6,0,EK-Kwalificatie
2020,11,14,20,45,Servië,Luxemburg,3,2,EK-Kwalificatie
2020,11,14,20,45,Tsjechië,Kosovo,2,1,EK-Kwalificatie
2020,11,14,18,0,Turkije,IJsland,0,0,EK-Kwalificatie
2024,6,20,21,0,Spanje,Italië,1,0,EK-Groepsfase
2024,6,20,18,0,Denemarken,Engeland,1,1,EK-Groepsfase
2024,6,20,15,0,Slovenië,Servië,1,1,EK-Groepsfase
2024,6,19,21,0,Schotland,Zwitserland,1,1,EK-Groepsfase
2024,6,19,18,0,Duitsland,Hongarije,2,0,EK-Groepsfase
2024,6,19,15,0,Kroatië,Albanië,2,2,EK-Groepsfase
2024,6,18,21,0,Portugal,Tsjechië,2,1,EK-Groepsfase
2024,6,18,18,0,Turkije,Georgië,3,1,EK-Groepsfase
2024,6,17,21,0,Oostenrijk,Frankrijk,0,1,EK-Groepsfase
2024,6,17,18,0,België,Slowakije,0,1,EK-Groepsfase
2024,6,17,15,0,Roemenië,Oekraïne,3,0,EK-Groepsfase
2024,6,16,21,0,Servië,Engeland,0,1,EK-Groepsfase
2024,6,16,18,0,Slovenië,Denemarken,1,1,EK-Groepsfase
2024,6,16,15,0,Polen,Nederland,1,2,EK-Groepsfase
2024,6,15,21,0,Italië,Albanië,2,1,EK-Groepsfase
2024,6,15,18,0,Spanje,Kroatië,3,0,EK-Groepsfase
2024,6,15,15,0,Hongarije,Zwitserland,1,3,EK-Groepsfase
2024,6,14,21,0,Duitsland,Schotland,5,1,EK-Groepsfase
2024,3,26,20,45,Oekraïne,IJsland,2,1,EK-Kwalificatie
2024,3,26,20,45,Wales,Polen,0,1,EK-Kwalificatie
2024,3,26,18,0,Georgië,Griekenland,1,0,EK-Kwalificatie
2024,3,21,20,45,Bosnië en Herzegovina,Oekraïne,1,2,EK-Kwalificatie
2024,3,21,20,45,Griekenland,Kazachstan,5,0,EK-Kwalificatie
2024,3,21,20,45,Israël,IJsland,1,4,EK-Kwalificatie
2024,3,21,20,45,Polen,Estland,5,1,EK-Kwalificatie
2024,3,21,20,45,Wales,Finland,4,1,EK-Kwalificatie
2024,3,21,18,0,Georgië,Luxemburg,2,0,EK-Kwalificatie
2024,11,21,20,45,Andorra,Israël,0,2,EK-Kwalificatie
2024,11,21,20,45,Gibraltar,Nederland,0,6,EK-Kwalificatie
2024,11,21,20,45,Griekenland,Frankrijk,2,2,EK-Kwalificatie
2024,11,21,20,45,Kosovo,Belarus,0,1,EK-Kwalificatie
2024,11,21,20,45,Kroatië,Armenië,1,0,EK-Kwalificatie
2024,11,21,20,45,Roemenië,Zwitserland,1,0,EK-Kwalificatie
2024,11,21,20,45,Wales,Turkije,1,1,EK-Kwalificatie
2024,11,20,20,45,Albanië,Faeröer Eilanden,0,0,EK-Kwalificatie
2024,11,20,20,45,Noord-Ierland,Denemarken,2,0,EK-Kwalificatie
2024,11,20,20,45,Noord-Macedonië,Engeland,1,1,EK-Kwalificatie
2024,11,20,20,45,Oekraïne,Italië,0,0,EK-Kwalificatie
2024,11,20,20,45,San Marino,Finland,1,2,EK-Kwalificatie
2024,11,20,20,45,Slovenië,Kazachstan,2,1,EK-Kwalificatie
2024,11,20,20,45,Tsjechië,Moldavië,3,0,EK-Kwalificatie
2024,11,19,20,45,Bosnië en Herzegovina,Slowakije,1,2,EK-Kwalificatie
2024,11,19,20,45,Liechtenstein,Luxemburg,0,1,EK-Kwalificatie
2024,11,19,20,45,Portugal,IJsland,2,0,EK-Kwalificatie
2024,11,19,20,45,Schotland,Noorwegen,3,3,EK-Kwalificatie
2024,11,19,20,45,Spanje,Georgië,3,1,EK-Kwalificatie
2024,11,19,18,0,België,Azerbeidzjan,5,0,EK-Kwalificatie
2024,11,19,18,0,Zweden,Estland,2,0,EK-Kwalificatie
2024,11,19,15,0,Hongarije,Montenegro,3,1,EK-Kwalificatie
2024,11,19,15,0,Servië,Bulgarije,2,2,EK-Kwalificatie
2024,11,18,20,45,Frankrijk,Gibraltar,14,0,EK-Kwalificatie
2024,11,18,20,45,Israël,Roemenië,1,2,EK-Kwalificatie
2024,11,18,20,45,Nederland,Ierland,1,0,EK-Kwalificatie
2024,11,18,20,45,Zwitserland,Kosovo,1,1,EK-Kwalificatie
2024,11,18,18,0,Belarus,Andorra,1,0,EK-Kwalificatie
2024,11,18,18,0,Letland,Kroatië,0,2,EK-Kwalificatie
2024,11,18,15,0,Armenië,Wales,1,1,EK-Kwalificatie
2024,11,17,20,45,Denemarken,Slovenië,2,1,EK-Kwalificatie
2024,11,17,20,45,Engeland,Malta,2,0,EK-Kwalificatie
2024,11,17,20,45,Italië,Noord-Macedonië,5,2,EK-Kwalificatie
2024,11,17,20,45,Polen,Tsjechië,1,1,EK-Kwalificatie
2024,11,17,18,0,Finland,Noord-Ierland,4,0,EK-Kwalificatie
2024,11,17,18,0,Moldavië,Albanië,1,1,EK-Kwalificatie
2024,11,17,16,0,Kazachstan,San Marino,3,1,EK-Kwalificatie
2024,11,16,20,45,Liechtenstein,Portugal,0,2,EK-Kwalificatie
2024,11,16,20,45,Luxemburg,Bosnië en Herzegovina,4,1,EK-Kwalificatie
2024,11,16,20,45,Montenegro,Litouwen,2,0,EK-Kwalificatie
2024,11,16,20,45,Slowakije,IJsland,4,2,EK-Kwalificatie
2024,11,16,18,0,Azerbeidzjan,Zweden,3,0,EK-Kwalificatie
2024,11,16,18,0,Bulgarije,Hongarije,2,2,EK-Kwalificatie
2024,11,16,18,0,Cyprus,Spanje,1,3,EK-Kwalificatie
2024,11,16,18,0,Estland,Oostenrijk,0,2,EK-Kwalificatie
2024,11,16,18,0,Georgië,Schotland,2,2,EK-Kwalificatie
2024,11,15,20,45,Israël,Zwitserland,1,1,EK-Kwalificatie
2024,11,12,20,45,Kosovo,Israël,1,0,EK-Kwalificatie
2024,10,17,20,45,Engeland,Italië,3,1,EK-Kwalificatie
2024,10,17,20,45,Litouwen,Hongarije,2,2,EK-Kwalificatie
2024,10,17,20,45,Malta,Oekraïne,1,3,EK-Kwalificatie
2024,10,17,20,45,Noord-Ierland,Slovenië,0,1,EK-Kwalificatie
2024,10,17,20,45,San Marino,Denemarken,1,2,EK-Kwalificatie
2024,10,17,20,45,Servië,Montenegro,3,1,EK-Kwalificatie
2024,10,17,18,0,Finland,Kazachstan,1,2,EK-Kwalificatie
2024,10,16,20,45,België,Zweden,1,1,EK-Kwalificatie
2024,10,16,20,45,Bosnië en Herzegovina,Portugal,0,5,EK-Kwalificatie
2024,10,16,20,45,Gibraltar,Ierland,0,4,EK-Kwalificatie
2024,10,16,20,45,Griekenland,Nederland,0,1,EK-Kwalificatie
2024,10,16,20,45,IJsland,Liechtenstein,4,0,EK-Kwalificatie
2024,10,16,20,45,Luxemburg,Slowakije,0,1,EK-Kwalificatie
2024,10,16,18,0,Azerbeidzjan,Oostenrijk,0,1,EK-Kwalificatie
2024,10,15,20,45,Noorwegen,Spanje,0,1,EK-Kwalificatie
2024,10,15,20,45,Polen,Moldavië,1,1,EK-Kwalificatie
2024,10,15,20,45,Roemenië,Andorra,4,0,EK-Kwalificatie
2024,10,15,20,45,Turkije,Letland,4,0,EK-Kwalificatie
2024,10,15,20,45,Wales,Kroatië,2,1,EK-Kwalificatie
2024,10,15,18,0,Tsjechië,Faeröer Eilanden,1,0,EK-Kwalificatie
2024,10,15,18,0,Zwitserland,Belarus,3,3,EK-Kwalificatie
2024,10,15,15,0,Georgië,Cyprus,4,0,EK-Kwalificatie
2024,10,14,20,45,Denemarken,Kazachstan,3,1,EK-Kwalificatie
2024,10,14,20,45,Hongarije,Servië,2,1,EK-Kwalificatie
2024,10,14,20,45,Italië,Malta,4,0,EK-Kwalificatie
2024,10,14,18,0,Bulgarije,Litouwen,0,2,EK-Kwalificatie
2024,10,14,18,0,Slovenië,Finland,3,0,EK-Kwalificatie
2024,10,14,15,0,Noord-Ierland,San Marino,3,0,EK-Kwalificatie
2024,10,14,15,0,Oekraïne,Noord-Macedonië,2,0,EK-Kwalificatie
2024,10,13,20,45,Ierland,Griekenland,0,2,EK-Kwalificatie
2024,10,13,20,45,IJsland,Luxemburg,1,1,EK-Kwalificatie
2024,10,13,20,45,Liechtenstein,Bosnië en Herzegovina,0,2,EK-Kwalificatie
2024,10,13,20,45,Nederland,Frankrijk,1,2,EK-Kwalificatie
2024,10,13,20,45,Oostenrijk,België,2,3,EK-Kwalificatie
2024,10,13,20,45,Portugal,Slowakije,3,2,EK-Kwalificatie
2024,10,13,18,0,Estland,Azerbeidzjan,0,2,EK-Kwalificatie
2024,6,22,21,0,België,Roemenië,2,0,EK-Groepsfase
2024,6,22,18,0,Turkije,Portugal,0,3,EK-Groepsfase
2024,6,22,15,0,Georgië,Tsjechië,1,1,EK-Groepsfase
2024,6,21,21,0,Nederland,Frankrijk,0,0,EK-Groepsfase
2024,6,21,18,0,Polen,Oostenrijk,1,3,EK-Groepsfase
2024,6,21,15,0,Slowakije,Oekraïne,1,2,EK-Groepsfase
